transaction_id,date,store_id,product_category,sku,units_sold,revenue,discount_pct,customer_id,customer_segment,region,channel
TXN-000657,2024-01-01,SOUTH-02,Home & Kitchen,HOME-2004,1,16.06,19.65,CUST-00300,New,South,In-store
TXN-000885,2024-01-01,CENTRAL-02,Apparel,APP-3002,4,158.77,0.74,CUST-00806,New,Central,In-store
TXN-001407,2024-01-01,WEST-03,Apparel,APP-3002,2,79.54,0.55,CUST-01041,New,West,In-store
TXN-003507,2024-01-01,CENTRAL-03,Electronics,ELEC-1002,1,89.24,0.29,CUST-01401,New,Central,Online
TXN-004157,2024-01-01,SOUTH-02,Beauty,BEAU-4003,3,83.83,20.16,CUST-00150,New,South,In-store
TXN-000606,2024-01-02,NORTH-03,Home & Kitchen,HOME-2004,1,18.86,5.67,CUST-01774,New,North,Online
TXN-001562,2024-01-02,EAST-01,Apparel,APP-3001,1,24.99,0.0,CUST-00211,New,East,Online
TXN-003600,2024-01-02,CENTRAL-01,Sports,SPRT-5002,10,899.9,0.0,CUST-01353,New,Central,In-store
TXN-004023,2024-01-02,NORTH-02,Apparel,APP-3003,2,96.29,18.4,CUST-00088,New,North,Online
TXN-005052,2024-01-02,NORTH-02,Apparel,APP-3001,2,42.49,14.99,CUST-00737,New,North,In-store
TXN-005314,2024-01-02,EAST-02,Electronics,ELEC-1002,3,268.5,0.0,CUST-00747,New,East,Online
TXN-005415,2024-01-02,SOUTH-02,Apparel,APP-3002,5,194.47,2.74,CUST-00600,New,South,In-store
TXN-000388,2024-01-03,EAST-01,Electronics,ELEC-1002,3,268.5,0.0,CUST-00460,New,East,Online
TXN-001080,2024-01-03,SOUTH-02,Electronics,ELEC-1003,3,1693.2,5.78,CUST-01417,New,South,In-store
TXN-001219,2024-01-03,SOUTH-01,Beauty,BEAU-4002,3,67.5,0.0,CUST-00489,New,South,Online
TXN-001478,2024-01-03,NORTH-02,Apparel,APP-3002,4,159.85,0.07,CUST-00313,New,North,In-store
TXN-002040,2024-01-03,EAST-02,Sports,SPRT-5002,5,329.05,26.87,CUST-00621,New,East,In-store
TXN-002514,2024-01-03,CENTRAL-03,Beauty,BEAU-4002,2,40.46,10.08,CUST-01011,New,Central,In-store
TXN-002977,2024-01-03,NORTH-01,Electronics,ELEC-1002,3,212.53,20.85,CUST-01652,New,North,In-store
TXN-003138,2024-01-03,CENTRAL-03,Home & Kitchen,HOME-2002,2,143.63,9.09,CUST-00966,New,Central,Online
TXN-003420,2024-01-03,NORTH-03,Home & Kitchen,HOME-2003,4,512.54,1.05,CUST-00998,New,North,In-store
TXN-004195,2024-01-03,WEST-02,Electronics,ELEC-1002,4,279.87,21.82,CUST-00366,New,West,Online
TXN-004405,2024-01-03,WEST-01,Electronics,ELEC-1001,4,992.39,0.76,CUST-00949,New,West,Online
TXN-004635,2024-01-03,WEST-02,Home & Kitchen,HOME-2003,2,244.1,5.75,CUST-00051,New,West,Online
TXN-005234,2024-01-03,WEST-02,Apparel,APP-3003,1,59.0,0.0,CUST-01351,New,West,In-store
TXN-000585,2024-01-04,EAST-02,Sports,SPRT-5002,1,88.88,1.23,CUST-01597,New,East,In-store
TXN-001961,2024-01-04,NORTH-03,Beauty,BEAU-4003,1,30.29,13.46,CUST-00145,New,North,Online
TXN-002052,2024-01-04,WEST-01,Home & Kitchen,HOME-2004,2,32.59,18.49,CUST-00023,New,West,Online
TXN-002358,2024-01-04,EAST-01,Home & Kitchen,HOME-2001,1,32.83,6.18,CUST-00281,New,East,Online
TXN-002763,2024-01-04,NORTH-03,Electronics,ELEC-1001,1,246.87,1.25,CUST-01771,New,North,In-store
TXN-003963,2024-01-04,EAST-03,Sports,SPRT-5004,1,26.85,8.99,CUST-01138,New,East,In-store
TXN-005439,2024-01-04,SOUTH-03,Home & Kitchen,HOME-2004,1,15.84,20.76,CUST-00585,New,South,In-store
TXN-000187,2024-01-05,WEST-03,Apparel,APP-3001,3,67.35,10.16,CUST-01779,New,West,Online
TXN-000359,2024-01-05,SOUTH-01,Apparel,APP-3004,4,57.86,0.25,CUST-00517,New,South,In-store
TXN-000804,2024-01-05,CENTRAL-01,Home & Kitchen,HOME-2001,1,32.02,8.49,CUST-00983,New,Central,In-store
TXN-001183,2024-01-05,NORTH-02,Home & Kitchen,HOME-2003,1,124.52,3.84,CUST-00656,New,North,In-store
TXN-002081,2024-01-05,CENTRAL-02,Home & Kitchen,HOME-2001,6,198.81,5.3,CUST-01501,New,Central,In-store
TXN-002573,2024-01-05,NORTH-03,Beauty,BEAU-4004,2,13.36,25.68,CUST-00036,New,North,Online
TXN-002698,2024-01-05,SOUTH-03,Apparel,APP-3003,8,472.0,0.0,CUST-01083,New,South,In-store
TXN-002969,2024-01-05,CENTRAL-01,Apparel,APP-3002,1,35.87,10.29,CUST-01281,New,Central,In-store
TXN-003666,2024-01-05,NORTH-03,Home & Kitchen,HOME-2002,4,284.04,10.12,CUST-00424,New,North,In-store
TXN-004621,2024-01-05,NORTH-01,Electronics,ELEC-1002,1,89.5,0.0,CUST-01159,New,North,Online
TXN-004847,2024-01-05,WEST-02,Home & Kitchen,HOME-2003,3,388.5,0.0,CUST-01458,New,West,Online
TXN-005438,2024-01-05,NORTH-01,Electronics,ELEC-1004,1,33.94,15.13,CUST-01392,New,North,In-store
TXN-005507,2024-01-05,SOUTH-03,Electronics,ELEC-1004,3,119.97,0.0,CUST-01075,New,South,Online
TXN-000397,2024-01-06,NORTH-02,Electronics,ELEC-1004,1,39.99,0.0,CUST-01267,New,North,In-store
TXN-001776,2024-01-06,CENTRAL-02,Apparel,APP-3002,4,159.96,0.0,CUST-00369,New,Central,In-store
TXN-002430,2024-01-06,EAST-01,Beauty,BEAU-4001,1,12.92,0.53,CUST-00631,New,East,In-store
TXN-002562,2024-01-06,SOUTH-03,Home & Kitchen,HOME-2004,3,54.32,9.43,CUST-01358,New,South,Online
TXN-003583,2024-01-06,NORTH-02,Electronics,ELEC-1001,2,429.62,14.07,CUST-01035,New,North,In-store
TXN-004423,2024-01-06,CENTRAL-03,Beauty,BEAU-4003,3,103.29,1.63,CUST-01494,New,Central,In-store
TXN-004554,2024-01-06,WEST-03,Apparel,APP-3003,3,169.9,4.01,CUST-01641,New,West,In-store
TXN-004752,2024-01-06,WEST-02,Apparel,APP-3003,3,177.0,0.0,CUST-00103,New,West,Online
TXN-005355,2024-01-06,WEST-02,Apparel,APP-3004,2,28.86,0.47,CUST-01274,New,West,In-store
TXN-000289,2024-01-07,WEST-01,Apparel,APP-3002,1,39.99,0.0,CUST-01135,New,West,Online
TXN-000492,2024-01-07,EAST-02,Beauty,BEAU-4002,6,108.51,19.62,CUST-01084,New,East,In-store
TXN-000848,2024-01-07,NORTH-01,Apparel,APP-3001,3,74.97,0.0,CUST-00989,New,North,Online
TXN-001505,2024-01-07,EAST-02,Apparel,APP-3002,3,114.68,4.41,CUST-01312,New,East,Online
TXN-002397,2024-01-07,NORTH-02,Beauty,BEAU-4003,1,35.0,0.0,CUST-01492,New,North,In-store
TXN-002505,2024-01-07,EAST-01,Beauty,BEAU-4001,1,12.99,0.0,CUST-01602,New,East,Online
TXN-003376,2024-01-07,WEST-02,Home & Kitchen,HOME-2004,1,17.04,14.74,CUST-01161,New,West,Online
TXN-004084,2024-01-07,WEST-03,Electronics,ELEC-1003,5,2969.65,0.85,CUST-01618,New,West,In-store
TXN-004345,2024-01-07,NORTH-01,Home & Kitchen,HOME-2001,2,69.51,0.67,CUST-01464,New,North,In-store
TXN-004465,2024-01-07,SOUTH-02,Electronics,ELEC-1001,5,1249.95,0.0,CUST-00850,New,South,Online
TXN-004902,2024-01-07,WEST-01,Electronics,ELEC-1002,2,176.54,1.38,CUST-01582,New,West,Online
TXN-000177,2024-01-08,EAST-01,Home & Kitchen,HOME-2001,5,137.48,21.42,CUST-01120,New,East,In-store
TXN-000778,2024-01-08,EAST-02,Sports,SPRT-5001,5,173.95,30.41,CUST-00858,New,East,In-store
TXN-001892,2024-01-08,SOUTH-02,Sports,SPRT-5001,1,44.47,11.04,CUST-01459,New,South,In-store
TXN-002025,2024-01-08,WEST-02,Home & Kitchen,HOME-2004,10,160.85,19.54,CUST-01663,New,West,In-store
TXN-004474,2024-01-08,NORTH-02,Electronics,ELEC-1001,2,467.24,6.55,CUST-00987,New,North,In-store
TXN-004675,2024-01-08,NORTH-02,Apparel,APP-3004,1,14.5,0.0,CUST-01097,New,North,Online
TXN-004872,2024-01-08,CENTRAL-03,Electronics,ELEC-1004,8,319.92,0.0,CUST-00767,New,Central,Online
TXN-001924,2024-01-09,WEST-01,Sports,SPRT-5001,3,127.28,15.13,CUST-00027,New,West,In-store
TXN-003022,2024-01-09,WEST-03,Apparel,APP-3003,6,319.14,9.85,CUST-00322,New,West,In-store
TXN-004128,2024-01-09,WEST-01,Apparel,APP-3001,3,63.57,15.21,CUST-01189,New,West,Online
TXN-004556,2024-01-09,CENTRAL-02,Beauty,BEAU-4003,2,56.47,19.33,CUST-00842,New,Central,Online
TXN-005292,2024-01-09,SOUTH-01,Home & Kitchen,HOME-2002,6,380.03,19.83,CUST-00010,New,South,In-store
TXN-005509,2024-01-09,WEST-01,Electronics,ELEC-1002,2,170.97,4.49,CUST-01179,New,West,In-store
TXN-005873,2024-01-09,EAST-01,Home & Kitchen,HOME-2001,5,174.95,0.0,CUST-01670,New,East,In-store
TXN-000240,2024-01-10,NORTH-01,Electronics,ELEC-1001,1,226.41,9.43,CUST-01341,New,North,Online
TXN-001020,2024-01-10,NORTH-02,Sports,SPRT-5001,5,224.58,10.15,CUST-00474,New,North,In-store
TXN-001556,2024-01-10,EAST-01,Apparel,APP-3002,4,112.88,29.43,CUST-00371,New,East,In-store
TXN-003469,2024-01-10,EAST-01,Apparel,APP-3002,2,79.63,0.44,CUST-01602,Returning,East,In-store
TXN-003641,2024-01-10,NORTH-01,Home & Kitchen,HOME-2003,1,128.14,1.05,CUST-01527,New,North,In-store
TXN-004260,2024-01-10,WEST-01,Apparel,APP-3004,1,13.03,10.14,CUST-01453,New,West,Online
TXN-004396,2024-01-10,SOUTH-01,Electronics,ELEC-1003,1,535.29,10.64,CUST-00724,New,South,Online
TXN-004717,2024-01-10,EAST-02,Beauty,BEAU-4004,1,8.66,3.62,CUST-01062,New,East,In-store
TXN-005240,2024-01-10,CENTRAL-03,Sports,SPRT-5002,1,88.17,2.02,CUST-00871,New,Central,Online
TXN-005759,2024-01-10,EAST-02,Electronics,ELEC-1002,2,179.0,0.0,CUST-01653,New,East,Online
TXN-000050,2024-01-11,WEST-03,Apparel,APP-3002,1,36.55,8.6,CUST-00556,New,West,Online
TXN-000901,2024-01-11,SOUTH-03,Home & Kitchen,HOME-2002,3,219.85,7.23,CUST-01039,New,South,Online
TXN-000921,2024-01-11,SOUTH-01,Home & Kitchen,HOME-2003,4,391.04,24.51,CUST-00657,New,South,Online
TXN-001321,2024-01-11,SOUTH-02,Home & Kitchen,HOME-2001,4,135.27,3.35,CUST-00074,New,South,In-store
TXN-002618,2024-01-11,WEST-02,Electronics,ELEC-1002,3,252.01,6.14,CUST-00259,New,West,In-store
TXN-003884,2024-01-11,SOUTH-01,Beauty,BEAU-4001,1,12.69,2.33,CUST-00800,New,South,In-store
TXN-004970,2024-01-11,NORTH-02,Beauty,BEAU-4002,5,95.11,15.46,CUST-01206,New,North,Online
TXN-005908,2024-01-11,EAST-01,Apparel,APP-3003,1,59.0,0.0,CUST-00355,New,East,Online
TXN-000147,2024-01-12,SOUTH-01,Home & Kitchen,HOME-2004,4,75.33,5.79,CUST-00266,New,South,In-store
TXN-000261,2024-01-12,SOUTH-01,Home & Kitchen,HOME-2004,3,50.74,15.39,CUST-00212,New,South,Online
TXN-000957,2024-01-12,EAST-03,Beauty,BEAU-4002,8,166.03,7.76,CUST-00995,New,East,In-store
TXN-000984,2024-01-12,SOUTH-01,Electronics,ELEC-1003,1,593.24,0.96,CUST-01245,New,South,In-store
TXN-001474,2024-01-12,EAST-03,Apparel,APP-3002,3,108.15,9.86,CUST-00818,New,East,Online
TXN-001988,2024-01-12,CENTRAL-02,Apparel,APP-3001,2,49.98,0.0,CUST-01738,New,Central,In-store
TXN-002462,2024-01-12,SOUTH-01,Electronics,ELEC-1004,5,170.25,14.85,CUST-00357,New,South,In-store
TXN-002623,2024-01-12,EAST-01,Home & Kitchen,HOME-2001,1,30.96,11.51,CUST-00621,Returning,East,In-store
TXN-002707,2024-01-12,WEST-01,Apparel,APP-3001,1,21.46,14.11,CUST-00754,New,West,In-store
TXN-004721,2024-01-12,CENTRAL-01,Home & Kitchen,HOME-2004,1,19.48,2.55,CUST-00238,New,Central,Online
TXN-005520,2024-01-12,SOUTH-01,Apparel,APP-3002,1,39.53,1.14,CUST-01184,New,South,In-store
TXN-005628,2024-01-12,NORTH-03,Apparel,APP-3004,3,34.35,21.04,CUST-00483,New,North,Online
TXN-005856,2024-01-12,WEST-02,Electronics,ELEC-1004,2,79.1,1.1,CUST-00128,New,West,In-store
TXN-005960,2024-01-12,WEST-02,Apparel,APP-3003,6,354.0,0.0,CUST-01383,New,West,In-store
TXN-001842,2024-01-13,WEST-03,Electronics,ELEC-1004,8,319.92,0.0,CUST-01556,New,West,Online
TXN-001914,2024-01-13,EAST-01,Sports,SPRT-5001,1,48.4,3.18,CUST-01360,New,East,Online
TXN-002812,2024-01-13,SOUTH-02,Sports,SPRT-5001,4,199.96,0.0,CUST-01385,New,South,In-store
TXN-002979,2024-01-13,NORTH-01,Apparel,APP-3004,2,25.19,13.15,CUST-01775,New,North,In-store
TXN-003421,2024-01-13,CENTRAL-02,Apparel,APP-3001,2,46.93,6.11,CUST-01132,New,Central,In-store
TXN-004144,2024-01-13,WEST-03,Home & Kitchen,HOME-2002,1,75.81,4.03,CUST-00658,New,West,In-store
TXN-004597,2024-01-13,WEST-03,Home & Kitchen,HOME-2002,2,135.65,14.14,CUST-01036,New,West,In-store
TXN-005044,2024-01-13,EAST-02,Electronics,ELEC-1001,6,1499.94,0.0,CUST-00714,New,East,In-store
TXN-005296,2024-01-13,NORTH-03,Apparel,APP-3004,2,29.0,0.0,CUST-00092,New,North,In-store
TXN-002293,2024-01-14,NORTH-02,Electronics,ELEC-1003,3,1623.74,9.64,CUST-01086,New,North,In-store
TXN-002316,2024-01-14,SOUTH-01,Apparel,APP-3003,4,202.26,14.3,CUST-00943,New,South,In-store
TXN-002434,2024-01-14,WEST-01,Apparel,APP-3003,4,226.57,4.0,CUST-01268,New,West,In-store
TXN-003608,2024-01-14,WEST-02,Apparel,APP-3002,2,70.79,11.49,CUST-01511,New,West,In-store
TXN-005000,2024-01-14,EAST-03,Apparel,APP-3001,2,49.76,0.43,CUST-01153,New,East,Online
TXN-005173,2024-01-14,CENTRAL-01,Apparel,APP-3001,2,42.59,14.79,CUST-01498,New,Central,Online
TXN-005575,2024-01-14,EAST-03,Apparel,APP-3001,4,89.05,10.91,CUST-00148,New,East,Online
TXN-000509,2024-01-15,NORTH-02,Apparel,APP-3004,1,14.29,1.44,CUST-01229,New,North,In-store
TXN-001517,2024-01-15,SOUTH-02,Beauty,BEAU-4001,1,10.34,20.38,CUST-00697,New,South,In-store
TXN-001536,2024-01-15,EAST-01,Electronics,ELEC-1003,4,1872.04,21.87,CUST-00828,New,East,In-store
TXN-002014,2024-01-15,WEST-01,Electronics,ELEC-1002,2,179.0,0.0,CUST-00605,New,West,Online
TXN-005611,2024-01-15,EAST-03,Electronics,ELEC-1004,2,67.02,16.21,CUST-00519,New,East,Online
TXN-000230,2024-01-16,WEST-03,Electronics,ELEC-1003,2,1104.72,7.79,CUST-00619,New,West,Online
TXN-000551,2024-01-16,WEST-02,Apparel,APP-3003,4,200.39,15.09,CUST-00866,New,West,In-store
TXN-000695,2024-01-16,NORTH-03,Apparel,APP-3003,1,52.84,10.45,CUST-01647,New,North,In-store
TXN-002328,2024-01-16,EAST-02,Home & Kitchen,HOME-2001,1,33.66,3.82,CUST-00639,New,East,In-store
TXN-002613,2024-01-16,EAST-02,Apparel,APP-3002,1,38.08,4.78,CUST-01290,New,East,Online
TXN-002775,2024-01-16,WEST-02,Beauty,BEAU-4001,2,23.12,10.99,CUST-01352,New,West,In-store
TXN-002821,2024-01-16,CENTRAL-02,Electronics,ELEC-1001,1,236.81,5.27,CUST-00440,New,Central,Online
TXN-003160,2024-01-16,CENTRAL-03,Home & Kitchen,HOME-2004,1,19.93,0.3,CUST-00740,New,Central,In-store
TXN-003699,2024-01-16,NORTH-03,Electronics,ELEC-1002,1,83.93,6.23,CUST-01345,New,North,In-store
TXN-003840,2024-01-16,EAST-01,Apparel,APP-3002,3,97.12,19.05,CUST-01061,New,East,In-store
TXN-003898,2024-01-16,NORTH-03,Electronics,ELEC-1002,1,80.09,10.52,CUST-00446,New,North,In-store
TXN-004701,2024-01-16,WEST-03,Home & Kitchen,HOME-2002,2,139.44,11.74,CUST-00720,New,West,In-store
TXN-005317,2024-01-16,NORTH-01,Home & Kitchen,HOME-2004,5,80.09,19.87,CUST-01356,New,North,In-store
TXN-000770,2024-01-17,CENTRAL-03,Sports,SPRT-5003,2,235.65,0.99,CUST-00156,New,Central,Online
TXN-001217,2024-01-17,SOUTH-01,Electronics,ELEC-1003,2,1198.0,0.0,CUST-00439,New,South,Online
TXN-003415,2024-01-17,EAST-03,Apparel,APP-3002,6,210.1,12.44,CUST-00142,New,East,In-store
TXN-003674,2024-01-17,NORTH-02,Electronics,ELEC-1001,2,384.67,23.06,CUST-01073,New,North,In-store
TXN-004137,2024-01-17,NORTH-02,Apparel,APP-3001,2,49.84,0.29,CUST-01754,New,North,Online
TXN-004172,2024-01-17,EAST-02,Electronics,ELEC-1004,1,39.99,0.0,CUST-00768,New,East,Online
TXN-004219,2024-01-17,NORTH-01,Beauty,BEAU-4003,6,198.73,5.37,CUST-00106,New,North,Online
TXN-000383,2024-01-18,SOUTH-03,Apparel,APP-3003,2,106.6,9.66,CUST-01107,New,South,Online
TXN-001342,2024-01-18,CENTRAL-03,Electronics,ELEC-1004,3,119.97,0.0,CUST-00852,New,Central,In-store
TXN-002311,2024-01-18,CENTRAL-03,Apparel,APP-3001,2,43.27,13.42,CUST-00391,New,Central,In-store
TXN-003101,2024-01-18,NORTH-02,Home & Kitchen,HOME-2002,1,78.68,0.41,CUST-00257,New,North,In-store
TXN-004082,2024-01-18,NORTH-03,Home & Kitchen,HOME-2002,8,597.72,5.42,CUST-01579,New,North,Online
TXN-004174,2024-01-18,EAST-02,Sports,SPRT-5002,2,148.42,17.53,CUST-00254,New,East,Online
TXN-005650,2024-01-18,EAST-01,Electronics,ELEC-1001,4,989.08,1.09,CUST-00304,New,East,Online
TXN-000070,2024-01-19,SOUTH-02,Beauty,BEAU-4004,2,17.73,1.38,CUST-00795,New,South,In-store
TXN-000637,2024-01-19,WEST-03,Apparel,APP-3004,3,43.43,0.16,CUST-00593,New,West,In-store
TXN-001396,2024-01-19,NORTH-02,Home & Kitchen,HOME-2002,4,312.17,1.21,CUST-01100,New,North,In-store
TXN-002237,2024-01-19,SOUTH-02,Apparel,APP-3003,3,168.4,4.86,CUST-01041,Returning,South,In-store
TXN-003325,2024-01-19,SOUTH-03,Home & Kitchen,HOME-2001,1,34.6,1.12,CUST-00280,New,South,In-store
TXN-005391,2024-01-19,WEST-01,Apparel,APP-3004,5,71.7,1.1,CUST-00918,New,West,In-store
TXN-000346,2024-01-20,NORTH-03,Home & Kitchen,HOME-2001,2,69.98,0.0,CUST-00247,New,North,In-store
TXN-003079,2024-01-20,NORTH-03,Sports,SPRT-5001,1,47.54,4.89,CUST-00926,New,North,In-store
TXN-003136,2024-01-20,NORTH-02,Electronics,ELEC-1003,2,951.79,20.55,CUST-00576,New,North,Online
TXN-000466,2024-01-21,EAST-03,Beauty,BEAU-4004,1,8.99,0.0,CUST-01168,New,East,In-store
TXN-001226,2024-01-21,NORTH-03,Beauty,BEAU-4002,4,71.46,20.6,CUST-00608,New,North,Online
TXN-001755,2024-01-21,WEST-01,Apparel,APP-3003,1,46.76,20.75,CUST-01177,New,West,Online
TXN-001857,2024-01-21,CENTRAL-03,Sports,SPRT-5001,3,119.17,20.54,CUST-00449,New,Central,In-store
TXN-002084,2024-01-21,NORTH-01,Electronics,ELEC-1004,5,162.69,18.63,CUST-00944,New,North,In-store
TXN-002476,2024-01-21,NORTH-02,Apparel,APP-3002,2,64.96,18.79,CUST-00049,New,North,In-store
TXN-003399,2024-01-21,EAST-01,Home & Kitchen,HOME-2004,2,36.45,8.83,CUST-01407,New,East,In-store
TXN-003773,2024-01-21,EAST-01,Beauty,BEAU-4001,3,26.91,30.96,CUST-00936,New,East,Online
TXN-003842,2024-01-21,EAST-01,Apparel,APP-3002,4,157.0,1.85,CUST-00093,New,East,In-store
TXN-004678,2024-01-21,NORTH-01,Sports,SPRT-5003,2,205.33,13.73,CUST-00963,New,North,In-store
TXN-005579,2024-01-21,NORTH-02,Apparel,APP-3004,2,25.72,11.32,CUST-00192,New,North,In-store
TXN-005606,2024-01-21,WEST-02,Home & Kitchen,HOME-2002,1,66.38,15.97,CUST-01666,New,West,Online
TXN-002422,2024-01-22,NORTH-02,Beauty,BEAU-4003,1,34.43,1.62,CUST-00791,New,North,In-store
TXN-002724,2024-01-22,SOUTH-02,Sports,SPRT-5004,4,99.48,15.69,CUST-01536,New,South,In-store
TXN-002878,2024-01-22,EAST-02,Beauty,BEAU-4002,3,53.4,20.9,CUST-01566,New,East,In-store
TXN-004123,2024-01-22,SOUTH-02,Sports,SPRT-5002,4,265.46,26.25,CUST-00854,New,South,In-store
TXN-004261,2024-01-22,NORTH-02,Home & Kitchen,HOME-2001,5,157.16,10.17,CUST-01328,New,North,In-store
TXN-004898,2024-01-22,SOUTH-03,Electronics,ELEC-1002,8,716.0,0.0,CUST-00286,New,South,Online
TXN-001043,2024-01-23,NORTH-03,Home & Kitchen,HOME-2001,4,139.01,0.68,CUST-01593,New,North,In-store
TXN-001908,2024-01-23,NORTH-02,Sports,SPRT-5001,1,49.99,0.0,CUST-01433,New,North,Online
TXN-002305,2024-01-23,WEST-01,Sports,SPRT-5004,3,83.01,6.2,CUST-01569,New,West,Online
TXN-002472,2024-01-23,EAST-02,Electronics,ELEC-1002,3,266.99,0.56,CUST-00441,New,East,In-store
TXN-002521,2024-01-23,WEST-01,Electronics,ELEC-1004,3,100.9,15.89,CUST-01286,New,West,In-store
TXN-003428,2024-01-23,NORTH-01,Apparel,APP-3003,4,207.35,12.14,CUST-00538,New,North,In-store
TXN-004099,2024-01-23,EAST-02,Sports,SPRT-5003,2,237.37,0.27,CUST-01730,New,East,In-store
TXN-004839,2024-01-23,WEST-03,Apparel,APP-3002,4,158.36,1.0,CUST-00119,New,West,In-store
TXN-000404,2024-01-24,SOUTH-03,Sports,SPRT-5004,4,110.6,6.27,CUST-01078,New,South,Online
TXN-001038,2024-01-24,EAST-02,Home & Kitchen,HOME-2004,2,39.89,0.23,CUST-00372,New,East,In-store
TXN-001440,2024-01-24,WEST-01,Electronics,ELEC-1004,1,37.6,5.98,CUST-00316,New,West,In-store
TXN-001464,2024-01-24,CENTRAL-01,Sports,SPRT-5001,5,218.93,12.41,CUST-00913,New,Central,Online
TXN-002139,2024-01-24,NORTH-03,Apparel,APP-3001,2,46.06,7.83,CUST-01244,New,North,In-store
TXN-002624,2024-01-24,EAST-01,Apparel,APP-3001,1,24.46,2.13,CUST-00040,New,East,In-store
TXN-002795,2024-01-24,SOUTH-03,Electronics,ELEC-1004,4,153.27,4.18,CUST-00680,New,South,Online
TXN-002907,2024-01-24,EAST-01,Electronics,ELEC-1001,1,249.99,0.0,CUST-01699,New,East,In-store
TXN-003405,2024-01-24,WEST-03,Sports,SPRT-5004,1,29.5,0.0,CUST-00337,New,West,In-store
TXN-003591,2024-01-24,SOUTH-03,Beauty,BEAU-4001,5,64.95,0.0,CUST-01574,New,South,In-store
TXN-003623,2024-01-24,EAST-03,Apparel,APP-3004,4,49.32,14.97,CUST-01488,New,East,In-store
TXN-005186,2024-01-24,WEST-01,Electronics,ELEC-1004,1,38.17,4.56,CUST-00095,New,West,In-store
TXN-000570,2024-01-25,WEST-02,Apparel,APP-3002,4,146.33,8.52,CUST-01117,New,West,In-store
TXN-002027,2024-01-25,CENTRAL-02,Apparel,APP-3002,1,39.99,0.0,CUST-01194,New,Central,In-store
TXN-004061,2024-01-25,EAST-02,Apparel,APP-3001,3,68.49,8.64,CUST-01438,New,East,In-store
TXN-004077,2024-01-25,NORTH-03,Electronics,ELEC-1004,4,143.59,10.23,CUST-00176,New,North,Online
TXN-005783,2024-01-25,WEST-02,Beauty,BEAU-4002,2,37.63,16.37,CUST-00005,New,West,In-store
TXN-005785,2024-01-25,NORTH-02,Apparel,APP-3004,1,14.5,0.0,CUST-00529,New,North,In-store
TXN-002604,2024-01-26,SOUTH-03,Electronics,ELEC-1004,4,154.85,3.2,CUST-00601,New,South,Online
TXN-003962,2024-01-26,SOUTH-01,Sports,SPRT-5003,5,595.0,0.0,CUST-00603,New,South,In-store
TXN-005746,2024-01-26,NORTH-02,Sports,SPRT-5001,4,192.12,3.92,CUST-00387,New,North,Online
TXN-001426,2024-01-27,WEST-01,Electronics,ELEC-1004,2,71.07,11.14,CUST-01781,New,West,In-store
TXN-001752,2024-01-27,WEST-03,Electronics,ELEC-1003,2,1002.38,16.33,CUST-00894,New,West,Online
TXN-002600,2024-01-27,EAST-03,Electronics,ELEC-1001,1,210.98,15.61,CUST-01090,New,East,Online
TXN-004986,2024-01-27,CENTRAL-02,Electronics,ELEC-1002,1,89.09,0.46,CUST-01607,New,Central,In-store
TXN-005428,2024-01-27,CENTRAL-03,Sports,SPRT-5004,1,27.54,6.66,CUST-01165,New,Central,In-store
TXN-000241,2024-01-28,NORTH-02,Electronics,ELEC-1003,1,589.96,1.51,CUST-00126,New,North,Online
TXN-000480,2024-01-28,NORTH-03,Electronics,ELEC-1002,3,264.24,1.59,CUST-00563,New,North,In-store
TXN-001629,2024-01-28,EAST-02,Apparel,APP-3003,4,220.82,6.43,CUST-01700,New,East,In-store
TXN-002769,2024-01-28,EAST-03,Apparel,APP-3004,2,28.57,1.48,CUST-01010,New,East,In-store
TXN-003328,2024-01-28,SOUTH-03,Sports,SPRT-5004,2,54.04,8.41,CUST-00455,New,South,In-store
TXN-000164,2024-01-29,SOUTH-02,Apparel,APP-3001,1,24.04,3.82,CUST-01185,New,South,In-store
TXN-000686,2024-01-29,CENTRAL-02,Apparel,APP-3002,3,116.23,3.12,CUST-01234,New,Central,Online
TXN-001045,2024-01-29,WEST-01,Apparel,APP-3004,2,27.75,4.31,CUST-00474,Returning,West,In-store
TXN-001129,2024-01-29,CENTRAL-01,Electronics,ELEC-1004,1,35.9,10.22,CUST-01316,New,Central,In-store
TXN-001680,2024-01-29,WEST-01,Apparel,APP-3003,3,161.86,8.55,CUST-00261,New,West,Online
TXN-002179,2024-01-29,NORTH-02,Home & Kitchen,HOME-2003,1,116.34,10.16,CUST-00220,New,North,In-store
TXN-002503,2024-01-29,NORTH-03,Home & Kitchen,HOME-2001,1,34.59,1.15,CUST-00266,Returning,North,In-store
TXN-002654,2024-01-29,WEST-02,Electronics,ELEC-1001,4,994.56,0.54,CUST-01116,New,West,In-store
TXN-002944,2024-01-29,SOUTH-02,Electronics,ELEC-1001,1,236.37,5.45,CUST-00032,New,South,Online
TXN-003786,2024-01-29,WEST-01,Home & Kitchen,HOME-2003,5,544.24,15.95,CUST-00491,New,West,In-store
TXN-004573,2024-01-29,NORTH-03,Home & Kitchen,HOME-2003,5,478.36,26.12,CUST-01121,New,North,Online
TXN-005090,2024-01-29,NORTH-02,Beauty,BEAU-4002,2,40.81,9.3,CUST-00505,New,North,In-store
TXN-005874,2024-01-29,SOUTH-03,Sports,SPRT-5002,1,76.16,15.36,CUST-01656,New,South,In-store
TXN-001113,2024-01-30,NORTH-01,Home & Kitchen,HOME-2002,2,125.12,20.81,CUST-01528,New,North,In-store
TXN-001172,2024-01-30,SOUTH-03,Sports,SPRT-5003,3,325.79,8.74,CUST-01737,New,South,Online
TXN-001296,2024-01-30,SOUTH-02,Electronics,ELEC-1004,1,33.9,15.23,CUST-01410,New,South,Online
TXN-001409,2024-01-30,WEST-01,Apparel,APP-3002,2,79.66,0.4,CUST-00215,New,West,In-store
TXN-002808,2024-01-30,CENTRAL-03,Home & Kitchen,HOME-2003,2,255.23,1.45,CUST-01467,New,Central,In-store
TXN-004488,2024-01-30,NORTH-03,Apparel,APP-3002,4,126.02,21.22,CUST-00184,New,North,In-store
TXN-000158,2024-01-31,NORTH-01,Electronics,ELEC-1002,1,85.35,4.64,CUST-01195,New,North,Online
TXN-001089,2024-01-31,NORTH-03,Apparel,APP-3001,3,63.32,15.54,CUST-00713,New,North,In-store
TXN-003381,2024-01-31,EAST-01,Apparel,APP-3001,2,49.98,0.0,CUST-00420,New,East,In-store
TXN-003974,2024-01-31,CENTRAL-03,Apparel,APP-3002,4,122.45,23.45,CUST-01134,New,Central,Online
TXN-004891,2024-01-31,SOUTH-02,Beauty,BEAU-4003,1,32.86,6.1,CUST-00847,New,South,In-store
TXN-005014,2024-01-31,NORTH-01,Electronics,ELEC-1003,4,2044.89,14.65,CUST-00530,New,North,In-store
TXN-000987,2024-02-01,SOUTH-02,Electronics,ELEC-1003,2,975.64,18.56,CUST-00004,New,South,In-store
TXN-002150,2024-02-01,EAST-03,Home & Kitchen,HOME-2004,8,159.92,0.0,CUST-00517,Returning,East,In-store
TXN-003552,2024-02-01,CENTRAL-02,Home & Kitchen,HOME-2003,1,128.42,0.83,CUST-00511,New,Central,In-store
TXN-003701,2024-02-01,NORTH-02,Home & Kitchen,HOME-2004,4,71.67,10.36,CUST-00358,New,North,In-store
TXN-004548,2024-02-01,CENTRAL-03,Apparel,APP-3002,2,60.25,24.67,CUST-00674,New,Central,In-store
TXN-005836,2024-02-01,CENTRAL-02,Home & Kitchen,HOME-2001,5,169.48,3.13,CUST-00288,New,Central,In-store
TXN-001078,2024-02-02,CENTRAL-03,Apparel,APP-3004,10,116.8,19.45,CUST-00618,New,Central,Online
TXN-001325,2024-02-02,EAST-03,Electronics,ELEC-1004,3,119.97,0.0,CUST-01498,Returning,East,In-store
TXN-002411,2024-02-02,EAST-01,Electronics,ELEC-1002,2,141.76,20.8,CUST-01499,New,East,In-store
TXN-004230,2024-02-02,WEST-01,Apparel,APP-3004,4,50.15,13.53,CUST-00994,New,West,In-store
TXN-004265,2024-02-02,CENTRAL-01,Apparel,APP-3004,1,13.04,10.07,CUST-00361,New,Central,Online
TXN-004397,2024-02-02,CENTRAL-03,Apparel,APP-3004,6,78.47,9.8,CUST-00535,New,Central,Online
TXN-004925,2024-02-02,CENTRAL-03,Electronics,ELEC-1004,1,39.99,0.0,CUST-01371,New,Central,In-store
TXN-005902,2024-02-02,CENTRAL-01,Home & Kitchen,HOME-2001,1,34.3,1.98,CUST-00542,New,Central,In-store
TXN-000554,2024-02-03,EAST-03,Sports,SPRT-5003,1,97.88,17.74,CUST-00749,New,East,In-store
TXN-000591,2024-02-03,SOUTH-03,Electronics,ELEC-1002,5,429.7,3.98,CUST-01619,New,South,In-store
TXN-000807,2024-02-03,NORTH-01,Apparel,APP-3001,8,168.82,15.56,CUST-00906,New,North,In-store
TXN-001656,2024-02-03,EAST-03,Sports,SPRT-5002,2,177.71,1.26,CUST-01685,New,East,Online
TXN-002010,2024-02-03,CENTRAL-01,Beauty,BEAU-4003,2,59.34,15.24,CUST-01006,New,Central,In-store
TXN-002194,2024-02-03,NORTH-01,Apparel,APP-3002,1,36.52,8.67,CUST-01580,New,North,In-store
TXN-005243,2024-02-03,CENTRAL-03,Home & Kitchen,HOME-2004,1,19.87,0.62,CUST-01048,New,Central,In-store
TXN-000697,2024-02-04,CENTRAL-01,Home & Kitchen,HOME-2001,2,69.98,0.0,CUST-01317,New,Central,Online
TXN-001107,2024-02-04,WEST-03,Electronics,ELEC-1003,4,2025.82,15.45,CUST-00878,New,West,In-store
TXN-001613,2024-02-04,CENTRAL-02,Home & Kitchen,HOME-2001,5,172.29,1.52,CUST-01670,Returning,Central,In-store
TXN-001919,2024-02-04,EAST-02,Home & Kitchen,HOME-2001,2,61.35,12.34,CUST-00179,New,East,Online
TXN-002908,2024-02-04,NORTH-02,Home & Kitchen,HOME-2001,2,69.03,1.36,CUST-00639,Returning,North,Online
TXN-004574,2024-02-04,WEST-03,Electronics,ELEC-1001,1,248.87,0.45,CUST-00958,New,West,Online
TXN-004712,2024-02-04,EAST-03,Home & Kitchen,HOME-2001,1,29.71,15.08,CUST-00920,New,East,Online
TXN-005457,2024-02-04,EAST-03,Apparel,APP-3001,1,22.81,8.74,CUST-00121,New,East,In-store
TXN-005892,2024-02-04,WEST-02,Beauty,BEAU-4001,2,20.91,19.52,CUST-01136,New,West,In-store
TXN-001318,2024-02-05,WEST-01,Sports,SPRT-5003,2,216.39,9.08,CUST-00572,New,West,Online
TXN-001982,2024-02-05,EAST-02,Beauty,BEAU-4001,2,25.11,3.34,CUST-01270,New,East,In-store
TXN-002038,2024-02-05,EAST-02,Home & Kitchen,HOME-2001,1,25.9,25.97,CUST-00078,New,East,In-store
TXN-002245,2024-02-05,EAST-02,Home & Kitchen,HOME-2004,6,119.94,0.0,CUST-00783,New,East,In-store
TXN-002787,2024-02-05,NORTH-02,Home & Kitchen,HOME-2003,2,219.3,15.33,CUST-01264,New,North,Online
TXN-005397,2024-02-05,EAST-01,Electronics,ELEC-1001,1,243.86,2.45,CUST-01655,New,East,In-store
TXN-000703,2024-02-06,EAST-03,Apparel,APP-3002,5,199.83,0.06,CUST-01411,New,East,In-store
TXN-002254,2024-02-06,NORTH-02,Apparel,APP-3001,6,149.29,0.43,CUST-01677,New,North,In-store
TXN-002704,2024-02-06,SOUTH-03,Beauty,BEAU-4002,1,22.43,0.33,CUST-01214,New,South,In-store
TXN-002950,2024-02-06,NORTH-02,Electronics,ELEC-1002,1,89.05,0.5,CUST-00268,New,North,In-store
TXN-002991,2024-02-06,EAST-03,Electronics,ELEC-1004,3,115.15,4.02,CUST-01763,New,East,In-store
TXN-003612,2024-02-06,WEST-03,Sports,SPRT-5004,2,49.56,16.0,CUST-01406,New,West,In-store
TXN-004284,2024-02-06,EAST-02,Electronics,ELEC-1001,3,707.95,5.6,CUST-00553,New,East,Online
TXN-004459,2024-02-06,EAST-01,Home & Kitchen,HOME-2001,6,209.94,0.0,CUST-01458,Returning,East,In-store
TXN-005327,2024-02-06,NORTH-02,Home & Kitchen,HOME-2004,4,60.89,23.85,CUST-00732,New,North,In-store
TXN-005659,2024-02-06,NORTH-01,Home & Kitchen,HOME-2001,2,61.63,11.93,CUST-00528,New,North,In-store
TXN-005674,2024-02-06,EAST-02,Home & Kitchen,HOME-2003,2,257.84,0.45,CUST-01437,New,East,In-store
TXN-000500,2024-02-07,SOUTH-02,Beauty,BEAU-4004,1,8.18,9.0,CUST-00145,Returning,South,In-store
TXN-001075,2024-02-07,NORTH-02,Electronics,ELEC-1004,1,35.19,12.01,CUST-00054,New,North,In-store
TXN-002529,2024-02-07,EAST-01,Apparel,APP-3003,2,104.16,11.73,CUST-01558,New,East,In-store
TXN-004124,2024-02-07,SOUTH-03,Apparel,APP-3004,2,28.99,0.05,CUST-01751,New,South,Online
TXN-004798,2024-02-07,WEST-03,Home & Kitchen,HOME-2002,2,127.02,19.61,CUST-00889,New,West,In-store
TXN-005056,2024-02-07,SOUTH-03,Home & Kitchen,HOME-2001,1,33.24,5.0,CUST-00639,Returning,South,In-store
TXN-005903,2024-02-07,SOUTH-01,Beauty,BEAU-4003,5,149.54,14.55,CUST-00476,New,South,Online
TXN-000160,2024-02-08,WEST-02,Electronics,ELEC-1002,2,177.76,0.69,CUST-01413,New,West,Online
TXN-000220,2024-02-08,SOUTH-01,Apparel,APP-3004,2,28.56,1.51,CUST-01285,New,South,Online
TXN-000484,2024-02-08,SOUTH-02,Sports,SPRT-5003,1,114.22,4.02,CUST-01048,Returning,South,In-store
TXN-000913,2024-02-08,EAST-02,Apparel,APP-3002,1,36.19,9.51,CUST-00037,New,East,In-store
TXN-001215,2024-02-08,CENTRAL-01,Apparel,APP-3004,1,14.43,0.47,CUST-00340,New,Central,In-store
TXN-001837,2024-02-08,EAST-03,Apparel,APP-3002,2,71.35,10.79,CUST-00898,New,East,In-store
TXN-002335,2024-02-08,SOUTH-01,Beauty,BEAU-4003,2,64.47,7.89,CUST-00041,New,South,In-store
TXN-002657,2024-02-08,CENTRAL-02,Electronics,ELEC-1003,6,3594.0,0.0,CUST-00433,New,Central,In-store
TXN-003170,2024-02-08,NORTH-01,Beauty,BEAU-4001,4,51.68,0.55,CUST-00536,New,North,Online
TXN-003432,2024-02-08,WEST-03,Apparel,APP-3001,1,22.26,10.91,CUST-00627,New,West,In-store
TXN-003537,2024-02-08,WEST-01,Home & Kitchen,HOME-2003,1,129.5,0.0,CUST-00908,New,West,In-store
TXN-003739,2024-02-08,CENTRAL-02,Apparel,APP-3001,3,67.43,10.06,CUST-00042,New,Central,In-store
TXN-004657,2024-02-08,CENTRAL-01,Beauty,BEAU-4003,10,317.14,9.39,CUST-01324,New,Central,Online
TXN-004848,2024-02-08,CENTRAL-02,Sports,SPRT-5001,2,99.41,0.57,CUST-00049,Returning,Central,In-store
TXN-001320,2024-02-09,NORTH-01,Electronics,ELEC-1004,1,38.08,4.78,CUST-00466,New,North,In-store
TXN-003189,2024-02-09,SOUTH-01,Apparel,APP-3002,1,39.99,0.0,CUST-00216,New,South,In-store
TXN-003602,2024-02-09,EAST-03,Electronics,ELEC-1004,3,96.44,19.61,CUST-00802,New,East,In-store
TXN-003724,2024-02-09,WEST-01,Apparel,APP-3002,3,91.09,24.07,CUST-01340,New,West,In-store
TXN-004521,2024-02-09,EAST-01,Apparel,APP-3001,2,49.98,0.0,CUST-01286,Returning,East,Online
TXN-005235,2024-02-09,WEST-01,Home & Kitchen,HOME-2001,6,209.94,0.0,CUST-00005,Returning,West,In-store
TXN-005737,2024-02-09,NORTH-03,Electronics,ELEC-1001,1,249.99,0.0,CUST-01201,New,North,In-store
TXN-001788,2024-02-10,EAST-03,Apparel,APP-3003,1,48.04,18.57,CUST-00847,Returning,East,Online
TXN-002449,2024-02-10,SOUTH-02,Beauty,BEAU-4004,2,17.95,0.19,CUST-00211,Returning,South,In-store
TXN-003516,2024-02-10,WEST-02,Home & Kitchen,HOME-2003,1,116.78,9.82,CUST-01215,New,West,In-store
TXN-004255,2024-02-10,WEST-03,Electronics,ELEC-1004,2,75.58,5.5,CUST-00889,Returning,West,In-store
TXN-004580,2024-02-10,EAST-03,Home & Kitchen,HOME-2001,1,28.46,18.66,CUST-00704,New,East,In-store
TXN-005008,2024-02-10,EAST-02,Beauty,BEAU-4002,1,19.29,14.27,CUST-00432,New,East,In-store
TXN-005806,2024-02-10,EAST-02,Electronics,ELEC-1002,10,895.0,0.0,CUST-00167,New,East,Online
TXN-000568,2024-02-11,EAST-03,Electronics,ELEC-1001,1,249.99,0.0,CUST-00353,New,East,In-store
TXN-000726,2024-02-11,EAST-01,Home & Kitchen,HOME-2003,2,207.45,19.9,CUST-00510,New,East,Online
TXN-000904,2024-02-11,CENTRAL-02,Sports,SPRT-5002,3,247.41,8.35,CUST-01540,New,Central,Online
TXN-001514,2024-02-11,SOUTH-01,Electronics,ELEC-1004,2,75.6,5.48,CUST-01108,New,South,In-store
TXN-001882,2024-02-11,SOUTH-02,Home & Kitchen,HOME-2004,2,36.26,9.3,CUST-01356,Returning,South,In-store
TXN-002816,2024-02-11,SOUTH-02,Home & Kitchen,HOME-2001,3,89.01,15.21,CUST-01121,Returning,South,In-store
TXN-003864,2024-02-11,CENTRAL-02,Sports,SPRT-5002,2,158.88,11.73,CUST-00273,New,Central,Online
TXN-004087,2024-02-11,CENTRAL-02,Apparel,APP-3004,6,74.52,14.34,CUST-00042,Returning,Central,In-store
TXN-004536,2024-02-11,SOUTH-01,Beauty,BEAU-4001,1,12.95,0.28,CUST-00278,New,South,In-store
TXN-005093,2024-02-11,SOUTH-01,Apparel,APP-3002,4,145.12,9.28,CUST-00477,New,South,Online
TXN-005698,2024-02-11,EAST-02,Apparel,APP-3004,1,13.04,10.07,CUST-01393,New,East,In-store
TXN-000141,2024-02-12,WEST-02,Home & Kitchen,HOME-2004,3,54.64,8.89,CUST-00637,New,West,In-store
TXN-000978,2024-02-12,SOUTH-01,Home & Kitchen,HOME-2003,2,254.52,1.73,CUST-01057,New,South,Online
TXN-001003,2024-02-12,CENTRAL-01,Home & Kitchen,HOME-2001,3,90.35,13.92,CUST-00906,Returning,Central,In-store
TXN-001557,2024-02-12,CENTRAL-02,Home & Kitchen,HOME-2003,5,647.5,0.0,CUST-01762,New,Central,In-store
TXN-001898,2024-02-12,WEST-01,Electronics,ELEC-1001,2,498.72,0.25,CUST-01099,New,West,In-store
TXN-002695,2024-02-12,NORTH-01,Electronics,ELEC-1003,4,2264.47,5.49,CUST-01084,Returning,North,In-store
TXN-003817,2024-02-12,CENTRAL-02,Home & Kitchen,HOME-2001,2,69.98,0.0,CUST-01043,New,Central,In-store
TXN-005924,2024-02-12,EAST-03,Home & Kitchen,HOME-2003,3,316.57,18.52,CUST-01768,New,East,Online
TXN-000669,2024-02-13,CENTRAL-03,Home & Kitchen,HOME-2003,2,218.94,15.47,CUST-00867,New,Central,In-store
TXN-002458,2024-02-13,NORTH-01,Home & Kitchen,HOME-2004,5,99.95,0.0,CUST-00082,New,North,Online
TXN-003458,2024-02-13,WEST-01,Apparel,APP-3001,5,117.61,5.87,CUST-01426,New,West,Online
TXN-005181,2024-02-13,WEST-03,Home & Kitchen,HOME-2004,3,56.47,5.83,CUST-00837,New,West,In-store
TXN-005409,2024-02-13,CENTRAL-02,Apparel,APP-3003,1,51.69,12.39,CUST-01401,Returning,Central,In-store
TXN-000140,2024-02-14,WEST-01,Electronics,ELEC-1002,3,241.43,10.08,CUST-01047,New,West,In-store
TXN-001046,2024-02-14,NORTH-02,Electronics,ELEC-1001,4,949.2,5.08,CUST-01469,New,North,Online
TXN-001425,2024-02-14,SOUTH-01,Electronics,ELEC-1004,3,96.85,19.27,CUST-00325,New,South,Online
TXN-002039,2024-02-14,SOUTH-01,Beauty,BEAU-4003,3,93.2,11.24,CUST-00891,New,South,In-store
TXN-003222,2024-02-14,NORTH-01,Beauty,BEAU-4003,1,33.45,4.42,CUST-00694,New,North,In-store
TXN-003984,2024-02-14,NORTH-03,Apparel,APP-3002,4,159.29,0.42,CUST-01600,New,North,In-store
TXN-003987,2024-02-14,WEST-02,Apparel,APP-3003,4,236.0,0.0,CUST-01261,New,West,In-store
TXN-004652,2024-02-14,NORTH-03,Apparel,APP-3004,2,22.47,22.53,CUST-00347,New,North,In-store
TXN-005403,2024-02-14,CENTRAL-01,Apparel,APP-3003,2,100.0,15.25,CUST-01322,New,Central,Online
TXN-001981,2024-02-15,NORTH-03,Beauty,BEAU-4002,5,112.4,0.09,CUST-00105,New,North,In-store
TXN-002580,2024-02-15,WEST-01,Home & Kitchen,HOME-2002,3,227.68,3.93,CUST-00782,New,West,In-store
TXN-004690,2024-02-15,WEST-03,Sports,SPRT-5003,2,211.09,11.31,CUST-00965,New,West,Online
TXN-000149,2024-02-16,NORTH-02,Sports,SPRT-5002,1,81.79,9.11,CUST-00147,New,North,Online
TXN-000542,2024-02-16,EAST-01,Home & Kitchen,HOME-2003,2,221.3,14.56,CUST-00902,New,East,In-store
TXN-000605,2024-02-16,NORTH-03,Beauty,BEAU-4003,1,35.0,0.0,CUST-01111,New,North,In-store
TXN-001986,2024-02-16,NORTH-01,Home & Kitchen,HOME-2002,2,155.48,1.6,CUST-00227,New,North,In-store
TXN-002782,2024-02-16,NORTH-03,Sports,SPRT-5004,4,93.89,20.43,CUST-00020,New,North,In-store
TXN-002945,2024-02-16,EAST-03,Home & Kitchen,HOME-2002,1,71.58,9.4,CUST-01336,New,East,In-store
TXN-003302,2024-02-16,WEST-02,Electronics,ELEC-1002,1,89.5,0.0,CUST-00625,New,West,Online
TXN-003561,2024-02-16,EAST-03,Beauty,BEAU-4001,4,46.45,10.61,CUST-00048,New,East,In-store
TXN-004200,2024-02-16,CENTRAL-01,Sports,SPRT-5002,4,359.93,0.01,CUST-00026,New,Central,In-store
TXN-001971,2024-02-17,NORTH-03,Beauty,BEAU-4001,4,51.74,0.43,CUST-01036,Returning,North,In-store
TXN-002499,2024-02-17,EAST-03,Electronics,ELEC-1002,3,258.08,3.88,CUST-01179,Returning,East,Online
TXN-002888,2024-02-17,NORTH-02,Sports,SPRT-5003,2,192.26,19.22,CUST-00825,New,North,In-store
TXN-003518,2024-02-17,EAST-01,Electronics,ELEC-1002,4,324.34,9.4,CUST-00714,Returning,East,Online
TXN-003748,2024-02-17,EAST-01,Home & Kitchen,HOME-2003,2,257.38,0.63,CUST-01673,New,East,In-store
TXN-005531,2024-02-17,CENTRAL-02,Electronics,ELEC-1001,1,196.24,21.5,CUST-00092,Returning,Central,In-store
TXN-005868,2024-02-17,WEST-02,Apparel,APP-3003,1,46.36,21.42,CUST-01688,New,West,In-store
TXN-000094,2024-02-18,NORTH-02,Apparel,APP-3002,2,79.98,0.0,CUST-01502,New,North,In-store
TXN-000209,2024-02-18,WEST-02,Sports,SPRT-5001,1,49.99,0.0,CUST-00934,New,West,In-store
TXN-000396,2024-02-18,SOUTH-02,Apparel,APP-3002,4,159.96,0.0,CUST-01602,Returning,South,Online
TXN-000527,2024-02-18,EAST-02,Sports,SPRT-5002,2,179.98,0.0,CUST-01662,New,East,In-store
TXN-000590,2024-02-18,EAST-02,Home & Kitchen,HOME-2001,6,180.76,13.9,CUST-00016,New,East,In-store
TXN-000819,2024-02-18,NORTH-01,Home & Kitchen,HOME-2004,1,18.93,5.32,CUST-00961,New,North,Online
TXN-003193,2024-02-18,EAST-02,Electronics,ELEC-1004,3,96.52,19.54,CUST-01609,New,East,In-store
TXN-004792,2024-02-18,SOUTH-02,Sports,SPRT-5004,5,123.11,16.54,CUST-00289,New,South,In-store
TXN-004989,2024-02-18,SOUTH-01,Electronics,ELEC-1002,2,179.0,0.0,CUST-00728,New,South,Online
TXN-000513,2024-02-19,NORTH-01,Electronics,ELEC-1001,1,237.39,5.04,CUST-01606,New,North,In-store
TXN-000548,2024-02-19,CENTRAL-02,Sports,SPRT-5004,4,116.47,1.3,CUST-00390,New,Central,Online
TXN-000876,2024-02-19,SOUTH-03,Apparel,APP-3002,1,29.75,25.6,CUST-01135,Returning,South,Online
TXN-001434,2024-02-19,SOUTH-03,Electronics,ELEC-1004,2,72.64,9.17,CUST-01367,New,South,In-store
TXN-002559,2024-02-19,CENTRAL-02,Apparel,APP-3001,3,74.97,0.0,CUST-00596,New,Central,In-store
TXN-003242,2024-02-19,CENTRAL-01,Beauty,BEAU-4001,1,12.3,5.31,CUST-01232,New,Central,In-store
TXN-004622,2024-02-19,CENTRAL-03,Electronics,ELEC-1001,4,971.05,2.89,CUST-01366,New,Central,In-store
TXN-000163,2024-02-20,WEST-02,Electronics,ELEC-1004,2,79.52,0.58,CUST-01296,New,West,In-store
TXN-001110,2024-02-20,SOUTH-01,Electronics,ELEC-1001,2,419.27,16.14,CUST-00552,New,South,In-store
TXN-001554,2024-02-20,CENTRAL-03,Home & Kitchen,HOME-2004,2,37.9,5.2,CUST-00103,Returning,Central,In-store
TXN-001847,2024-02-20,WEST-01,Sports,SPRT-5004,4,118.0,0.0,CUST-01059,New,West,In-store
TXN-002350,2024-02-20,WEST-03,Electronics,ELEC-1003,2,1184.32,1.14,CUST-00256,New,West,In-store
TXN-002761,2024-02-20,SOUTH-01,Home & Kitchen,HOME-2003,1,128.16,1.03,CUST-00308,New,South,Online
TXN-003162,2024-02-20,EAST-03,Home & Kitchen,HOME-2003,4,413.02,20.27,CUST-01493,New,East,Online
TXN-004940,2024-02-20,NORTH-01,Home & Kitchen,HOME-2004,4,75.47,5.61,CUST-00296,New,North,Online
TXN-000670,2024-02-21,WEST-03,Electronics,ELEC-1002,6,458.49,14.62,CUST-01665,New,West,In-store
TXN-000676,2024-02-21,SOUTH-01,Home & Kitchen,HOME-2003,1,106.18,18.01,CUST-00410,New,South,In-store
TXN-001203,2024-02-21,SOUTH-02,Home & Kitchen,HOME-2003,3,335.61,13.61,CUST-00584,New,South,In-store
TXN-001564,2024-02-21,CENTRAL-03,Beauty,BEAU-4003,1,35.0,0.0,CUST-00405,New,Central,In-store
TXN-002807,2024-02-21,SOUTH-03,Apparel,APP-3001,2,45.84,8.29,CUST-00320,New,South,Online
TXN-003412,2024-02-21,SOUTH-01,Apparel,APP-3001,1,22.35,10.58,CUST-01500,New,South,Online
TXN-003954,2024-02-21,CENTRAL-01,Apparel,APP-3002,1,36.79,8.01,CUST-00224,New,Central,In-store
TXN-005172,2024-02-21,SOUTH-02,Electronics,ELEC-1004,2,72.28,9.63,CUST-00546,New,South,Online
TXN-005198,2024-02-21,CENTRAL-03,Home & Kitchen,HOME-2001,3,103.2,1.69,CUST-00300,Returning,Central,In-store
TXN-000880,2024-02-22,SOUTH-02,Apparel,APP-3003,8,472.0,0.0,CUST-01660,New,South,In-store
TXN-002304,2024-02-22,SOUTH-02,Beauty,BEAU-4001,4,51.96,0.0,CUST-01503,New,South,Online
TXN-002510,2024-02-22,SOUTH-01,Electronics,ELEC-1002,1,89.5,0.0,CUST-00412,New,South,Online
TXN-002721,2024-02-22,WEST-02,Apparel,APP-3004,6,87.0,0.0,CUST-00825,Returning,West,Online
TXN-003294,2024-02-22,NORTH-03,Apparel,APP-3001,3,54.58,27.2,CUST-00677,New,North,Online
TXN-003530,2024-02-22,SOUTH-03,Apparel,APP-3001,5,124.95,0.0,CUST-01452,New,South,In-store
TXN-003643,2024-02-22,SOUTH-02,Electronics,ELEC-1001,2,497.6,0.48,CUST-01712,New,South,In-store
TXN-001455,2024-02-23,NORTH-02,Beauty,BEAU-4002,2,44.49,1.14,CUST-00907,New,North,In-store
TXN-002177,2024-02-23,NORTH-02,Electronics,ELEC-1002,5,447.5,0.0,CUST-00575,New,North,In-store
TXN-004141,2024-02-23,EAST-01,Electronics,ELEC-1002,2,179.0,0.0,CUST-00390,Returning,East,In-store
TXN-005577,2024-02-23,SOUTH-03,Sports,SPRT-5004,10,295.0,0.0,CUST-00147,Returning,South,In-store
TXN-000623,2024-02-24,CENTRAL-01,Sports,SPRT-5002,2,159.35,11.46,CUST-01176,New,Central,In-store
TXN-001410,2024-02-24,CENTRAL-02,Apparel,APP-3002,6,188.55,21.42,CUST-00763,New,Central,In-store
TXN-001489,2024-02-24,WEST-03,Sports,SPRT-5001,2,97.03,2.95,CUST-00780,New,West,In-store
TXN-001630,2024-02-24,WEST-01,Home & Kitchen,HOME-2003,3,376.07,3.2,CUST-01364,New,West,Online
TXN-002578,2024-02-24,NORTH-03,Apparel,APP-3003,5,295.0,0.0,CUST-00045,New,North,Online
TXN-002607,2024-02-24,NORTH-01,Apparel,APP-3002,1,34.93,12.65,CUST-01495,New,North,In-store
TXN-002869,2024-02-24,NORTH-02,Beauty,BEAU-4001,3,38.71,0.67,CUST-00089,New,North,In-store
TXN-002927,2024-02-24,NORTH-03,Beauty,BEAU-4001,2,24.17,6.98,CUST-00301,New,North,In-store
TXN-003730,2024-02-24,WEST-01,Apparel,APP-3004,2,29.0,0.0,CUST-01149,New,West,In-store
TXN-004131,2024-02-24,EAST-03,Apparel,APP-3004,4,45.69,21.23,CUST-00452,New,East,Online
TXN-005378,2024-02-24,NORTH-02,Sports,SPRT-5004,1,29.35,0.5,CUST-00399,New,North,Online
TXN-005676,2024-02-24,WEST-03,Home & Kitchen,HOME-2004,3,41.34,31.06,CUST-00747,Returning,West,Online
TXN-000658,2024-02-25,SOUTH-01,Electronics,ELEC-1002,1,87.31,2.45,CUST-00658,Returning,South,In-store
TXN-001886,2024-02-25,WEST-01,Home & Kitchen,HOME-2001,6,176.23,16.06,CUST-00588,New,West,In-store
TXN-002926,2024-02-25,CENTRAL-02,Home & Kitchen,HOME-2003,3,334.84,13.81,CUST-00126,Returning,Central,Online
TXN-003004,2024-02-25,SOUTH-01,Beauty,BEAU-4004,4,32.34,10.08,CUST-00019,New,South,In-store
TXN-004336,2024-02-25,EAST-03,Sports,SPRT-5004,1,25.51,13.52,CUST-01193,New,East,In-store
TXN-000007,2024-02-26,CENTRAL-02,Electronics,ELEC-1002,2,158.33,11.55,CUST-01515,New,Central,In-store
TXN-000213,2024-02-26,WEST-02,Beauty,BEAU-4002,3,51.44,23.79,CUST-01488,Returning,West,Online
TXN-000247,2024-02-26,EAST-01,Home & Kitchen,HOME-2004,1,17.96,10.17,CUST-01307,New,East,In-store
TXN-000992,2024-02-26,NORTH-03,Electronics,ELEC-1001,3,708.75,5.5,CUST-01168,Returning,North,Online
TXN-001995,2024-02-26,WEST-02,Sports,SPRT-5004,4,118.0,0.0,CUST-00937,New,West,In-store
TXN-002852,2024-02-26,EAST-02,Home & Kitchen,HOME-2001,10,278.84,20.31,CUST-00843,New,East,In-store
TXN-003126,2024-02-26,SOUTH-01,Home & Kitchen,HOME-2001,6,191.13,8.96,CUST-01555,New,South,Online
TXN-003760,2024-02-26,CENTRAL-03,Electronics,ELEC-1002,1,89.5,0.0,CUST-00163,New,Central,In-store
TXN-004722,2024-02-26,SOUTH-01,Home & Kitchen,HOME-2002,4,300.31,4.96,CUST-00777,New,South,In-store
TXN-005429,2024-02-26,WEST-03,Electronics,ELEC-1001,1,248.37,0.65,CUST-00867,Returning,West,In-store
TXN-005549,2024-02-26,NORTH-01,Apparel,APP-3003,3,157.32,11.12,CUST-00514,New,North,In-store
TXN-000156,2024-02-27,WEST-01,Beauty,BEAU-4003,5,172.48,1.44,CUST-01455,New,West,Online
TXN-000536,2024-02-27,SOUTH-01,Electronics,ELEC-1001,2,471.38,5.72,CUST-00344,New,South,In-store
TXN-000820,2024-02-27,NORTH-03,Apparel,APP-3004,2,25.71,11.33,CUST-00586,New,North,Online
TXN-001030,2024-02-27,NORTH-02,Beauty,BEAU-4002,1,22.47,0.14,CUST-01709,New,North,In-store
TXN-002495,2024-02-27,EAST-03,Home & Kitchen,HOME-2002,3,222.06,6.3,CUST-01068,New,East,In-store
TXN-002954,2024-02-27,NORTH-02,Electronics,ELEC-1004,5,170.06,14.95,CUST-00823,New,North,Online
TXN-000814,2024-02-28,SOUTH-01,Home & Kitchen,HOME-2001,2,62.81,10.24,CUST-00978,New,South,Online
TXN-001959,2024-02-28,WEST-02,Beauty,BEAU-4001,3,32.65,16.21,CUST-00421,New,West,Online
TXN-002191,2024-02-28,NORTH-03,Beauty,BEAU-4004,6,53.94,0.0,CUST-00843,Returning,North,Online
TXN-003725,2024-02-28,NORTH-01,Electronics,ELEC-1002,1,89.5,0.0,CUST-00302,New,North,Online
TXN-004334,2024-02-28,NORTH-02,Apparel,APP-3001,10,249.51,0.15,CUST-00040,Returning,North,In-store
TXN-004496,2024-02-28,WEST-03,Electronics,ELEC-1001,3,602.5,19.66,CUST-01604,New,West,Online
TXN-000860,2024-02-29,SOUTH-02,Beauty,BEAU-4004,4,30.91,14.05,CUST-01635,New,South,Online
TXN-002408,2024-02-29,WEST-02,Beauty,BEAU-4003,8,220.56,21.23,CUST-00496,New,West,Online
TXN-003762,2024-02-29,NORTH-02,Home & Kitchen,HOME-2003,8,995.22,3.94,CUST-00448,New,North,Online
TXN-004134,2024-02-29,CENTRAL-03,Apparel,APP-3001,1,24.81,0.72,CUST-01481,New,Central,In-store
TXN-005343,2024-02-29,WEST-01,Home & Kitchen,HOME-2003,8,1032.98,0.29,CUST-00993,New,West,Online
TXN-005777,2024-02-29,CENTRAL-02,Sports,SPRT-5002,1,75.72,15.85,CUST-00923,New,Central,Online
TXN-005905,2024-02-29,CENTRAL-03,Beauty,BEAU-4002,3,65.5,2.96,CUST-00854,Returning,Central,In-store
TXN-002164,2024-03-01,WEST-03,Beauty,BEAU-4004,2,17.98,0.0,CUST-01430,New,West,Online
TXN-002733,2024-03-01,WEST-03,Home & Kitchen,HOME-2004,3,58.47,2.5,CUST-00557,New,West,In-store
TXN-003668,2024-03-01,WEST-02,Home & Kitchen,HOME-2002,2,125.43,20.62,CUST-00099,New,West,In-store
TXN-004086,2024-03-01,CENTRAL-03,Apparel,APP-3003,6,317.47,10.32,CUST-01756,New,Central,Online
TXN-004400,2024-03-01,NORTH-03,Electronics,ELEC-1002,2,158.61,11.39,CUST-00869,New,North,In-store
TXN-004528,2024-03-01,NORTH-02,Beauty,BEAU-4003,5,174.79,0.12,CUST-00951,New,North,Online
TXN-004882,2024-03-01,SOUTH-02,Electronics,ELEC-1001,5,1018.26,18.54,CUST-00932,New,South,Online
TXN-005353,2024-03-01,SOUTH-01,Home & Kitchen,HOME-2002,2,158.0,0.0,CUST-01525,New,South,In-store
TXN-005454,2024-03-01,CENTRAL-03,Home & Kitchen,HOME-2001,1,31.85,8.97,CUST-00879,New,Central,In-store
TXN-005744,2024-03-01,CENTRAL-01,Sports,SPRT-5001,3,121.33,19.1,CUST-00319,New,Central,Online
TXN-000068,2024-03-02,EAST-01,Electronics,ELEC-1001,5,1061.26,15.1,CUST-00956,New,East,Online
TXN-001703,2024-03-02,NORTH-03,Beauty,BEAU-4004,5,44.12,1.85,CUST-01131,New,North,In-store
TXN-002135,2024-03-02,NORTH-01,Sports,SPRT-5001,2,95.48,4.5,CUST-00844,New,North,In-store
TXN-002928,2024-03-02,WEST-01,Apparel,APP-3004,3,39.52,9.15,CUST-00971,New,West,Online
TXN-003660,2024-03-02,EAST-03,Beauty,BEAU-4001,2,24.86,4.3,CUST-01583,New,East,Online
TXN-003967,2024-03-02,EAST-01,Sports,SPRT-5004,1,29.5,0.0,CUST-00581,New,East,Online
TXN-004098,2024-03-02,NORTH-03,Apparel,APP-3002,1,32.02,19.93,CUST-00085,New,North,In-store
TXN-004129,2024-03-02,CENTRAL-01,Home & Kitchen,HOME-2004,3,58.79,1.97,CUST-00087,New,Central,Online
TXN-004549,2024-03-02,NORTH-02,Electronics,ELEC-1003,1,593.64,0.89,CUST-01037,New,North,In-store
TXN-005083,2024-03-02,EAST-03,Beauty,BEAU-4004,5,44.71,0.53,CUST-00778,New,East,Online
TXN-000093,2024-03-03,NORTH-01,Electronics,ELEC-1002,2,150.04,16.18,CUST-00827,New,North,In-store
TXN-002059,2024-03-03,CENTRAL-02,Home & Kitchen,HOME-2003,2,259.0,0.0,CUST-00291,New,Central,Online
TXN-002911,2024-03-03,SOUTH-03,Sports,SPRT-5003,1,98.53,17.2,CUST-01246,New,South,In-store
TXN-003102,2024-03-03,SOUTH-03,Home & Kitchen,HOME-2002,2,158.0,0.0,CUST-00182,New,South,In-store
TXN-003110,2024-03-03,CENTRAL-01,Apparel,APP-3002,1,36.28,9.27,CUST-01211,New,Central,In-store
TXN-003207,2024-03-03,CENTRAL-02,Beauty,BEAU-4002,4,89.49,0.57,CUST-00488,New,Central,In-store
TXN-003444,2024-03-03,EAST-03,Electronics,ELEC-1004,1,39.99,0.0,CUST-01605,New,East,Online
TXN-004270,2024-03-03,NORTH-02,Apparel,APP-3004,2,24.92,14.06,CUST-01009,New,North,In-store
TXN-004280,2024-03-03,CENTRAL-03,Electronics,ELEC-1002,8,593.24,17.15,CUST-00952,New,Central,In-store
TXN-004859,2024-03-03,WEST-03,Apparel,APP-3003,2,118.0,0.0,CUST-01467,Returning,West,Online
TXN-000603,2024-03-04,WEST-02,Apparel,APP-3002,2,72.54,9.31,CUST-00086,New,West,In-store
TXN-001563,2024-03-04,CENTRAL-01,Home & Kitchen,HOME-2003,2,235.52,9.06,CUST-00252,New,Central,In-store
TXN-002291,2024-03-04,NORTH-01,Apparel,APP-3002,3,119.15,0.68,CUST-00100,New,North,In-store
TXN-003309,2024-03-04,WEST-02,Home & Kitchen,HOME-2001,1,31.61,9.66,CUST-00134,New,West,Online
TXN-003496,2024-03-04,WEST-03,Home & Kitchen,HOME-2002,1,70.31,11.0,CUST-01006,Returning,West,Online
TXN-005386,2024-03-04,SOUTH-01,Beauty,BEAU-4003,2,48.49,30.73,CUST-00300,Returning,South,Online
TXN-000069,2024-03-05,CENTRAL-03,Sports,SPRT-5004,4,105.61,10.5,CUST-01514,New,Central,In-store
TXN-000608,2024-03-05,SOUTH-03,Home & Kitchen,HOME-2002,2,152.94,3.2,CUST-01323,New,South,Online
TXN-000908,2024-03-05,SOUTH-02,Apparel,APP-3001,1,20.28,18.86,CUST-00165,New,South,In-store
TXN-001641,2024-03-05,WEST-03,Electronics,ELEC-1001,4,999.96,0.0,CUST-00257,Returning,West,Online
TXN-002479,2024-03-05,EAST-02,Apparel,APP-3003,1,46.08,21.9,CUST-00137,New,East,Online
TXN-002511,2024-03-05,CENTRAL-03,Home & Kitchen,HOME-2004,4,71.4,10.71,CUST-01395,New,Central,Online
TXN-002931,2024-03-05,CENTRAL-03,Apparel,APP-3001,5,107.44,14.01,CUST-00186,New,Central,In-store
TXN-003759,2024-03-05,EAST-03,Home & Kitchen,HOME-2004,3,59.97,0.0,CUST-01143,New,East,In-store
TXN-004380,2024-03-05,WEST-01,Apparel,APP-3002,1,29.59,26.01,CUST-00985,New,West,Online
TXN-004558,2024-03-05,EAST-01,Electronics,ELEC-1001,5,1220.88,2.33,CUST-00405,Returning,East,In-store
TXN-005263,2024-03-05,WEST-01,Beauty,BEAU-4004,1,8.85,1.61,CUST-01137,New,West,In-store
TXN-005910,2024-03-05,NORTH-02,Home & Kitchen,HOME-2001,2,63.85,8.76,CUST-01583,Returning,North,In-store
TXN-000013,2024-03-06,NORTH-02,Electronics,ELEC-1001,1,237.17,5.13,CUST-00339,New,North,In-store
TXN-000111,2024-03-06,EAST-03,Apparel,APP-3003,2,118.0,0.0,CUST-00013,New,East,In-store
TXN-000375,2024-03-06,EAST-03,Sports,SPRT-5002,1,68.11,24.31,CUST-01441,New,East,In-store
TXN-001432,2024-03-06,EAST-03,Sports,SPRT-5001,1,45.63,8.72,CUST-01167,New,East,Online
TXN-002765,2024-03-06,SOUTH-01,Home & Kitchen,HOME-2003,4,441.74,14.72,CUST-01078,Returning,South,Online
TXN-004038,2024-03-06,WEST-01,Apparel,APP-3001,1,21.71,13.12,CUST-00799,New,West,In-store
TXN-004674,2024-03-06,CENTRAL-01,Apparel,APP-3002,3,92.36,23.01,CUST-00029,New,Central,Online
TXN-005036,2024-03-06,NORTH-02,Apparel,APP-3003,3,158.16,10.64,CUST-00584,Returning,North,Online
TXN-005148,2024-03-06,WEST-01,Apparel,APP-3002,2,72.53,9.32,CUST-00077,New,West,In-store
TXN-000574,2024-03-07,WEST-01,Electronics,ELEC-1004,2,76.57,4.26,CUST-01767,New,West,In-store
TXN-000696,2024-03-07,NORTH-02,Apparel,APP-3004,10,143.95,0.72,CUST-01181,New,North,In-store
TXN-000805,2024-03-07,WEST-03,Sports,SPRT-5002,8,719.92,0.0,CUST-01592,New,West,Online
TXN-002471,2024-03-07,WEST-03,Home & Kitchen,HOME-2002,8,545.64,13.66,CUST-01367,Returning,West,Online
TXN-002497,2024-03-07,SOUTH-01,Home & Kitchen,HOME-2003,8,921.25,11.08,CUST-01525,Returning,South,In-store
TXN-003145,2024-03-07,NORTH-03,Electronics,ELEC-1004,4,142.9,10.66,CUST-00490,New,North,Online
TXN-004395,2024-03-07,WEST-01,Apparel,APP-3003,1,58.88,0.21,CUST-00796,New,West,Online
TXN-000981,2024-03-08,SOUTH-01,Beauty,BEAU-4002,4,81.46,9.49,CUST-01324,Returning,South,In-store
TXN-002590,2024-03-08,NORTH-02,Sports,SPRT-5004,1,27.15,7.98,CUST-00129,New,North,In-store
TXN-002626,2024-03-08,EAST-01,Home & Kitchen,HOME-2001,2,69.98,0.0,CUST-01771,Returning,East,In-store
TXN-003026,2024-03-08,SOUTH-03,Electronics,ELEC-1002,4,301.6,15.75,CUST-01147,New,South,Online
TXN-003508,2024-03-08,NORTH-03,Home & Kitchen,HOME-2003,2,254.22,1.84,CUST-00565,New,North,In-store
TXN-003933,2024-03-08,CENTRAL-01,Electronics,ELEC-1002,2,141.78,20.79,CUST-00045,Returning,Central,Online
TXN-003979,2024-03-08,CENTRAL-01,Home & Kitchen,HOME-2003,5,647.5,0.0,CUST-00220,Returning,Central,Online
TXN-004335,2024-03-08,NORTH-02,Apparel,APP-3002,2,76.92,3.82,CUST-00281,Returning,North,Online
TXN-000064,2024-03-09,CENTRAL-03,Electronics,ELEC-1004,4,159.13,0.52,CUST-01089,New,Central,In-store
TXN-000342,2024-03-09,WEST-02,Sports,SPRT-5004,2,59.0,0.0,CUST-00382,New,West,In-store
TXN-000450,2024-03-09,WEST-03,Sports,SPRT-5003,5,574.86,3.39,CUST-01273,New,West,Online
TXN-001047,2024-03-09,CENTRAL-03,Sports,SPRT-5002,5,411.26,8.6,CUST-00729,New,Central,In-store
TXN-001192,2024-03-09,EAST-01,Electronics,ELEC-1004,2,59.1,26.1,CUST-01744,New,East,In-store
TXN-002543,2024-03-09,NORTH-01,Home & Kitchen,HOME-2002,3,233.93,1.29,CUST-01552,New,North,In-store
TXN-002865,2024-03-09,SOUTH-02,Sports,SPRT-5002,5,367.49,18.33,CUST-00426,New,South,Online
TXN-003252,2024-03-09,SOUTH-03,Electronics,ELEC-1001,2,499.98,0.0,CUST-00440,Returning,South,In-store
TXN-005009,2024-03-09,SOUTH-03,Electronics,ELEC-1004,2,71.87,10.13,CUST-01109,New,South,In-store
TXN-005072,2024-03-09,WEST-02,Sports,SPRT-5004,1,24.26,17.77,CUST-00075,New,West,Online
TXN-005583,2024-03-09,NORTH-03,Beauty,BEAU-4002,4,72.31,19.65,CUST-00174,New,North,In-store
TXN-005600,2024-03-09,WEST-03,Apparel,APP-3003,1,53.63,9.1,CUST-00922,New,West,In-store
TXN-005630,2024-03-09,NORTH-02,Beauty,BEAU-4001,1,12.99,0.0,CUST-01348,New,North,In-store
TXN-005656,2024-03-09,SOUTH-03,Home & Kitchen,HOME-2003,2,259.0,0.0,CUST-00925,New,South,Online
TXN-005870,2024-03-09,EAST-03,Home & Kitchen,HOME-2002,1,79.0,0.0,CUST-01373,New,East,In-store
TXN-005939,2024-03-09,EAST-02,Beauty,BEAU-4002,6,121.67,9.88,CUST-00518,New,East,In-store
TXN-000099,2024-03-10,SOUTH-03,Electronics,ELEC-1003,6,3381.6,5.91,CUST-00315,New,South,In-store
TXN-000105,2024-03-10,SOUTH-02,Home & Kitchen,HOME-2004,10,199.33,0.29,CUST-00945,New,South,Online
TXN-000832,2024-03-10,EAST-01,Sports,SPRT-5003,1,119.0,0.0,CUST-00599,New,East,In-store
TXN-001070,2024-03-10,CENTRAL-02,Home & Kitchen,HOME-2004,1,17.01,14.92,CUST-00564,New,Central,Online
TXN-002896,2024-03-10,NORTH-03,Apparel,APP-3001,3,74.97,0.0,CUST-01753,New,North,Online
TXN-004282,2024-03-10,CENTRAL-01,Apparel,APP-3004,5,62.7,13.51,CUST-00273,Returning,Central,Online
TXN-004545,2024-03-10,WEST-02,Electronics,ELEC-1002,3,254.44,5.23,CUST-00818,Returning,West,In-store
TXN-005227,2024-03-10,EAST-01,Home & Kitchen,HOME-2004,1,18.06,9.63,CUST-01149,Returning,East,Online
TXN-000380,2024-03-11,NORTH-01,Sports,SPRT-5004,1,24.78,16.0,CUST-00078,Returning,North,In-store
TXN-000382,2024-03-11,NORTH-01,Home & Kitchen,HOME-2004,3,58.6,2.29,CUST-00923,Returning,North,In-store
TXN-001799,2024-03-11,WEST-02,Apparel,APP-3001,5,124.95,0.0,CUST-01109,Returning,West,In-store
TXN-002530,2024-03-11,WEST-01,Sports,SPRT-5004,3,88.5,0.0,CUST-00931,New,West,Online
TXN-003177,2024-03-11,SOUTH-03,Beauty,BEAU-4001,1,11.7,9.94,CUST-01577,New,South,In-store
TXN-005823,2024-03-11,SOUTH-03,Beauty,BEAU-4002,4,77.6,13.78,CUST-01705,New,South,In-store
TXN-000356,2024-03-12,CENTRAL-03,Electronics,ELEC-1004,1,35.56,11.08,CUST-00298,New,Central,In-store
TXN-000518,2024-03-12,NORTH-03,Beauty,BEAU-4004,2,16.37,8.94,CUST-00167,Returning,North,Online
TXN-001494,2024-03-12,SOUTH-02,Beauty,BEAU-4002,1,18.29,18.71,CUST-01411,Returning,South,In-store
TXN-002163,2024-03-12,EAST-02,Home & Kitchen,HOME-2001,2,69.82,0.22,CUST-00241,New,East,In-store
TXN-004169,2024-03-12,WEST-03,Apparel,APP-3001,3,74.97,0.0,CUST-00120,New,West,In-store
TXN-004189,2024-03-12,NORTH-03,Home & Kitchen,HOME-2003,4,509.82,1.58,CUST-01493,Returning,North,In-store
TXN-004969,2024-03-12,NORTH-03,Beauty,BEAU-4004,1,8.6,4.29,CUST-01694,New,North,Online
TXN-005256,2024-03-12,EAST-02,Home & Kitchen,HOME-2004,5,89.39,10.57,CUST-00264,New,East,In-store
TXN-001264,2024-03-13,WEST-03,Apparel,APP-3003,6,313.23,11.52,CUST-01649,New,West,In-store
TXN-001338,2024-03-13,CENTRAL-02,Apparel,APP-3003,2,116.27,1.47,CUST-01125,New,Central,In-store
TXN-001681,2024-03-13,NORTH-03,Sports,SPRT-5002,5,388.87,13.57,CUST-00469,New,North,In-store
TXN-002663,2024-03-13,WEST-01,Apparel,APP-3002,1,34.08,14.78,CUST-00286,Returning,West,In-store
TXN-003306,2024-03-13,EAST-02,Sports,SPRT-5002,2,160.58,10.78,CUST-00823,Returning,East,In-store
TXN-003334,2024-03-13,NORTH-03,Sports,SPRT-5002,2,179.98,0.0,CUST-01114,New,North,In-store
TXN-004069,2024-03-13,WEST-01,Home & Kitchen,HOME-2002,3,223.7,5.61,CUST-01606,Returning,West,In-store
TXN-004901,2024-03-13,NORTH-02,Home & Kitchen,HOME-2004,1,17.81,10.92,CUST-00242,New,North,Online
TXN-000083,2024-03-14,WEST-03,Electronics,ELEC-1004,5,178.26,10.85,CUST-01429,New,West,In-store
TXN-000418,2024-03-14,WEST-01,Electronics,ELEC-1002,1,61.59,31.18,CUST-01340,Returning,West,In-store
TXN-000678,2024-03-14,NORTH-03,Electronics,ELEC-1001,1,202.56,18.97,CUST-00236,New,North,In-store
TXN-001273,2024-03-14,NORTH-03,Electronics,ELEC-1003,1,539.93,9.86,CUST-00409,New,North,In-store
TXN-002198,2024-03-14,WEST-01,Sports,SPRT-5003,2,238.0,0.0,CUST-00525,New,West,In-store
TXN-002372,2024-03-14,NORTH-01,Sports,SPRT-5004,2,53.94,8.58,CUST-00370,New,North,In-store
TXN-002691,2024-03-14,CENTRAL-01,Electronics,ELEC-1002,8,598.0,16.48,CUST-00702,New,Central,Online
TXN-003410,2024-03-14,EAST-03,Electronics,ELEC-1002,5,447.5,0.0,CUST-00928,New,East,In-store
TXN-003417,2024-03-14,CENTRAL-03,Beauty,BEAU-4001,2,23.2,10.69,CUST-00019,Returning,Central,Online
TXN-003524,2024-03-14,WEST-02,Electronics,ELEC-1004,2,75.53,5.56,CUST-01612,New,West,Online
TXN-003832,2024-03-14,EAST-01,Home & Kitchen,HOME-2001,3,82.21,21.68,CUST-00877,New,East,In-store
TXN-005047,2024-03-14,CENTRAL-03,Apparel,APP-3004,5,58.24,19.66,CUST-00131,New,Central,In-store
TXN-004036,2024-03-15,SOUTH-01,Apparel,APP-3001,6,149.94,0.0,CUST-01206,Returning,South,In-store
TXN-004660,2024-03-15,SOUTH-02,Sports,SPRT-5001,2,86.65,13.33,CUST-01730,Returning,South,Online
TXN-004923,2024-03-15,SOUTH-03,Electronics,ELEC-1003,1,544.02,9.18,CUST-01474,New,South,In-store
TXN-005207,2024-03-15,CENTRAL-03,Beauty,BEAU-4003,2,57.82,17.41,CUST-01303,New,Central,Online
TXN-005692,2024-03-15,NORTH-02,Home & Kitchen,HOME-2001,2,53.84,23.07,CUST-01483,New,North,In-store
TXN-005976,2024-03-15,EAST-01,Beauty,BEAU-4001,5,64.95,0.0,CUST-00018,New,East,Online
TXN-000556,2024-03-16,WEST-02,Home & Kitchen,HOME-2003,1,129.5,0.0,CUST-00457,New,West,In-store
TXN-001067,2024-03-16,CENTRAL-01,Home & Kitchen,HOME-2001,3,85.15,18.88,CUST-01395,Returning,Central,Online
TXN-002426,2024-03-16,CENTRAL-02,Electronics,ELEC-1004,6,199.0,17.06,CUST-01476,New,Central,In-store
TXN-003486,2024-03-16,SOUTH-03,Apparel,APP-3001,6,143.32,4.41,CUST-00372,Returning,South,In-store
TXN-004816,2024-03-16,WEST-02,Apparel,APP-3003,1,47.18,20.03,CUST-00782,Returning,West,In-store
TXN-005190,2024-03-16,NORTH-02,Beauty,BEAU-4003,8,266.26,4.91,CUST-01624,New,North,Online
TXN-005287,2024-03-16,SOUTH-01,Electronics,ELEC-1004,4,142.6,10.85,CUST-01548,New,South,In-store
TXN-005795,2024-03-16,WEST-03,Beauty,BEAU-4003,2,52.83,24.53,CUST-01136,Returning,West,In-store
TXN-000202,2024-03-17,NORTH-02,Electronics,ELEC-1003,1,594.18,0.8,CUST-00939,New,North,In-store
TXN-000331,2024-03-17,SOUTH-02,Apparel,APP-3003,2,106.63,9.64,CUST-01555,Returning,South,Online
TXN-000747,2024-03-17,SOUTH-01,Home & Kitchen,HOME-2003,3,388.5,0.0,CUST-01497,New,South,In-store
TXN-000925,2024-03-17,WEST-01,Sports,SPRT-5003,1,119.0,0.0,CUST-01460,New,West,In-store
TXN-002127,2024-03-17,WEST-03,Electronics,ELEC-1001,1,216.02,13.59,CUST-01453,Returning,West,In-store
TXN-002901,2024-03-17,EAST-03,Beauty,BEAU-4003,1,29.75,15.01,CUST-01013,New,East,Online
TXN-003494,2024-03-17,EAST-02,Electronics,ELEC-1001,1,208.6,16.55,CUST-01532,New,East,In-store
TXN-003569,2024-03-17,NORTH-02,Sports,SPRT-5003,2,188.71,20.71,CUST-00541,New,North,Online
TXN-004201,2024-03-17,EAST-01,Beauty,BEAU-4001,1,12.99,0.0,CUST-01023,New,East,In-store
TXN-005385,2024-03-17,EAST-03,Beauty,BEAU-4001,1,12.99,0.0,CUST-00046,New,East,In-store
TXN-000204,2024-03-18,WEST-01,Apparel,APP-3001,2,44.9,10.17,CUST-00536,Returning,West,Online
TXN-002882,2024-03-18,SOUTH-01,Apparel,APP-3002,2,76.86,3.9,CUST-00007,New,South,In-store
TXN-003598,2024-03-18,EAST-02,Apparel,APP-3004,2,25.8,11.04,CUST-00341,New,East,In-store
TXN-004314,2024-03-18,CENTRAL-02,Electronics,ELEC-1002,1,89.42,0.09,CUST-01411,Returning,Central,Online
TXN-000610,2024-03-19,EAST-02,Electronics,ELEC-1002,2,147.31,17.7,CUST-00615,New,East,Online
TXN-001958,2024-03-19,WEST-03,Apparel,APP-3002,2,68.72,14.08,CUST-01198,New,West,Online
TXN-002044,2024-03-19,SOUTH-01,Electronics,ELEC-1001,4,804.05,19.59,CUST-00436,New,South,In-store
TXN-002527,2024-03-19,WEST-01,Electronics,ELEC-1001,3,637.03,15.06,CUST-00784,New,West,In-store
TXN-002929,2024-03-19,CENTRAL-01,Beauty,BEAU-4003,4,139.68,0.23,CUST-01114,Returning,Central,Online
TXN-003535,2024-03-19,NORTH-02,Sports,SPRT-5001,1,48.23,3.52,CUST-00816,New,North,Online
TXN-003717,2024-03-19,EAST-01,Beauty,BEAU-4002,3,64.1,5.03,CUST-01736,New,East,In-store
TXN-004216,2024-03-19,CENTRAL-01,Home & Kitchen,HOME-2002,6,419.93,11.41,CUST-01409,New,Central,In-store
TXN-004876,2024-03-19,CENTRAL-01,Sports,SPRT-5001,1,44.78,10.42,CUST-01312,Returning,Central,In-store
TXN-005807,2024-03-19,WEST-01,Beauty,BEAU-4004,3,26.83,0.52,CUST-01325,New,West,In-store
TXN-005883,2024-03-19,SOUTH-02,Apparel,APP-3002,2,71.41,10.71,CUST-01689,New,South,In-store
TXN-000787,2024-03-20,NORTH-03,Home & Kitchen,HOME-2003,1,115.97,10.45,CUST-00156,Returning,North,Online
TXN-001148,2024-03-20,NORTH-03,Apparel,APP-3002,1,39.39,1.49,CUST-01764,New,North,In-store
TXN-001784,2024-03-20,NORTH-01,Home & Kitchen,HOME-2002,2,136.29,13.74,CUST-01773,New,North,Online
TXN-002863,2024-03-20,SOUTH-02,Electronics,ELEC-1001,2,373.58,25.28,CUST-00139,New,South,Online
TXN-003073,2024-03-20,EAST-01,Home & Kitchen,HOME-2002,1,78.16,1.06,CUST-00227,Returning,East,In-store
TXN-004642,2024-03-20,NORTH-01,Apparel,APP-3002,3,91.91,23.39,CUST-00090,New,North,In-store
TXN-001349,2024-03-21,NORTH-03,Sports,SPRT-5004,4,105.34,10.73,CUST-00567,New,North,In-store
TXN-002322,2024-03-21,NORTH-01,Electronics,ELEC-1001,3,669.78,10.69,CUST-00892,New,North,Online
TXN-004477,2024-03-21,NORTH-03,Electronics,ELEC-1002,3,245.33,8.63,CUST-00146,New,North,In-store
TXN-004957,2024-03-21,WEST-01,Electronics,ELEC-1001,3,713.57,4.85,CUST-00169,New,West,In-store
TXN-005709,2024-03-21,NORTH-01,Apparel,APP-3003,1,52.81,10.49,CUST-01574,Returning,North,Online
TXN-000441,2024-03-22,SOUTH-02,Apparel,APP-3004,2,27.76,4.27,CUST-01268,Returning,South,Online
TXN-000562,2024-03-22,EAST-03,Home & Kitchen,HOME-2001,3,77.24,26.41,CUST-00624,New,East,Online
TXN-001197,2024-03-22,EAST-02,Electronics,ELEC-1001,2,450.27,9.94,CUST-01699,Returning,East,In-store
TXN-001822,2024-03-22,NORTH-01,Sports,SPRT-5004,3,79.19,10.52,CUST-00346,New,North,In-store
TXN-001906,2024-03-22,NORTH-01,Apparel,APP-3004,1,12.92,10.9,CUST-00323,New,North,In-store
TXN-002175,2024-03-22,EAST-02,Apparel,APP-3001,2,46.68,6.61,CUST-01529,New,East,Online
TXN-002451,2024-03-22,NORTH-02,Beauty,BEAU-4001,2,25.79,0.74,CUST-01428,New,North,Online
TXN-002534,2024-03-22,SOUTH-01,Electronics,ELEC-1004,4,127.12,20.53,CUST-00628,New,South,Online
TXN-002898,2024-03-22,NORTH-01,Home & Kitchen,HOME-2001,6,187.03,10.91,CUST-01220,New,North,In-store
TXN-003047,2024-03-22,NORTH-03,Apparel,APP-3002,2,76.75,4.03,CUST-01694,Returning,North,In-store
TXN-003883,2024-03-22,EAST-02,Beauty,BEAU-4004,1,8.99,0.0,CUST-00864,New,East,In-store
TXN-004535,2024-03-22,WEST-01,Beauty,BEAU-4001,4,44.84,13.69,CUST-01580,Returning,West,In-store
TXN-004705,2024-03-22,EAST-03,Electronics,ELEC-1004,4,159.96,0.0,CUST-00354,New,East,In-store
TXN-000528,2024-03-23,NORTH-01,Home & Kitchen,HOME-2004,1,18.97,5.11,CUST-00071,New,North,In-store
TXN-001364,2024-03-23,WEST-01,Sports,SPRT-5002,4,327.93,8.9,CUST-00922,Returning,West,In-store
TXN-002395,2024-03-23,WEST-02,Apparel,APP-3004,1,14.5,0.0,CUST-00829,New,West,In-store
TXN-000323,2024-03-24,SOUTH-03,Apparel,APP-3001,1,21.47,14.07,CUST-01229,Returning,South,In-store
TXN-000483,2024-03-24,CENTRAL-02,Home & Kitchen,HOME-2001,10,318.84,8.88,CUST-01603,New,Central,In-store
TXN-002045,2024-03-24,NORTH-03,Electronics,ELEC-1002,1,89.5,0.0,CUST-00061,New,North,In-store
TXN-002240,2024-03-24,SOUTH-02,Electronics,ELEC-1002,10,744.06,16.86,CUST-00748,New,South,In-store
TXN-002440,2024-03-24,WEST-03,Apparel,APP-3003,10,567.35,3.84,CUST-00471,New,West,In-store
TXN-002586,2024-03-24,EAST-02,Electronics,ELEC-1001,3,675.83,9.89,CUST-01020,New,East,In-store
TXN-003243,2024-03-24,CENTRAL-02,Apparel,APP-3002,2,78.75,1.54,CUST-00094,New,Central,Online
TXN-003352,2024-03-24,WEST-01,Apparel,APP-3003,4,234.98,0.43,CUST-01125,Returning,West,In-store
TXN-005064,2024-03-24,SOUTH-02,Beauty,BEAU-4003,5,141.13,19.35,CUST-01047,Returning,South,In-store
TXN-000296,2024-03-25,SOUTH-02,Beauty,BEAU-4002,3,61.29,9.21,CUST-01149,Returning,South,In-store
TXN-000563,2024-03-25,SOUTH-01,Electronics,ELEC-1001,1,223.13,10.74,CUST-01709,Returning,South,In-store
TXN-000684,2024-03-25,EAST-03,Electronics,ELEC-1001,1,249.99,0.0,CUST-00511,Returning,East,Online
TXN-002076,2024-03-25,WEST-01,Beauty,BEAU-4002,5,100.25,10.89,CUST-00396,New,West,In-store
TXN-002619,2024-03-25,CENTRAL-03,Sports,SPRT-5004,3,75.52,14.67,CUST-01780,New,Central,In-store
TXN-002739,2024-03-25,WEST-01,Electronics,ELEC-1004,1,39.99,0.01,CUST-00206,New,West,Online
TXN-005033,2024-03-25,SOUTH-02,Beauty,BEAU-4004,2,17.98,0.0,CUST-00945,Returning,South,In-store
TXN-005446,2024-03-25,EAST-01,Electronics,ELEC-1001,4,755.83,24.41,CUST-00120,Returning,East,In-store
TXN-000028,2024-03-26,EAST-01,Apparel,APP-3004,3,41.73,4.07,CUST-00133,New,East,In-store
TXN-000199,2024-03-26,NORTH-03,Electronics,ELEC-1003,4,1722.84,28.1,CUST-00610,New,North,In-store
TXN-001723,2024-03-26,SOUTH-03,Electronics,ELEC-1003,8,4792.0,0.0,CUST-00481,New,South,In-store
TXN-002117,2024-03-26,SOUTH-03,Apparel,APP-3002,1,39.93,0.15,CUST-00273,Returning,South,In-store
TXN-003002,2024-03-26,CENTRAL-02,Home & Kitchen,HOME-2003,1,125.32,3.23,CUST-00397,New,Central,In-store
TXN-004049,2024-03-26,SOUTH-01,Apparel,APP-3004,3,43.5,0.0,CUST-01765,New,South,Online
TXN-004462,2024-03-26,SOUTH-02,Beauty,BEAU-4002,1,22.44,0.26,CUST-00251,New,South,Online
TXN-004470,2024-03-26,WEST-01,Beauty,BEAU-4001,4,51.71,0.47,CUST-01328,Returning,West,In-store
TXN-004538,2024-03-26,WEST-02,Apparel,APP-3001,4,89.05,10.92,CUST-00724,Returning,West,In-store
TXN-005601,2024-03-26,EAST-01,Home & Kitchen,HOME-2002,3,211.15,10.91,CUST-00551,New,East,In-store
TXN-005888,2024-03-26,SOUTH-03,Beauty,BEAU-4002,2,42.76,4.99,CUST-01793,New,South,Online
TXN-000439,2024-03-27,SOUTH-03,Beauty,BEAU-4004,1,8.99,0.0,CUST-00233,New,South,Online
TXN-000650,2024-03-27,SOUTH-01,Home & Kitchen,HOME-2004,4,70.88,11.36,CUST-00470,New,South,Online
TXN-001256,2024-03-27,EAST-03,Beauty,BEAU-4003,6,188.66,10.16,CUST-00501,New,East,In-store
TXN-002593,2024-03-27,EAST-03,Electronics,ELEC-1004,5,157.54,21.21,CUST-00087,Returning,East,In-store
TXN-003117,2024-03-27,SOUTH-03,Beauty,BEAU-4004,3,20.17,25.22,CUST-00658,Returning,South,In-store
TXN-003631,2024-03-27,EAST-03,Apparel,APP-3001,3,64.03,14.6,CUST-01520,New,East,In-store
TXN-004458,2024-03-27,EAST-01,Sports,SPRT-5002,2,162.98,9.44,CUST-00137,Returning,East,Online
TXN-000358,2024-03-28,WEST-03,Sports,SPRT-5004,4,100.38,14.93,CUST-00727,New,West,In-store
TXN-000803,2024-03-28,EAST-02,Apparel,APP-3003,4,234.9,0.46,CUST-01236,New,East,In-store
TXN-001156,2024-03-28,WEST-02,Electronics,ELEC-1002,2,170.17,4.93,CUST-01326,New,West,In-store
TXN-002535,2024-03-28,NORTH-01,Electronics,ELEC-1002,1,88.38,1.25,CUST-01518,New,North,In-store
TXN-002789,2024-03-28,NORTH-02,Beauty,BEAU-4001,1,12.29,5.41,CUST-01353,Returning,North,In-store
TXN-005432,2024-03-28,SOUTH-01,Apparel,APP-3002,1,30.19,24.5,CUST-00163,Returning,South,In-store
TXN-005444,2024-03-28,NORTH-03,Apparel,APP-3001,1,22.53,9.86,CUST-01756,Returning,North,In-store
TXN-000411,2024-03-29,SOUTH-01,Apparel,APP-3003,5,265.83,9.89,CUST-01455,Returning,South,In-store
TXN-001607,2024-03-29,CENTRAL-03,Apparel,APP-3002,2,69.75,12.8,CUST-01787,New,Central,In-store
TXN-001832,2024-03-29,WEST-03,Beauty,BEAU-4001,3,27.13,30.38,CUST-00184,Returning,West,In-store
TXN-002567,2024-03-29,CENTRAL-01,Apparel,APP-3002,1,36.43,8.91,CUST-01546,New,Central,In-store
TXN-003611,2024-03-29,NORTH-03,Apparel,APP-3001,6,141.72,5.48,CUST-00667,New,North,Online
TXN-004063,2024-03-29,EAST-03,Beauty,BEAU-4002,6,114.57,15.13,CUST-00713,Returning,East,Online
TXN-005002,2024-03-29,EAST-02,Sports,SPRT-5001,5,247.08,1.15,CUST-00942,New,East,Online
TXN-005613,2024-03-29,CENTRAL-02,Electronics,ELEC-1001,3,670.27,10.63,CUST-00161,New,Central,In-store
TXN-005741,2024-03-29,EAST-02,Electronics,ELEC-1002,1,85.2,4.81,CUST-00794,New,East,In-store
TXN-005756,2024-03-29,SOUTH-02,Electronics,ELEC-1001,3,742.83,0.95,CUST-00128,Returning,South,In-store
TXN-000498,2024-03-30,EAST-03,Home & Kitchen,HOME-2003,5,645.49,0.31,CUST-00989,Returning,East,In-store
TXN-000843,2024-03-30,SOUTH-01,Apparel,APP-3003,1,59.0,0.0,CUST-01628,New,South,In-store
TXN-002611,2024-03-30,EAST-01,Home & Kitchen,HOME-2001,2,69.98,0.0,CUST-00222,New,East,In-store
TXN-002914,2024-03-30,WEST-03,Home & Kitchen,HOME-2003,1,127.64,1.43,CUST-00259,Returning,West,In-store
TXN-003248,2024-03-30,CENTRAL-03,Sports,SPRT-5002,1,88.29,1.89,CUST-00715,New,Central,Online
TXN-005949,2024-03-30,CENTRAL-02,Beauty,BEAU-4002,3,60.64,10.16,CUST-01466,New,Central,In-store
TXN-001244,2024-03-31,EAST-01,Apparel,APP-3002,1,35.61,10.95,CUST-00227,Returning,East,In-store
TXN-001427,2024-03-31,WEST-03,Electronics,ELEC-1003,2,1073.17,10.42,CUST-00406,New,West,Online
TXN-001757,2024-03-31,EAST-03,Beauty,BEAU-4001,1,10.1,22.26,CUST-00660,New,East,In-store
TXN-002480,2024-03-31,NORTH-03,Beauty,BEAU-4002,2,36.27,19.4,CUST-00151,New,North,Online
TXN-002569,2024-03-31,SOUTH-03,Electronics,ELEC-1001,8,1822.97,8.85,CUST-00630,New,South,In-store
TXN-002644,2024-03-31,NORTH-02,Apparel,APP-3002,1,33.97,15.05,CUST-00132,New,North,Online
TXN-003562,2024-03-31,WEST-03,Home & Kitchen,HOME-2004,1,17.66,11.67,CUST-00262,New,West,In-store
TXN-004887,2024-03-31,NORTH-03,Home & Kitchen,HOME-2001,3,88.66,15.53,CUST-01353,Returning,North,In-store
TXN-005855,2024-03-31,WEST-01,Apparel,APP-3003,2,92.62,21.5,CUST-00474,Returning,West,In-store
TXN-000215,2024-04-01,NORTH-02,Electronics,ELEC-1002,5,425.86,4.84,CUST-00477,Returning,North,In-store
TXN-000862,2024-04-01,WEST-02,Beauty,BEAU-4004,2,17.02,5.35,CUST-01565,New,West,In-store
TXN-000928,2024-04-01,CENTRAL-03,Electronics,ELEC-1003,2,1198.0,0.0,CUST-00796,Returning,Central,In-store
TXN-001072,2024-04-01,NORTH-03,Beauty,BEAU-4004,8,57.91,19.48,CUST-01688,Returning,North,In-store
TXN-001268,2024-04-01,NORTH-01,Apparel,APP-3001,2,49.98,0.0,CUST-00310,New,North,In-store
TXN-001315,2024-04-01,EAST-03,Apparel,APP-3002,5,160.53,19.72,CUST-01695,New,East,In-store
TXN-001503,2024-04-01,SOUTH-03,Apparel,APP-3004,5,62.06,14.4,CUST-00618,Returning,South,In-store
TXN-001811,2024-04-01,SOUTH-03,Home & Kitchen,HOME-2001,1,29.46,15.82,CUST-00582,New,South,In-store
TXN-002354,2024-04-01,EAST-02,Beauty,BEAU-4002,2,33.74,25.02,CUST-00769,New,East,Online
TXN-002759,2024-04-01,SOUTH-02,Sports,SPRT-5001,2,89.07,10.92,CUST-00424,Returning,South,In-store
TXN-003716,2024-04-01,SOUTH-01,Electronics,ELEC-1001,3,749.18,0.1,CUST-01165,Returning,South,In-store
TXN-004222,2024-04-01,NORTH-01,Beauty,BEAU-4001,1,12.99,0.0,CUST-00406,Returning,North,In-store
TXN-004567,2024-04-01,CENTRAL-03,Electronics,ELEC-1004,1,39.99,0.0,CUST-00970,New,Central,In-store
TXN-005641,2024-04-01,SOUTH-02,Apparel,APP-3001,2,48.5,2.96,CUST-00539,New,South,Online
TXN-000313,2024-04-02,SOUTH-03,Beauty,BEAU-4003,8,280.0,0.0,CUST-00812,New,South,In-store
TXN-002563,2024-04-02,NORTH-03,Apparel,APP-3002,2,78.93,1.31,CUST-00238,Returning,North,Online
TXN-002823,2024-04-02,SOUTH-02,Apparel,APP-3001,4,99.96,0.0,CUST-00642,New,South,In-store
TXN-003285,2024-04-02,SOUTH-02,Electronics,ELEC-1002,1,80.55,10.0,CUST-01340,Returning,South,In-store
TXN-003534,2024-04-02,NORTH-02,Beauty,BEAU-4001,6,70.52,9.52,CUST-01160,New,North,In-store
TXN-003599,2024-04-02,SOUTH-01,Sports,SPRT-5003,2,223.96,5.9,CUST-00460,Returning,South,In-store
TXN-005013,2024-04-02,WEST-01,Electronics,ELEC-1002,1,89.5,0.0,CUST-00264,Returning,West,In-store
TXN-005223,2024-04-02,NORTH-01,Apparel,APP-3003,3,157.37,11.09,CUST-01501,Returning,North,In-store
TXN-005928,2024-04-02,WEST-03,Home & Kitchen,HOME-2001,3,93.58,10.85,CUST-00605,Returning,West,In-store
TXN-000577,2024-04-03,EAST-02,Home & Kitchen,HOME-2004,1,17.73,11.3,CUST-00830,New,East,Online
TXN-001770,2024-04-03,WEST-01,Sports,SPRT-5004,6,175.81,0.67,CUST-00068,New,West,In-store
TXN-003394,2024-04-03,SOUTH-02,Electronics,ELEC-1003,1,482.5,19.45,CUST-00534,New,South,Online
TXN-003667,2024-04-03,EAST-01,Electronics,ELEC-1001,1,249.99,0.0,CUST-00804,New,East,Online
TXN-004256,2024-04-03,CENTRAL-01,Electronics,ELEC-1004,3,112.95,5.85,CUST-01550,New,Central,In-store
TXN-004273,2024-04-03,WEST-03,Sports,SPRT-5002,3,268.78,0.44,CUST-00061,Returning,West,In-store
TXN-005380,2024-04-03,NORTH-01,Apparel,APP-3001,2,49.98,0.0,CUST-00398,New,North,In-store
TXN-000416,2024-04-04,CENTRAL-02,Beauty,BEAU-4004,2,17.98,0.0,CUST-00964,New,Central,In-store
TXN-000907,2024-04-04,CENTRAL-02,Sports,SPRT-5003,8,758.73,20.3,CUST-01322,Returning,Central,In-store
TXN-001571,2024-04-04,SOUTH-01,Sports,SPRT-5002,1,81.15,9.83,CUST-01278,New,South,In-store
TXN-002723,2024-04-04,EAST-03,Home & Kitchen,HOME-2004,2,35.97,10.02,CUST-01227,New,East,Online
TXN-002805,2024-04-04,WEST-01,Apparel,APP-3001,1,24.99,0.0,CUST-00927,New,West,In-store
TXN-003246,2024-04-04,CENTRAL-01,Electronics,ELEC-1002,8,712.9,0.43,CUST-01420,New,Central,Online
TXN-004296,2024-04-04,WEST-01,Beauty,BEAU-4003,3,102.49,2.39,CUST-00146,Returning,West,In-store
TXN-004879,2024-04-04,WEST-01,Apparel,APP-3001,3,72.05,3.89,CUST-00273,Returning,West,In-store
TXN-005295,2024-04-04,SOUTH-01,Home & Kitchen,HOME-2002,4,316.0,0.0,CUST-01379,New,South,Online
TXN-005329,2024-04-04,NORTH-03,Electronics,ELEC-1004,4,149.41,6.6,CUST-01128,New,North,In-store
TXN-005842,2024-04-04,SOUTH-03,Home & Kitchen,HOME-2003,2,252.16,2.64,CUST-00746,New,South,In-store
TXN-001334,2024-04-05,WEST-01,Apparel,APP-3001,2,48.16,3.65,CUST-00116,New,West,Online
TXN-003034,2024-04-05,EAST-03,Electronics,ELEC-1004,10,391.81,2.02,CUST-01181,Returning,East,In-store
TXN-004278,2024-04-05,WEST-03,Sports,SPRT-5003,3,309.49,13.31,CUST-00294,New,West,Online
TXN-005616,2024-04-05,EAST-03,Electronics,ELEC-1001,1,246.75,1.29,CUST-01738,Returning,East,Online
TXN-005791,2024-04-05,CENTRAL-01,Apparel,APP-3002,2,67.32,15.83,CUST-00668,New,Central,In-store
TXN-005796,2024-04-05,NORTH-01,Electronics,ELEC-1004,6,193.84,19.21,CUST-01228,New,North,In-store
TXN-000181,2024-04-06,EAST-03,Home & Kitchen,HOME-2003,2,248.71,3.97,CUST-01152,New,East,Online
TXN-000567,2024-04-06,NORTH-01,Electronics,ELEC-1002,2,170.12,4.96,CUST-00883,New,North,Online
TXN-000722,2024-04-06,EAST-01,Home & Kitchen,HOME-2004,3,59.97,0.0,CUST-01154,New,East,In-store
TXN-001015,2024-04-06,EAST-01,Electronics,ELEC-1002,1,67.94,24.09,CUST-00309,New,East,In-store
TXN-001330,2024-04-06,CENTRAL-02,Apparel,APP-3004,6,70.11,19.42,CUST-00277,New,Central,Online
TXN-002154,2024-04-06,CENTRAL-02,Home & Kitchen,HOME-2004,4,71.0,11.21,CUST-01306,New,Central,Online
TXN-002822,2024-04-06,NORTH-01,Electronics,ELEC-1004,3,95.6,20.31,CUST-00050,New,North,In-store
TXN-003385,2024-04-06,WEST-03,Apparel,APP-3003,1,59.0,0.0,CUST-01592,Returning,West,In-store
TXN-004116,2024-04-06,EAST-03,Home & Kitchen,HOME-2004,5,86.33,13.63,CUST-00903,New,East,In-store
TXN-004738,2024-04-06,NORTH-01,Beauty,BEAU-4002,1,22.37,0.57,CUST-01259,New,North,Online
TXN-005941,2024-04-06,SOUTH-02,Electronics,ELEC-1004,3,88.76,26.01,CUST-01168,Returning,South,In-store
TXN-000195,2024-04-07,EAST-01,Sports,SPRT-5002,5,449.95,0.0,CUST-01338,New,East,In-store
TXN-000815,2024-04-07,CENTRAL-03,Electronics,ELEC-1002,1,85.62,4.34,CUST-00416,New,Central,Online
TXN-001069,2024-04-07,WEST-01,Apparel,APP-3002,6,239.94,0.0,CUST-00571,New,West,In-store
TXN-001507,2024-04-07,WEST-02,Electronics,ELEC-1002,2,179.0,0.0,CUST-00122,New,West,Online
TXN-003070,2024-04-07,SOUTH-02,Electronics,ELEC-1003,2,972.68,18.81,CUST-00383,New,South,Online
TXN-003670,2024-04-07,CENTRAL-02,Apparel,APP-3003,1,47.54,19.42,CUST-01735,New,Central,In-store
TXN-003688,2024-04-07,CENTRAL-03,Home & Kitchen,HOME-2002,1,74.51,5.68,CUST-00945,Returning,Central,In-store
TXN-004697,2024-04-07,WEST-01,Home & Kitchen,HOME-2002,1,76.18,3.56,CUST-00845,New,West,In-store
TXN-005123,2024-04-07,SOUTH-03,Electronics,ELEC-1004,3,113.65,5.27,CUST-01705,Returning,South,Online
TXN-005257,2024-04-07,SOUTH-02,Home & Kitchen,HOME-2004,6,105.55,12.0,CUST-00394,New,South,Online
TXN-005919,2024-04-07,WEST-02,Apparel,APP-3004,3,41.73,4.06,CUST-01499,Returning,West,In-store
TXN-000016,2024-04-08,CENTRAL-01,Home & Kitchen,HOME-2002,4,252.7,20.03,CUST-00783,Returning,Central,In-store
TXN-000087,2024-04-08,WEST-03,Beauty,BEAU-4001,2,24.89,4.19,CUST-01615,New,West,In-store
TXN-002516,2024-04-08,WEST-02,Home & Kitchen,HOME-2004,4,58.53,26.8,CUST-00072,New,West,In-store
TXN-001299,2024-04-09,EAST-01,Beauty,BEAU-4001,5,52.84,18.64,CUST-01249,New,East,In-store
TXN-001348,2024-04-09,SOUTH-01,Apparel,APP-3003,2,116.98,0.86,CUST-01261,Returning,South,Online
TXN-001450,2024-04-09,WEST-02,Apparel,APP-3002,1,38.31,4.21,CUST-00925,Returning,West,In-store
TXN-001637,2024-04-09,WEST-02,Home & Kitchen,HOME-2003,1,126.5,2.31,CUST-01663,Returning,West,Online
TXN-003032,2024-04-09,WEST-02,Sports,SPRT-5004,1,29.16,1.16,CUST-01448,New,West,In-store
TXN-003665,2024-04-09,EAST-01,Beauty,BEAU-4002,3,56.43,16.4,CUST-01312,Returning,East,In-store
TXN-003873,2024-04-09,SOUTH-03,Electronics,ELEC-1004,1,37.96,5.09,CUST-00442,New,South,In-store
TXN-004506,2024-04-09,NORTH-02,Home & Kitchen,HOME-2004,4,63.61,20.44,CUST-00162,New,North,In-store
TXN-005023,2024-04-09,EAST-01,Sports,SPRT-5002,5,448.64,0.29,CUST-00863,New,East,In-store
TXN-005170,2024-04-09,EAST-02,Sports,SPRT-5002,1,74.72,16.96,CUST-01709,Returning,East,In-store
TXN-005551,2024-04-09,CENTRAL-02,Home & Kitchen,HOME-2001,1,32.09,8.28,CUST-00001,New,Central,Online
TXN-005979,2024-04-09,EAST-03,Sports,SPRT-5001,3,141.66,5.54,CUST-01543,New,East,In-store
TXN-000071,2024-04-10,SOUTH-01,Apparel,APP-3002,1,36.44,8.89,CUST-00842,Returning,South,In-store
TXN-000316,2024-04-10,EAST-03,Home & Kitchen,HOME-2002,3,211.09,10.93,CUST-01324,Returning,East,In-store
TXN-000581,2024-04-10,WEST-03,Beauty,BEAU-4001,1,11.0,15.31,CUST-00440,Returning,West,In-store
TXN-001204,2024-04-10,NORTH-02,Home & Kitchen,HOME-2002,1,76.77,2.83,CUST-00026,Returning,North,Online
TXN-001483,2024-04-10,SOUTH-01,Home & Kitchen,HOME-2001,4,104.68,25.21,CUST-00560,New,South,In-store
TXN-002860,2024-04-10,SOUTH-01,Home & Kitchen,HOME-2004,1,19.99,0.0,CUST-01126,New,South,Online
TXN-002891,2024-04-10,WEST-02,Home & Kitchen,HOME-2001,2,61.35,12.33,CUST-00832,New,West,In-store
TXN-004187,2024-04-10,WEST-02,Apparel,APP-3003,3,177.0,0.0,CUST-00286,Returning,West,Online
TXN-005308,2024-04-10,EAST-02,Beauty,BEAU-4001,3,38.41,1.43,CUST-00925,Returning,East,In-store
TXN-001424,2024-04-11,NORTH-01,Apparel,APP-3001,2,47.63,4.7,CUST-00507,New,North,In-store
TXN-001762,2024-04-11,WEST-01,Home & Kitchen,HOME-2002,8,540.95,14.41,CUST-01571,New,West,Online
TXN-001967,2024-04-11,NORTH-03,Electronics,ELEC-1001,1,249.99,0.0,CUST-01127,New,North,In-store
TXN-002748,2024-04-11,WEST-03,Beauty,BEAU-4004,3,25.21,6.54,CUST-00895,New,West,In-store
TXN-005421,2024-04-11,NORTH-03,Apparel,APP-3004,6,59.91,31.14,CUST-00949,Returning,North,In-store
TXN-000872,2024-04-12,EAST-03,Apparel,APP-3004,1,13.8,4.83,CUST-01641,Returning,East,Online
TXN-001225,2024-04-12,CENTRAL-01,Electronics,ELEC-1004,1,39.31,1.7,CUST-01714,New,Central,In-store
TXN-001546,2024-04-12,WEST-02,Electronics,ELEC-1004,3,119.97,0.0,CUST-00315,Returning,West,In-store
TXN-001858,2024-04-12,CENTRAL-01,Home & Kitchen,HOME-2003,2,259.0,0.0,CUST-01793,Returning,Central,Online
TXN-002257,2024-04-12,NORTH-02,Electronics,ELEC-1004,2,74.48,6.87,CUST-00272,New,North,Online
TXN-002284,2024-04-12,NORTH-02,Sports,SPRT-5002,5,441.74,1.82,CUST-01523,New,North,In-store
TXN-003589,2024-04-12,NORTH-03,Apparel,APP-3002,1,39.85,0.36,CUST-01545,New,North,In-store
TXN-003822,2024-04-12,EAST-02,Beauty,BEAU-4001,1,11.08,14.68,CUST-00685,New,East,Online
TXN-004482,2024-04-12,CENTRAL-02,Sports,SPRT-5001,1,49.71,0.56,CUST-00378,New,Central,In-store
TXN-004683,2024-04-12,EAST-03,Sports,SPRT-5001,4,199.39,0.29,CUST-00045,Returning,East,In-store
TXN-004736,2024-04-12,EAST-02,Home & Kitchen,HOME-2002,1,64.54,18.31,CUST-01181,Returning,East,Online
TXN-005208,2024-04-12,CENTRAL-01,Home & Kitchen,HOME-2001,4,138.58,0.98,CUST-00782,Returning,Central,In-store
TXN-005222,2024-04-12,WEST-01,Sports,SPRT-5003,1,99.79,16.14,CUST-00475,New,West,Online
TXN-000584,2024-04-13,NORTH-02,Beauty,BEAU-4001,1,10.2,21.49,CUST-00207,New,North,Online
TXN-000627,2024-04-13,EAST-02,Home & Kitchen,HOME-2003,2,259.0,0.0,CUST-00731,New,East,Online
TXN-001052,2024-04-13,CENTRAL-01,Electronics,ELEC-1003,10,5130.88,14.34,CUST-00167,Returning,Central,Online
TXN-001307,2024-04-13,SOUTH-02,Home & Kitchen,HOME-2003,5,574.21,11.32,CUST-01490,New,South,In-store
TXN-001631,2024-04-13,SOUTH-02,Home & Kitchen,HOME-2004,2,39.98,0.0,CUST-00818,Returning,South,In-store
TXN-002935,2024-04-13,EAST-01,Sports,SPRT-5002,3,268.13,0.68,CUST-00593,Returning,East,In-store
TXN-003214,2024-04-13,CENTRAL-03,Electronics,ELEC-1001,3,747.03,0.39,CUST-01115,New,Central,In-store
TXN-003924,2024-04-13,EAST-01,Beauty,BEAU-4001,2,25.98,0.0,CUST-00785,New,East,In-store
TXN-004382,2024-04-13,CENTRAL-02,Apparel,APP-3004,2,25.42,12.36,CUST-01666,Returning,Central,Online
TXN-004899,2024-04-13,CENTRAL-01,Apparel,APP-3002,4,142.03,11.21,CUST-01003,New,Central,In-store
TXN-005645,2024-04-13,EAST-01,Electronics,ELEC-1001,3,713.3,4.89,CUST-01614,New,East,Online
TXN-005820,2024-04-13,SOUTH-03,Home & Kitchen,HOME-2004,2,37.01,7.43,CUST-01772,New,South,Online
TXN-000061,2024-04-14,EAST-01,Electronics,ELEC-1001,2,443.18,11.36,CUST-00864,Returning,East,Online
TXN-000066,2024-04-14,EAST-03,Home & Kitchen,HOME-2002,2,148.87,5.78,CUST-01695,Returning,East,Online
TXN-000604,2024-04-14,EAST-03,Apparel,APP-3004,2,28.81,0.66,CUST-00273,Returning,East,In-store
TXN-001313,2024-04-14,WEST-02,Sports,SPRT-5002,1,84.7,5.88,CUST-01033,New,West,Online
TXN-001615,2024-04-14,EAST-01,Home & Kitchen,HOME-2003,4,501.31,3.22,CUST-01773,Returning,East,In-store
TXN-002414,2024-04-14,CENTRAL-03,Beauty,BEAU-4003,4,127.75,8.75,CUST-01496,New,Central,In-store
TXN-002538,2024-04-14,CENTRAL-02,Electronics,ELEC-1002,3,267.78,0.27,CUST-01534,New,Central,In-store
TXN-002946,2024-04-14,EAST-03,Apparel,APP-3002,2,59.72,25.33,CUST-01708,New,East,In-store
TXN-003563,2024-04-14,WEST-01,Sports,SPRT-5002,1,77.73,13.62,CUST-01211,Returning,West,In-store
TXN-000609,2024-04-15,NORTH-01,Beauty,BEAU-4001,4,51.36,1.15,CUST-00661,New,North,Online
TXN-000757,2024-04-15,NORTH-01,Electronics,ELEC-1002,1,76.66,14.34,CUST-00273,Returning,North,In-store
TXN-001585,2024-04-15,SOUTH-02,Home & Kitchen,HOME-2002,3,233.02,1.68,CUST-00266,Returning,South,Online
TXN-002419,2024-04-15,WEST-02,Home & Kitchen,HOME-2002,2,148.63,5.93,CUST-01256,New,West,Online
TXN-002659,2024-04-15,WEST-01,Home & Kitchen,HOME-2004,2,37.92,5.15,CUST-00718,New,West,In-store
TXN-003361,2024-04-15,WEST-03,Electronics,ELEC-1003,1,599.0,0.0,CUST-01517,New,West,In-store
TXN-003472,2024-04-15,SOUTH-01,Sports,SPRT-5003,2,202.41,14.95,CUST-00446,Returning,South,In-store
TXN-004153,2024-04-15,EAST-03,Home & Kitchen,HOME-2001,5,174.95,0.0,CUST-01091,New,East,In-store
TXN-004307,2024-04-15,NORTH-03,Electronics,ELEC-1004,3,107.05,10.77,CUST-01137,Returning,North,In-store
TXN-004523,2024-04-15,NORTH-03,Sports,SPRT-5004,5,119.41,19.05,CUST-01535,New,North,Online
TXN-004791,2024-04-15,WEST-03,Sports,SPRT-5003,1,118.64,0.31,CUST-01452,Returning,West,Online
TXN-000378,2024-04-16,WEST-01,Electronics,ELEC-1002,4,356.63,0.38,CUST-01087,New,West,Online
TXN-002392,2024-04-16,NORTH-03,Home & Kitchen,HOME-2002,1,71.41,9.61,CUST-00437,New,North,In-store
TXN-002501,2024-04-16,EAST-01,Home & Kitchen,HOME-2001,3,93.79,10.65,CUST-01633,New,East,In-store
TXN-002788,2024-04-16,WEST-02,Home & Kitchen,HOME-2002,2,147.92,6.38,CUST-00083,New,West,In-store
TXN-003449,2024-04-16,SOUTH-01,Home & Kitchen,HOME-2002,1,77.76,1.57,CUST-00769,Returning,South,Online
TXN-003735,2024-04-16,NORTH-02,Electronics,ELEC-1001,1,221.36,11.45,CUST-00438,New,North,Online
TXN-004688,2024-04-16,NORTH-02,Electronics,ELEC-1001,2,499.98,0.0,CUST-00404,New,North,In-store
TXN-004824,2024-04-16,CENTRAL-03,Electronics,ELEC-1004,2,64.82,18.95,CUST-01609,Returning,Central,In-store
TXN-005228,2024-04-16,EAST-02,Apparel,APP-3003,1,58.28,1.21,CUST-00876,New,East,In-store
TXN-005480,2024-04-16,WEST-03,Beauty,BEAU-4002,5,99.99,11.12,CUST-00355,Returning,West,In-store
TXN-005954,2024-04-16,WEST-03,Apparel,APP-3003,1,53.92,8.6,CUST-00470,Returning,West,In-store
TXN-000614,2024-04-17,SOUTH-02,Apparel,APP-3003,2,111.55,5.47,CUST-00555,New,South,Online
TXN-000833,2024-04-17,WEST-03,Apparel,APP-3001,1,24.21,3.14,CUST-01635,Returning,West,Online
TXN-001934,2024-04-17,CENTRAL-02,Apparel,APP-3002,1,35.24,11.89,CUST-00874,New,Central,Online
TXN-002147,2024-04-17,WEST-02,Electronics,ELEC-1001,3,631.24,15.83,CUST-01257,New,West,In-store
TXN-003446,2024-04-17,WEST-02,Home & Kitchen,HOME-2002,1,78.31,0.88,CUST-00775,New,West,Online
TXN-004355,2024-04-17,EAST-03,Home & Kitchen,HOME-2003,1,129.19,0.24,CUST-00552,Returning,East,Online
TXN-004889,2024-04-17,EAST-02,Home & Kitchen,HOME-2001,5,164.75,5.83,CUST-00234,New,East,Online
TXN-005140,2024-04-17,WEST-02,Home & Kitchen,HOME-2004,3,59.97,0.0,CUST-00086,Returning,West,In-store
TXN-005652,2024-04-17,EAST-02,Beauty,BEAU-4003,4,131.13,6.34,CUST-01187,New,East,In-store
TXN-000417,2024-04-18,WEST-03,Sports,SPRT-5003,1,117.06,1.63,CUST-01056,New,West,In-store
TXN-000792,2024-04-18,NORTH-03,Electronics,ELEC-1002,3,254.32,5.28,CUST-00548,New,North,Online
TXN-001620,2024-04-18,EAST-03,Home & Kitchen,HOME-2003,2,232.94,10.06,CUST-00253,New,East,Online
TXN-001657,2024-04-18,SOUTH-03,Home & Kitchen,HOME-2002,4,316.0,0.0,CUST-00184,Returning,South,Online
TXN-003662,2024-04-18,NORTH-02,Apparel,APP-3002,2,79.68,0.37,CUST-00839,New,North,Online
TXN-004112,2024-04-18,SOUTH-02,Apparel,APP-3001,1,22.48,10.05,CUST-00467,New,South,In-store
TXN-005368,2024-04-18,SOUTH-02,Sports,SPRT-5002,1,89.5,0.55,CUST-01334,New,South,In-store
TXN-005449,2024-04-18,WEST-02,Apparel,APP-3004,4,44.81,22.74,CUST-00952,Returning,West,In-store
TXN-000564,2024-04-19,WEST-01,Home & Kitchen,HOME-2003,5,647.5,0.0,CUST-00317,New,West,In-store
TXN-001055,2024-04-19,NORTH-03,Apparel,APP-3003,5,294.5,0.17,CUST-01466,Returning,North,In-store
TXN-001298,2024-04-19,WEST-03,Home & Kitchen,HOME-2003,2,259.0,0.0,CUST-00784,Returning,West,In-store
TXN-001590,2024-04-19,SOUTH-03,Electronics,ELEC-1002,1,89.5,0.0,CUST-01081,New,South,In-store
TXN-002125,2024-04-19,SOUTH-01,Apparel,APP-3002,2,69.24,13.43,CUST-00892,Returning,South,In-store
TXN-002404,2024-04-19,WEST-03,Apparel,APP-3003,1,54.09,8.33,CUST-00668,Returning,West,In-store
TXN-002572,2024-04-19,WEST-01,Electronics,ELEC-1004,1,39.99,0.0,CUST-00748,Returning,West,In-store
TXN-002710,2024-04-19,CENTRAL-02,Apparel,APP-3001,1,22.33,10.63,CUST-00880,New,Central,In-store
TXN-004998,2024-04-19,SOUTH-03,Sports,SPRT-5002,4,353.25,1.86,CUST-01062,Returning,South,In-store
TXN-005604,2024-04-19,NORTH-03,Home & Kitchen,HOME-2004,2,39.98,0.0,CUST-01026,New,North,Online
TXN-000827,2024-04-20,CENTRAL-03,Electronics,ELEC-1002,3,212.45,20.87,CUST-01530,New,Central,Online
TXN-001150,2024-04-20,SOUTH-02,Beauty,BEAU-4001,1,11.79,9.25,CUST-00817,New,South,In-store
TXN-002727,2024-04-20,WEST-02,Apparel,APP-3003,1,58.97,0.05,CUST-01276,New,West,Online
TXN-002862,2024-04-20,NORTH-03,Home & Kitchen,HOME-2001,1,34.99,0.0,CUST-01229,Returning,North,In-store
TXN-003259,2024-04-20,NORTH-02,Apparel,APP-3002,4,159.96,0.0,CUST-01621,New,North,In-store
TXN-003644,2024-04-20,SOUTH-02,Beauty,BEAU-4003,1,26.24,25.02,CUST-00528,Returning,South,In-store
TXN-003647,2024-04-20,WEST-03,Sports,SPRT-5001,4,182.66,8.65,CUST-00567,Returning,West,In-store
TXN-003720,2024-04-20,EAST-01,Sports,SPRT-5003,4,467.85,1.71,CUST-00546,Returning,East,In-store
TXN-003925,2024-04-20,WEST-03,Sports,SPRT-5004,6,132.2,25.31,CUST-00972,New,West,In-store
TXN-004333,2024-04-20,CENTRAL-02,Apparel,APP-3002,1,39.59,1.0,CUST-00781,New,Central,In-store
TXN-004764,2024-04-20,WEST-01,Home & Kitchen,HOME-2001,2,69.41,0.81,CUST-00291,Returning,West,In-store
TXN-000922,2024-04-21,NORTH-03,Electronics,ELEC-1002,2,179.0,0.0,CUST-01119,New,North,Online
TXN-001786,2024-04-21,NORTH-02,Electronics,ELEC-1004,1,39.74,0.64,CUST-01345,Returning,North,In-store
TXN-002900,2024-04-21,WEST-03,Beauty,BEAU-4004,1,7.72,14.13,CUST-00966,Returning,West,Online
TXN-005382,2024-04-21,WEST-03,Apparel,APP-3001,1,24.93,0.26,CUST-01432,New,West,Online
TXN-005685,2024-04-21,NORTH-02,Home & Kitchen,HOME-2001,1,34.9,0.25,CUST-00116,Returning,North,In-store
TXN-005973,2024-04-21,EAST-01,Sports,SPRT-5001,2,99.98,0.0,CUST-01222,New,East,Online
TXN-000223,2024-04-22,EAST-03,Beauty,BEAU-4001,5,64.95,0.0,CUST-00540,New,East,In-store
TXN-000580,2024-04-22,SOUTH-01,Sports,SPRT-5001,6,253.42,15.51,CUST-00797,New,South,In-store
TXN-001725,2024-04-22,SOUTH-01,Beauty,BEAU-4003,2,65.42,6.54,CUST-01705,Returning,South,Online
TXN-001955,2024-04-22,EAST-01,Apparel,APP-3002,1,35.95,10.1,CUST-01719,New,East,Online
TXN-002158,2024-04-22,SOUTH-01,Electronics,ELEC-1002,10,726.16,18.86,CUST-00315,Returning,South,In-store
TXN-002216,2024-04-22,CENTRAL-03,Electronics,ELEC-1003,8,4278.86,10.71,CUST-00743,New,Central,Online
TXN-002235,2024-04-22,EAST-03,Home & Kitchen,HOME-2004,1,19.99,0.0,CUST-00733,New,East,In-store
TXN-003597,2024-04-22,CENTRAL-03,Electronics,ELEC-1003,1,448.66,25.1,CUST-00297,New,Central,Online
TXN-003719,2024-04-22,NORTH-03,Home & Kitchen,HOME-2003,4,475.42,8.22,CUST-01302,New,North,Online
TXN-004890,2024-04-22,WEST-03,Apparel,APP-3001,2,49.98,0.0,CUST-00306,New,West,In-store
TXN-000425,2024-04-23,NORTH-01,Apparel,APP-3003,5,240.43,18.5,CUST-01664,New,North,In-store
TXN-001092,2024-04-23,SOUTH-03,Beauty,BEAU-4004,3,23.48,12.95,CUST-01053,New,South,In-store
TXN-001628,2024-04-23,WEST-02,Apparel,APP-3001,2,49.94,0.08,CUST-00212,Returning,West,In-store
TXN-001747,2024-04-23,SOUTH-02,Electronics,ELEC-1003,6,2684.76,25.3,CUST-01183,New,South,In-store
TXN-002247,2024-04-23,CENTRAL-02,Apparel,APP-3004,4,58.0,0.0,CUST-00756,New,Central,Online
TXN-000243,2024-04-24,WEST-03,Apparel,APP-3004,2,23.7,18.26,CUST-00965,Returning,West,Online
TXN-000537,2024-04-24,NORTH-03,Apparel,APP-3002,8,290.68,9.14,CUST-00373,New,North,Online
TXN-001387,2024-04-24,WEST-01,Electronics,ELEC-1003,2,969.93,19.04,CUST-00469,Returning,West,Online
TXN-003185,2024-04-24,SOUTH-02,Electronics,ELEC-1002,3,266.81,0.63,CUST-00369,Returning,South,In-store
TXN-005025,2024-04-24,CENTRAL-02,Home & Kitchen,HOME-2001,4,119.12,14.89,CUST-01382,New,Central,Online
TXN-000192,2024-04-25,EAST-02,Apparel,APP-3003,2,106.7,9.58,CUST-01384,New,East,In-store
TXN-000290,2024-04-25,CENTRAL-01,Beauty,BEAU-4001,4,51.47,0.94,CUST-00015,New,Central,In-store
TXN-002435,2024-04-25,SOUTH-03,Home & Kitchen,HOME-2004,1,17.35,13.19,CUST-01142,New,South,In-store
TXN-003484,2024-04-25,SOUTH-01,Apparel,APP-3002,5,199.18,0.38,CUST-00237,New,South,In-store
TXN-003504,2024-04-25,EAST-02,Apparel,APP-3002,6,239.94,0.0,CUST-01335,New,East,Online
TXN-004569,2024-04-25,WEST-01,Beauty,BEAU-4004,1,8.99,0.0,CUST-01712,Returning,West,In-store
TXN-004649,2024-04-25,CENTRAL-03,Electronics,ELEC-1003,1,544.02,9.18,CUST-01376,New,Central,In-store
TXN-005146,2024-04-25,WEST-01,Apparel,APP-3004,5,56.52,22.04,CUST-01677,Returning,West,In-store
TXN-005834,2024-04-25,WEST-02,Sports,SPRT-5002,5,403.97,10.22,CUST-00720,Returning,West,In-store
TXN-005844,2024-04-25,NORTH-01,Sports,SPRT-5004,1,23.99,18.69,CUST-00176,Returning,North,In-store
TXN-000212,2024-04-26,SOUTH-03,Home & Kitchen,HOME-2003,3,386.45,0.53,CUST-00174,Returning,South,In-store
TXN-000324,2024-04-26,WEST-02,Apparel,APP-3002,8,272.53,14.81,CUST-00566,New,West,Online
TXN-001222,2024-04-26,WEST-01,Electronics,ELEC-1003,2,1025.18,14.43,CUST-01254,New,West,In-store
TXN-002930,2024-04-26,NORTH-03,Apparel,APP-3002,3,119.97,0.0,CUST-01198,Returning,North,In-store
TXN-004140,2024-04-26,SOUTH-02,Electronics,ELEC-1003,3,1699.1,5.45,CUST-00800,Returning,South,Online
TXN-004504,2024-04-26,NORTH-02,Apparel,APP-3004,2,25.78,11.1,CUST-00192,Returning,North,In-store
TXN-004603,2024-04-26,SOUTH-02,Electronics,ELEC-1001,1,241.83,3.26,CUST-00938,New,South,In-store
TXN-004868,2024-04-26,EAST-03,Sports,SPRT-5002,1,89.68,0.35,CUST-00865,New,East,In-store
TXN-005566,2024-04-26,CENTRAL-02,Home & Kitchen,HOME-2003,4,394.91,23.76,CUST-01594,New,Central,In-store
TXN-000110,2024-04-27,NORTH-02,Home & Kitchen,HOME-2003,2,255.26,1.44,CUST-00785,Returning,North,In-store
TXN-001145,2024-04-27,NORTH-01,Electronics,ELEC-1001,2,451.92,9.61,CUST-01493,Returning,North,Online
TXN-001946,2024-04-27,NORTH-02,Apparel,APP-3002,2,67.05,16.17,CUST-00280,Returning,North,Online
TXN-002809,2024-04-27,CENTRAL-03,Apparel,APP-3004,3,43.5,0.0,CUST-01556,Returning,Central,Online
TXN-002884,2024-04-27,EAST-03,Home & Kitchen,HOME-2003,1,127.13,1.83,CUST-01392,Returning,East,In-store
TXN-003953,2024-04-27,WEST-03,Apparel,APP-3004,6,84.17,3.25,CUST-00017,New,West,Online
TXN-004513,2024-04-27,WEST-01,Apparel,APP-3001,4,88.13,11.84,CUST-00372,Returning,West,Online
TXN-005996,2024-04-27,CENTRAL-03,Apparel,APP-3003,4,236.0,0.0,CUST-01762,Returning,Central,In-store
TXN-000428,2024-04-28,SOUTH-03,Electronics,ELEC-1002,1,80.12,10.49,CUST-01034,New,South,In-store
TXN-001049,2024-04-28,WEST-01,Apparel,APP-3003,3,140.29,20.74,CUST-01303,Returning,West,In-store
TXN-001398,2024-04-28,SOUTH-02,Electronics,ELEC-1002,2,151.71,15.25,CUST-01727,New,South,In-store
TXN-002450,2024-04-28,SOUTH-01,Apparel,APP-3003,2,115.51,2.11,CUST-00840,New,South,Online
TXN-002756,2024-04-28,SOUTH-03,Sports,SPRT-5004,2,53.76,8.89,CUST-01701,New,South,In-store
TXN-004045,2024-04-28,WEST-03,Apparel,APP-3001,2,49.24,1.48,CUST-01217,New,West,In-store
TXN-004533,2024-04-28,CENTRAL-03,Home & Kitchen,HOME-2004,4,65.15,18.52,CUST-00483,Returning,Central,In-store
TXN-004812,2024-04-28,WEST-03,Sports,SPRT-5003,4,401.09,15.74,CUST-01078,Returning,West,Online
TXN-002036,2024-04-29,CENTRAL-03,Sports,SPRT-5002,1,71.55,20.49,CUST-00776,New,Central,In-store
TXN-002053,2024-04-29,CENTRAL-01,Beauty,BEAU-4004,4,33.15,7.81,CUST-00702,Returning,Central,In-store
TXN-002387,2024-04-29,WEST-01,Sports,SPRT-5003,2,185.13,22.22,CUST-01362,New,West,In-store
TXN-002518,2024-04-29,NORTH-02,Home & Kitchen,HOME-2001,4,136.45,2.51,CUST-00804,Returning,North,In-store
TXN-002948,2024-04-29,NORTH-02,Electronics,ELEC-1003,10,5291.89,11.65,CUST-01788,New,North,In-store
TXN-004170,2024-04-29,EAST-02,Apparel,APP-3002,2,75.97,5.02,CUST-00223,New,East,Online
TXN-005711,2024-04-29,EAST-03,Beauty,BEAU-4004,1,8.14,9.5,CUST-00185,New,East,In-store
TXN-000235,2024-04-30,SOUTH-03,Apparel,APP-3001,3,72.79,2.91,CUST-01539,New,South,In-store
TXN-000898,2024-04-30,SOUTH-03,Apparel,APP-3003,2,88.33,25.15,CUST-01582,Returning,South,Online
TXN-001029,2024-04-30,SOUTH-02,Electronics,ELEC-1001,2,497.84,0.43,CUST-00734,New,South,In-store
TXN-001044,2024-04-30,CENTRAL-02,Home & Kitchen,HOME-2002,1,66.52,15.8,CUST-01377,New,Central,In-store
TXN-001991,2024-04-30,NORTH-02,Electronics,ELEC-1002,5,405.46,9.39,CUST-01072,New,North,Online
TXN-002937,2024-04-30,SOUTH-01,Electronics,ELEC-1004,1,39.99,0.0,CUST-01006,Returning,South,In-store
TXN-003238,2024-04-30,EAST-03,Home & Kitchen,HOME-2003,3,333.93,14.05,CUST-01349,New,East,In-store
TXN-003515,2024-04-30,CENTRAL-01,Home & Kitchen,HOME-2003,2,259.0,0.0,CUST-00655,New,Central,In-store
TXN-000982,2024-05-01,EAST-03,Apparel,APP-3003,2,118.0,0.0,CUST-01030,New,East,Online
TXN-002962,2024-05-01,SOUTH-02,Apparel,APP-3003,3,171.45,3.14,CUST-01653,Returning,South,In-store
TXN-003500,2024-05-01,WEST-03,Home & Kitchen,HOME-2004,1,16.21,18.92,CUST-00097,New,West,In-store
TXN-003743,2024-05-01,CENTRAL-03,Beauty,BEAU-4004,2,15.89,11.61,CUST-01168,Returning,Central,Online
TXN-003747,2024-05-01,CENTRAL-03,Home & Kitchen,HOME-2002,4,286.79,9.24,CUST-00733,Returning,Central,Online
TXN-005138,2024-05-01,WEST-02,Sports,SPRT-5002,2,169.8,5.65,CUST-01309,New,West,In-store
TXN-005268,2024-05-01,NORTH-01,Beauty,BEAU-4001,4,47.52,8.54,CUST-01269,New,North,Online
TXN-000705,2024-05-02,WEST-01,Beauty,BEAU-4002,2,45.0,0.0,CUST-01367,Returning,West,In-store
TXN-000738,2024-05-02,CENTRAL-01,Electronics,ELEC-1003,3,1788.7,0.46,CUST-00794,Returning,Central,In-store
TXN-000844,2024-05-02,EAST-02,Apparel,APP-3001,5,119.81,4.12,CUST-01421,New,East,Online
TXN-000927,2024-05-02,CENTRAL-01,Apparel,APP-3004,1,12.77,11.92,CUST-01751,Returning,Central,In-store
TXN-003635,2024-05-02,SOUTH-03,Home & Kitchen,HOME-2002,3,222.93,5.93,CUST-01565,Returning,South,Online
TXN-003702,2024-05-02,EAST-01,Electronics,ELEC-1002,3,198.49,26.07,CUST-01292,New,East,In-store
TXN-004577,2024-05-02,NORTH-03,Apparel,APP-3002,5,180.55,9.7,CUST-00207,Returning,North,Online
TXN-004645,2024-05-02,WEST-03,Electronics,ELEC-1002,3,266.47,0.76,CUST-00067,New,West,In-store
TXN-000059,2024-05-03,WEST-01,Electronics,ELEC-1004,2,79.98,0.0,CUST-01796,New,West,In-store
TXN-000966,2024-05-03,WEST-03,Home & Kitchen,HOME-2001,2,63.62,9.09,CUST-00510,Returning,West,Online
TXN-001913,2024-05-03,WEST-01,Electronics,ELEC-1002,3,268.5,0.0,CUST-00886,New,West,Online
TXN-001977,2024-05-03,SOUTH-03,Apparel,APP-3001,2,44.88,10.21,CUST-01462,New,South,Online
TXN-003007,2024-05-03,SOUTH-02,Sports,SPRT-5001,1,49.99,0.0,CUST-01407,Returning,South,Online
TXN-005028,2024-05-03,CENTRAL-01,Electronics,ELEC-1001,3,684.36,8.75,CUST-00304,Returning,Central,Online
TXN-005267,2024-05-03,CENTRAL-01,Home & Kitchen,HOME-2004,1,19.99,0.0,CUST-01754,Returning,Central,In-store
TXN-005445,2024-05-03,EAST-03,Beauty,BEAU-4001,5,62.11,4.37,CUST-00544,New,East,In-store
TXN-000166,2024-05-04,WEST-03,Electronics,ELEC-1002,2,168.96,5.61,CUST-00701,New,West,In-store
TXN-000291,2024-05-04,SOUTH-02,Electronics,ELEC-1004,2,72.76,9.03,CUST-00694,Returning,South,In-store
TXN-000294,2024-05-04,WEST-02,Electronics,ELEC-1004,1,35.9,10.23,CUST-00715,Returning,West,Online
TXN-002260,2024-05-04,WEST-02,Apparel,APP-3004,1,14.48,0.16,CUST-01138,Returning,West,In-store
TXN-003271,2024-05-04,WEST-02,Sports,SPRT-5003,2,215.9,9.29,CUST-01511,Returning,West,In-store
TXN-003389,2024-05-04,WEST-03,Home & Kitchen,HOME-2004,1,18.1,9.44,CUST-00057,New,West,In-store
TXN-004005,2024-05-04,SOUTH-02,Apparel,APP-3002,2,79.98,0.0,CUST-01463,New,South,In-store
TXN-004619,2024-05-04,CENTRAL-03,Electronics,ELEC-1004,1,36.16,9.58,CUST-01510,New,Central,In-store
TXN-004975,2024-05-04,SOUTH-03,Electronics,ELEC-1001,2,499.98,0.0,CUST-00796,Returning,South,In-store
TXN-005213,2024-05-04,WEST-03,Apparel,APP-3003,1,52.8,10.51,CUST-00517,Returning,West,In-store
TXN-001843,2024-05-05,CENTRAL-02,Home & Kitchen,HOME-2001,1,34.99,0.0,CUST-01133,New,Central,Online
TXN-001978,2024-05-05,SOUTH-01,Electronics,ELEC-1002,6,533.02,0.74,CUST-01643,New,South,In-store
TXN-002106,2024-05-05,EAST-02,Beauty,BEAU-4001,1,11.84,8.84,CUST-01172,New,East,Online
TXN-003289,2024-05-05,CENTRAL-02,Home & Kitchen,HOME-2004,1,18.31,8.39,CUST-01370,New,Central,In-store
TXN-005963,2024-05-05,SOUTH-01,Home & Kitchen,HOME-2001,3,104.94,0.03,CUST-00053,New,South,In-store
TXN-000178,2024-05-06,EAST-03,Electronics,ELEC-1004,8,319.92,0.0,CUST-01091,Returning,East,Online
TXN-000276,2024-05-06,CENTRAL-03,Beauty,BEAU-4003,1,35.0,0.0,CUST-01483,Returning,Central,In-store
TXN-000467,2024-05-06,CENTRAL-01,Electronics,ELEC-1003,2,1145.95,4.35,CUST-00857,New,Central,In-store
TXN-001258,2024-05-06,CENTRAL-01,Home & Kitchen,HOME-2001,3,93.81,10.64,CUST-00954,New,Central,Online
TXN-001596,2024-05-06,NORTH-02,Beauty,BEAU-4001,1,12.19,6.13,CUST-00212,Returning,North,Online
TXN-001938,2024-05-06,EAST-02,Sports,SPRT-5004,8,210.14,10.96,CUST-00558,New,East,Online
TXN-002627,2024-05-06,NORTH-02,Home & Kitchen,HOME-2004,2,31.51,21.18,CUST-00210,New,North,In-store
TXN-003527,2024-05-06,CENTRAL-02,Home & Kitchen,HOME-2004,3,54.24,9.55,CUST-00806,Returning,Central,In-store
TXN-004185,2024-05-06,NORTH-03,Apparel,APP-3003,1,52.59,10.87,CUST-01537,New,North,In-store
TXN-005029,2024-05-06,EAST-02,Beauty,BEAU-4003,4,133.45,4.68,CUST-01371,Returning,East,Online
TXN-005316,2024-05-06,EAST-02,Home & Kitchen,HOME-2003,2,259.0,0.0,CUST-00679,New,East,In-store
TXN-005414,2024-05-06,EAST-03,Home & Kitchen,HOME-2003,3,388.5,0.0,CUST-00358,Returning,East,In-store
TXN-005812,2024-05-06,CENTRAL-03,Electronics,ELEC-1003,5,2892.07,3.44,CUST-01221,New,Central,In-store
TXN-000539,2024-05-07,NORTH-03,Home & Kitchen,HOME-2001,1,29.09,16.86,CUST-01718,New,North,In-store
TXN-000808,2024-05-07,WEST-03,Apparel,APP-3002,3,103.81,13.47,CUST-01051,New,West,In-store
TXN-001354,2024-05-07,NORTH-02,Apparel,APP-3003,2,118.0,0.0,CUST-01749,New,North,In-store
TXN-001730,2024-05-07,CENTRAL-01,Beauty,BEAU-4004,3,23.13,14.24,CUST-01321,New,Central,In-store
TXN-002196,2024-05-07,CENTRAL-01,Home & Kitchen,HOME-2003,1,116.01,10.41,CUST-00261,Returning,Central,Online
TXN-002677,2024-05-07,SOUTH-03,Apparel,APP-3001,3,74.97,0.0,CUST-00192,Returning,South,Online
TXN-002909,2024-05-07,WEST-03,Electronics,ELEC-1003,3,1781.36,0.87,CUST-01018,New,West,Online
TXN-003210,2024-05-07,NORTH-01,Apparel,APP-3003,3,176.31,0.39,CUST-01427,New,North,In-store
TXN-004013,2024-05-07,EAST-01,Apparel,APP-3004,1,12.98,10.52,CUST-00999,New,East,In-store
TXN-000707,2024-05-08,SOUTH-03,Electronics,ELEC-1002,1,66.22,26.01,CUST-01564,New,South,In-store
TXN-000892,2024-05-08,NORTH-01,Apparel,APP-3004,6,72.35,16.83,CUST-01113,New,North,In-store
TXN-001508,2024-05-08,NORTH-02,Apparel,APP-3003,2,116.78,1.04,CUST-01164,New,North,In-store
TXN-001520,2024-05-08,CENTRAL-03,Apparel,APP-3004,1,14.5,0.0,CUST-01273,Returning,Central,Online
TXN-001679,2024-05-08,EAST-02,Home & Kitchen,HOME-2004,3,56.48,5.81,CUST-00296,Returning,East,In-store
TXN-002143,2024-05-08,CENTRAL-02,Home & Kitchen,HOME-2004,2,39.98,0.0,CUST-01328,Returning,Central,In-store
TXN-002205,2024-05-08,CENTRAL-01,Beauty,BEAU-4002,2,36.51,18.86,CUST-01672,New,Central,In-store
TXN-002332,2024-05-08,NORTH-01,Apparel,APP-3003,8,467.77,0.9,CUST-01017,New,North,In-store
TXN-002423,2024-05-08,NORTH-03,Electronics,ELEC-1001,1,246.54,1.38,CUST-00877,Returning,North,In-store
TXN-003750,2024-05-08,EAST-02,Apparel,APP-3002,5,197.43,1.26,CUST-00088,Returning,East,Online
TXN-004250,2024-05-08,NORTH-02,Apparel,APP-3004,2,26.34,9.17,CUST-01066,New,North,Online
TXN-004475,2024-05-08,NORTH-03,Electronics,ELEC-1003,2,1010.49,15.65,CUST-01357,New,North,Online
TXN-004794,2024-05-08,CENTRAL-01,Beauty,BEAU-4003,6,206.31,1.76,CUST-00675,New,Central,Online
TXN-005387,2024-05-08,WEST-03,Beauty,BEAU-4002,1,16.68,25.87,CUST-00770,New,West,In-store
TXN-005593,2024-05-08,WEST-03,Electronics,ELEC-1004,2,79.98,0.0,CUST-00225,New,West,In-store
TXN-005841,2024-05-08,CENTRAL-03,Sports,SPRT-5004,1,25.34,14.1,CUST-01099,Returning,Central,In-store
TXN-001890,2024-05-09,SOUTH-02,Electronics,ELEC-1002,1,88.88,0.69,CUST-01729,New,South,In-store
TXN-004103,2024-05-09,CENTRAL-03,Apparel,APP-3003,3,161.38,8.82,CUST-01736,Returning,Central,In-store
TXN-004575,2024-05-09,EAST-02,Beauty,BEAU-4004,1,8.23,8.49,CUST-00195,New,East,In-store
TXN-005544,2024-05-09,NORTH-02,Beauty,BEAU-4001,2,24.98,3.85,CUST-01373,Returning,North,In-store
TXN-000273,2024-05-10,EAST-03,Home & Kitchen,HOME-2003,2,216.72,16.32,CUST-01638,New,East,Online
TXN-000381,2024-05-10,CENTRAL-02,Electronics,ELEC-1003,3,1797.0,0.0,CUST-00759,New,Central,Online
TXN-001232,2024-05-10,CENTRAL-01,Sports,SPRT-5004,2,59.0,0.0,CUST-01164,Returning,Central,In-store
TXN-001343,2024-05-10,SOUTH-03,Beauty,BEAU-4002,1,21.94,2.5,CUST-01719,Returning,South,In-store
TXN-001379,2024-05-10,EAST-02,Home & Kitchen,HOME-2003,1,110.58,14.61,CUST-00683,New,East,In-store
TXN-004239,2024-05-10,NORTH-02,Apparel,APP-3001,3,71.01,5.28,CUST-00456,New,North,In-store
TXN-004669,2024-05-10,SOUTH-03,Electronics,ELEC-1001,8,1813.81,9.31,CUST-00043,New,South,Online
TXN-004834,2024-05-10,SOUTH-01,Beauty,BEAU-4004,3,26.55,1.56,CUST-01788,Returning,South,Online
TXN-005704,2024-05-10,WEST-02,Apparel,APP-3001,10,238.18,4.69,CUST-01389,New,West,In-store
TXN-000932,2024-05-11,NORTH-02,Electronics,ELEC-1001,1,216.32,13.47,CUST-01111,Returning,North,In-store
TXN-001459,2024-05-11,SOUTH-02,Sports,SPRT-5003,1,97.13,18.38,CUST-01156,New,South,In-store
TXN-002266,2024-05-11,EAST-01,Beauty,BEAU-4003,5,173.83,0.67,CUST-01430,Returning,East,In-store
TXN-002374,2024-05-11,CENTRAL-02,Electronics,ELEC-1004,1,39.99,0.0,CUST-00241,Returning,Central,In-store
TXN-002689,2024-05-11,EAST-02,Electronics,ELEC-1001,1,196.72,21.31,CUST-01002,New,East,Online
TXN-003471,2024-05-11,EAST-01,Home & Kitchen,HOME-2002,5,389.47,1.4,CUST-00537,New,East,Online
TXN-005997,2024-05-11,SOUTH-02,Home & Kitchen,HOME-2001,1,34.99,0.0,CUST-00441,Returning,South,Online
TXN-000011,2024-05-12,CENTRAL-03,Electronics,ELEC-1002,3,267.24,0.47,CUST-00481,Returning,Central,In-store
TXN-000238,2024-05-12,WEST-01,Apparel,APP-3004,4,52.44,9.58,CUST-01276,Returning,West,Online
TXN-000363,2024-05-12,CENTRAL-02,Electronics,ELEC-1003,3,1713.85,4.63,CUST-00058,New,Central,Online
TXN-000436,2024-05-12,EAST-03,Apparel,APP-3003,1,59.0,0.0,CUST-00481,Returning,East,In-store
TXN-000475,2024-05-12,CENTRAL-01,Home & Kitchen,HOME-2002,8,632.0,0.0,CUST-01624,Returning,Central,Online
TXN-002467,2024-05-12,WEST-03,Home & Kitchen,HOME-2001,2,62.94,10.06,CUST-01021,New,West,Online
TXN-002565,2024-05-12,SOUTH-03,Apparel,APP-3004,3,42.87,1.44,CUST-01647,Returning,South,In-store
TXN-003137,2024-05-12,EAST-02,Apparel,APP-3004,1,10.89,24.9,CUST-01343,New,East,In-store
TXN-003320,2024-05-12,SOUTH-02,Beauty,BEAU-4001,3,30.81,20.93,CUST-00426,Returning,South,Online
TXN-003835,2024-05-12,CENTRAL-03,Home & Kitchen,HOME-2004,5,99.48,0.47,CUST-00007,Returning,Central,In-store
TXN-004393,2024-05-12,EAST-01,Electronics,ELEC-1002,1,75.19,15.99,CUST-01552,Returning,East,In-store
TXN-005725,2024-05-12,CENTRAL-01,Apparel,APP-3003,10,469.52,20.42,CUST-01224,New,Central,Online
TXN-000092,2024-05-13,NORTH-02,Sports,SPRT-5001,2,89.46,10.52,CUST-01020,Returning,North,In-store
TXN-001702,2024-05-13,SOUTH-02,Home & Kitchen,HOME-2002,3,237.0,0.0,CUST-00081,New,South,Online
TXN-001761,2024-05-13,WEST-02,Apparel,APP-3001,2,39.49,20.99,CUST-01269,Returning,West,In-store
TXN-001851,2024-05-13,WEST-02,Apparel,APP-3002,1,39.84,0.38,CUST-00303,New,West,In-store
TXN-002119,2024-05-13,NORTH-01,Apparel,APP-3004,1,14.45,0.35,CUST-01131,Returning,North,In-store
TXN-002438,2024-05-13,WEST-02,Beauty,BEAU-4003,2,59.9,14.43,CUST-00543,New,West,In-store
TXN-003068,2024-05-13,CENTRAL-03,Sports,SPRT-5003,3,329.46,7.71,CUST-00281,Returning,Central,In-store
TXN-003354,2024-05-13,NORTH-02,Sports,SPRT-5004,3,85.0,3.96,CUST-00038,New,North,In-store
TXN-003703,2024-05-13,WEST-01,Sports,SPRT-5001,1,46.78,6.42,CUST-01784,New,West,Online
TXN-004003,2024-05-13,SOUTH-01,Home & Kitchen,HOME-2002,1,78.92,0.1,CUST-00230,New,South,In-store
TXN-004371,2024-05-13,NORTH-03,Sports,SPRT-5003,1,119.0,0.0,CUST-01031,New,North,Online
TXN-005157,2024-05-13,SOUTH-03,Apparel,APP-3003,1,59.0,0.0,CUST-01052,New,South,In-store
TXN-000823,2024-05-14,WEST-03,Home & Kitchen,HOME-2004,2,37.96,5.05,CUST-01342,New,West,Online
TXN-001295,2024-05-14,SOUTH-02,Sports,SPRT-5004,3,71.1,19.66,CUST-00993,Returning,South,In-store
TXN-002338,2024-05-14,NORTH-03,Apparel,APP-3004,4,49.23,15.12,CUST-01172,Returning,North,In-store
TXN-002445,2024-05-14,CENTRAL-02,Beauty,BEAU-4004,1,6.95,22.72,CUST-01153,Returning,Central,Online
TXN-002875,2024-05-14,WEST-02,Home & Kitchen,HOME-2001,3,74.21,29.3,CUST-00833,New,West,Online
TXN-003392,2024-05-14,CENTRAL-02,Sports,SPRT-5002,8,711.23,1.21,CUST-00043,Returning,Central,In-store
TXN-005259,2024-05-14,SOUTH-01,Electronics,ELEC-1004,1,39.35,1.59,CUST-00358,Returning,South,In-store
TXN-005581,2024-05-14,WEST-02,Home & Kitchen,HOME-2004,6,108.54,9.5,CUST-01323,Returning,West,In-store
TXN-001211,2024-05-15,CENTRAL-01,Home & Kitchen,HOME-2001,1,32.27,7.77,CUST-00406,Returning,Central,Online
TXN-002433,2024-05-15,CENTRAL-03,Electronics,ELEC-1002,2,163.71,8.54,CUST-00792,New,Central,Online
TXN-002705,2024-05-15,SOUTH-01,Electronics,ELEC-1004,1,38.89,2.74,CUST-00835,New,South,In-store
TXN-004856,2024-05-15,CENTRAL-02,Electronics,ELEC-1001,2,499.98,0.0,CUST-01326,Returning,Central,Online
TXN-005900,2024-05-15,CENTRAL-02,Electronics,ELEC-1004,2,63.19,20.99,CUST-00153,New,Central,Online
TXN-000933,2024-05-16,SOUTH-03,Beauty,BEAU-4002,1,19.08,15.19,CUST-01793,Returning,South,In-store
TXN-001250,2024-05-16,SOUTH-01,Apparel,APP-3002,2,79.98,0.0,CUST-00603,Returning,South,Online
TXN-002136,2024-05-16,EAST-03,Beauty,BEAU-4004,2,17.96,0.13,CUST-01255,New,East,Online
TXN-003592,2024-05-16,NORTH-02,Apparel,APP-3003,1,56.19,4.77,CUST-01126,Returning,North,In-store
TXN-004006,2024-05-16,EAST-02,Home & Kitchen,HOME-2004,6,117.47,2.06,CUST-00777,Returning,East,In-store
TXN-001293,2024-05-17,WEST-03,Home & Kitchen,HOME-2002,5,356.48,9.75,CUST-01493,Returning,West,In-store
TXN-001634,2024-05-17,WEST-03,Apparel,APP-3002,4,159.96,0.0,CUST-01398,New,West,In-store
TXN-001794,2024-05-17,NORTH-02,Apparel,APP-3003,4,223.39,5.34,CUST-01467,Returning,North,In-store
TXN-003936,2024-05-17,NORTH-03,Sports,SPRT-5003,3,323.22,9.46,CUST-01364,Returning,North,Online
TXN-004421,2024-05-17,WEST-02,Home & Kitchen,HOME-2003,8,721.57,30.35,CUST-00249,New,West,Online
TXN-005622,2024-05-17,CENTRAL-03,Home & Kitchen,HOME-2001,2,63.52,9.24,CUST-00749,Returning,Central,Online
TXN-000255,2024-05-18,SOUTH-03,Electronics,ELEC-1003,1,568.54,5.09,CUST-01663,Returning,South,Online
TXN-000645,2024-05-18,EAST-02,Beauty,BEAU-4001,1,8.97,30.98,CUST-01348,Returning,East,In-store
TXN-001311,2024-05-18,EAST-01,Beauty,BEAU-4001,4,41.7,19.74,CUST-00563,Returning,East,In-store
TXN-003141,2024-05-18,CENTRAL-03,Apparel,APP-3004,1,12.62,12.95,CUST-00470,Returning,Central,Online
TXN-003166,2024-05-18,NORTH-03,Sports,SPRT-5001,5,241.79,3.27,CUST-00551,Returning,North,Online
TXN-005492,2024-05-18,WEST-01,Home & Kitchen,HOME-2001,3,99.23,5.47,CUST-01610,New,West,Online
TXN-000618,2024-05-19,NORTH-02,Apparel,APP-3004,2,28.96,0.12,CUST-01552,Returning,North,Online
TXN-001944,2024-05-19,WEST-02,Apparel,APP-3002,3,119.76,0.17,CUST-01004,New,West,In-store
TXN-002340,2024-05-19,CENTRAL-03,Home & Kitchen,HOME-2004,2,30.81,22.94,CUST-00227,Returning,Central,Online
TXN-002804,2024-05-19,NORTH-01,Beauty,BEAU-4004,1,7.97,11.32,CUST-00497,New,North,In-store
TXN-003708,2024-05-19,NORTH-02,Electronics,ELEC-1003,1,563.92,5.86,CUST-00675,Returning,North,In-store
TXN-005598,2024-05-19,WEST-02,Beauty,BEAU-4003,5,175.0,0.0,CUST-01421,Returning,West,In-store
TXN-000075,2024-05-20,NORTH-02,Apparel,APP-3003,1,53.8,8.82,CUST-01296,Returning,North,In-store
TXN-000186,2024-05-20,EAST-03,Beauty,BEAU-4003,1,28.22,19.37,CUST-01225,New,East,In-store
TXN-000370,2024-05-20,CENTRAL-01,Beauty,BEAU-4003,3,89.13,15.12,CUST-00196,New,Central,In-store
TXN-000377,2024-05-20,WEST-02,Apparel,APP-3003,1,53.61,9.14,CUST-01197,New,West,In-store
TXN-001253,2024-05-20,WEST-01,Apparel,APP-3001,2,47.21,5.54,CUST-00120,Returning,West,In-store
TXN-002070,2024-05-20,SOUTH-02,Electronics,ELEC-1004,3,112.56,6.18,CUST-01410,Returning,South,In-store
TXN-002904,2024-05-20,NORTH-02,Home & Kitchen,HOME-2004,2,39.98,0.0,CUST-00557,Returning,North,Online
TXN-003199,2024-05-20,CENTRAL-01,Sports,SPRT-5004,4,116.79,1.03,CUST-01488,Returning,Central,Online
TXN-004065,2024-05-20,CENTRAL-01,Home & Kitchen,HOME-2002,6,469.18,1.02,CUST-01109,Returning,Central,In-store
TXN-005762,2024-05-20,WEST-03,Sports,SPRT-5001,2,99.89,0.09,CUST-01380,New,West,In-store
TXN-000663,2024-05-21,CENTRAL-01,Electronics,ELEC-1004,6,179.13,25.34,CUST-01570,New,Central,Online
TXN-000664,2024-05-21,SOUTH-02,Apparel,APP-3004,2,25.9,10.7,CUST-01756,Returning,South,Online
TXN-000954,2024-05-21,CENTRAL-01,Beauty,BEAU-4004,10,89.71,0.21,CUST-00693,New,Central,Online
TXN-001773,2024-05-21,CENTRAL-02,Home & Kitchen,HOME-2004,6,108.27,9.73,CUST-01404,New,Central,Online
TXN-001862,2024-05-21,WEST-03,Beauty,BEAU-4001,3,38.97,0.0,CUST-00436,Returning,West,In-store
TXN-002587,2024-05-21,CENTRAL-03,Home & Kitchen,HOME-2001,2,64.19,8.28,CUST-01493,Returning,Central,In-store
TXN-004218,2024-05-21,WEST-01,Apparel,APP-3004,3,41.92,3.62,CUST-00935,New,West,In-store
TXN-005277,2024-05-21,NORTH-01,Apparel,APP-3002,4,159.96,0.0,CUST-00743,Returning,North,In-store
TXN-005614,2024-05-21,CENTRAL-03,Home & Kitchen,HOME-2002,5,395.0,0.0,CUST-00503,New,Central,In-store
TXN-005625,2024-05-21,SOUTH-03,Home & Kitchen,HOME-2001,1,30.21,13.66,CUST-01483,Returning,South,In-store
TXN-005815,2024-05-21,SOUTH-03,Apparel,APP-3003,5,295.0,0.0,CUST-00234,Returning,South,Online
TXN-005998,2024-05-21,WEST-01,Electronics,ELEC-1004,3,94.86,20.93,CUST-01094,New,West,In-store
TXN-002037,2024-05-22,EAST-02,Apparel,APP-3004,3,39.88,8.33,CUST-01112,New,East,In-store
TXN-002145,2024-05-22,EAST-03,Apparel,APP-3002,1,38.05,4.86,CUST-00407,New,East,In-store
TXN-005451,2024-05-22,EAST-02,Beauty,BEAU-4001,2,23.06,11.23,CUST-00230,Returning,East,In-store
TXN-005697,2024-05-22,NORTH-01,Apparel,APP-3002,5,191.76,4.1,CUST-00397,Returning,North,In-store
TXN-000029,2024-05-23,WEST-03,Beauty,BEAU-4001,1,12.4,4.54,CUST-00742,New,West,In-store
TXN-000649,2024-05-23,WEST-02,Sports,SPRT-5001,2,80.7,19.29,CUST-00605,Returning,West,In-store
TXN-001947,2024-05-23,NORTH-02,Home & Kitchen,HOME-2003,3,371.51,4.37,CUST-01522,New,North,Online
TXN-002498,2024-05-23,WEST-03,Apparel,APP-3003,5,295.0,0.0,CUST-00176,Returning,West,Online
TXN-002837,2024-05-23,EAST-02,Apparel,APP-3001,1,19.79,20.82,CUST-00876,Returning,East,In-store
TXN-004445,2024-05-23,WEST-02,Apparel,APP-3002,8,294.32,8.0,CUST-00980,New,West,In-store
TXN-004689,2024-05-23,EAST-01,Sports,SPRT-5003,3,357.0,0.0,CUST-00286,Returning,East,In-store
TXN-005087,2024-05-23,SOUTH-02,Home & Kitchen,HOME-2002,2,132.68,16.03,CUST-00961,Returning,South,Online
TXN-005716,2024-05-23,NORTH-03,Electronics,ELEC-1002,1,89.5,0.0,CUST-00610,Returning,North,Online
TXN-005942,2024-05-23,CENTRAL-01,Sports,SPRT-5004,2,40.89,30.69,CUST-00442,Returning,Central,Online
TXN-000459,2024-05-24,EAST-02,Beauty,BEAU-4003,10,329.19,5.94,CUST-00347,Returning,East,In-store
TXN-000701,2024-05-24,CENTRAL-01,Sports,SPRT-5003,4,428.15,10.05,CUST-00918,Returning,Central,Online
TXN-001367,2024-05-24,WEST-03,Apparel,APP-3004,3,34.49,20.7,CUST-01544,New,West,Online
TXN-001567,2024-05-24,NORTH-02,Beauty,BEAU-4002,5,85.86,23.68,CUST-00624,Returning,North,In-store
TXN-002016,2024-05-24,SOUTH-02,Apparel,APP-3001,2,49.98,0.0,CUST-01648,New,South,In-store
TXN-002984,2024-05-24,SOUTH-02,Apparel,APP-3004,2,24.19,16.58,CUST-00964,Returning,South,In-store
TXN-002995,2024-05-24,SOUTH-02,Apparel,APP-3004,2,26.2,9.66,CUST-01128,Returning,South,Online
TXN-003040,2024-05-24,NORTH-02,Beauty,BEAU-4003,2,69.61,0.56,CUST-00065,New,North,In-store
TXN-003618,2024-05-24,CENTRAL-03,Electronics,ELEC-1001,3,717.23,4.37,CUST-00163,Returning,Central,Online
TXN-003970,2024-05-24,WEST-01,Home & Kitchen,HOME-2001,2,64.03,8.51,CUST-00535,Returning,West,In-store
TXN-004787,2024-05-24,NORTH-02,Sports,SPRT-5001,1,43.22,13.53,CUST-01119,Returning,North,In-store
TXN-005103,2024-05-24,CENTRAL-02,Beauty,BEAU-4001,3,38.97,0.0,CUST-01449,New,Central,In-store
TXN-005772,2024-05-24,NORTH-01,Home & Kitchen,HOME-2001,1,29.44,15.87,CUST-00177,New,North,In-store
TXN-001317,2024-05-25,WEST-03,Beauty,BEAU-4002,8,172.62,4.1,CUST-00162,Returning,West,In-store
TXN-003150,2024-05-25,SOUTH-03,Home & Kitchen,HOME-2002,1,78.74,0.33,CUST-00564,Returning,South,In-store
TXN-003865,2024-05-25,EAST-01,Beauty,BEAU-4002,3,53.64,20.53,CUST-00823,Returning,East,In-store
TXN-000032,2024-05-26,NORTH-03,Electronics,ELEC-1002,1,71.96,19.59,CUST-01620,New,North,Online
TXN-000489,2024-05-26,CENTRAL-02,Electronics,ELEC-1004,1,34.65,13.36,CUST-00412,Returning,Central,In-store
TXN-000893,2024-05-26,EAST-01,Electronics,ELEC-1002,5,398.97,10.84,CUST-00168,New,East,In-store
TXN-001208,2024-05-26,CENTRAL-02,Electronics,ELEC-1004,1,37.41,6.45,CUST-01128,Returning,Central,Online
TXN-002007,2024-05-26,NORTH-03,Sports,SPRT-5001,1,40.8,18.39,CUST-00608,Returning,North,In-store
TXN-003322,2024-05-26,SOUTH-02,Home & Kitchen,HOME-2003,1,109.4,15.52,CUST-00347,Returning,South,Online
TXN-005199,2024-05-26,WEST-01,Apparel,APP-3001,1,22.22,11.07,CUST-00628,Returning,West,In-store
TXN-000056,2024-05-27,EAST-01,Apparel,APP-3002,3,119.12,0.71,CUST-01379,Returning,East,Online
TXN-001090,2024-05-27,WEST-01,Electronics,ELEC-1002,4,358.0,0.0,CUST-00903,Returning,West,Online
TXN-001209,2024-05-27,EAST-03,Sports,SPRT-5003,6,707.43,0.92,CUST-01608,New,East,In-store
TXN-001669,2024-05-27,NORTH-02,Beauty,BEAU-4002,3,60.78,9.96,CUST-00259,Returning,North,In-store
TXN-002588,2024-05-27,SOUTH-03,Home & Kitchen,HOME-2001,3,103.22,1.67,CUST-00989,Returning,South,In-store
TXN-003245,2024-05-27,WEST-01,Home & Kitchen,HOME-2004,2,36.08,9.75,CUST-00815,New,West,Online
TXN-003663,2024-05-27,NORTH-02,Sports,SPRT-5003,2,237.64,0.15,CUST-01737,Returning,North,In-store
TXN-005241,2024-05-27,CENTRAL-01,Apparel,APP-3002,1,39.86,0.33,CUST-00104,New,Central,In-store
TXN-000463,2024-05-28,NORTH-01,Beauty,BEAU-4004,4,33.67,6.38,CUST-01293,New,North,Online
TXN-002421,2024-05-28,WEST-02,Home & Kitchen,HOME-2002,2,158.0,0.0,CUST-01680,New,West,In-store
TXN-003825,2024-05-28,SOUTH-03,Sports,SPRT-5002,4,269.75,25.06,CUST-00313,Returning,South,In-store
TXN-004104,2024-05-28,WEST-01,Sports,SPRT-5001,4,198.46,0.75,CUST-00775,Returning,West,Online
TXN-001504,2024-05-29,CENTRAL-02,Electronics,ELEC-1001,1,222.37,11.05,CUST-01583,Returning,Central,In-store
TXN-002545,2024-05-29,CENTRAL-02,Apparel,APP-3002,6,239.94,0.0,CUST-00015,Returning,Central,In-store
TXN-003268,2024-05-29,CENTRAL-02,Apparel,APP-3003,2,113.05,4.19,CUST-01227,Returning,Central,Online
TXN-003593,2024-05-29,EAST-02,Home & Kitchen,HOME-2001,4,132.68,5.2,CUST-00119,Returning,East,Online
TXN-005176,2024-05-29,NORTH-01,Apparel,APP-3001,1,24.03,3.85,CUST-00127,New,North,In-store
TXN-005524,2024-05-29,EAST-03,Apparel,APP-3002,5,173.41,13.27,CUST-01776,New,East,Online
TXN-005754,2024-05-29,WEST-02,Electronics,ELEC-1002,3,242.33,9.75,CUST-00382,Returning,West,Online
TXN-002953,2024-05-30,WEST-03,Apparel,APP-3002,1,39.99,0.0,CUST-01138,Returning,West,In-store
TXN-003171,2024-05-30,WEST-01,Apparel,APP-3002,1,36.13,9.66,CUST-01135,Returning,West,In-store
TXN-003709,2024-05-30,SOUTH-03,Electronics,ELEC-1002,1,89.5,0.0,CUST-00272,Returning,South,In-store
TXN-003726,2024-05-30,EAST-02,Apparel,APP-3003,2,116.16,1.56,CUST-01742,New,East,Online
TXN-003931,2024-05-30,EAST-01,Home & Kitchen,HOME-2003,5,550.17,15.03,CUST-00001,Returning,East,In-store
TXN-004659,2024-05-30,WEST-02,Home & Kitchen,HOME-2003,8,866.55,16.36,CUST-00509,New,West,In-store
TXN-001193,2024-05-31,NORTH-01,Electronics,ELEC-1004,3,106.72,11.04,CUST-00311,New,North,In-store
TXN-001948,2024-05-31,WEST-02,Home & Kitchen,HOME-2002,1,76.03,3.76,CUST-00786,New,West,In-store
TXN-002000,2024-05-31,WEST-03,Home & Kitchen,HOME-2002,1,77.91,1.38,CUST-00880,Returning,West,In-store
TXN-002317,2024-05-31,WEST-01,Home & Kitchen,HOME-2004,10,182.2,8.85,CUST-00106,Returning,West,Online
TXN-002377,2024-05-31,NORTH-02,Electronics,ELEC-1003,2,1097.34,8.4,CUST-01711,New,North,Online
TXN-002478,2024-05-31,SOUTH-01,Home & Kitchen,HOME-2002,2,140.37,11.16,CUST-00407,Returning,South,In-store
TXN-003176,2024-05-31,CENTRAL-02,Sports,SPRT-5003,3,349.48,2.11,CUST-01005,New,Central,In-store
TXN-003359,2024-05-31,NORTH-01,Electronics,ELEC-1004,3,119.97,0.0,CUST-00311,New,North,In-store
TXN-004636,2024-05-31,NORTH-03,Beauty,BEAU-4001,1,12.99,0.0,CUST-01223,New,North,In-store
TXN-005216,2024-05-31,SOUTH-01,Sports,SPRT-5001,1,42.79,14.41,CUST-01070,New,South,In-store
TXN-000716,2024-06-01,WEST-02,Apparel,APP-3001,3,71.63,4.45,CUST-00554,New,West,Online
TXN-001138,2024-06-01,CENTRAL-03,Electronics,ELEC-1001,1,209.27,16.29,CUST-00720,Returning,Central,In-store
TXN-001614,2024-06-01,NORTH-03,Beauty,BEAU-4001,2,24.78,4.61,CUST-00908,Returning,North,Online
TXN-001992,2024-06-01,NORTH-02,Home & Kitchen,HOME-2001,2,68.38,2.28,CUST-00662,New,North,Online
TXN-002989,2024-06-01,WEST-03,Electronics,ELEC-1003,3,1579.32,12.11,CUST-01626,New,West,Online
TXN-005512,2024-06-01,WEST-02,Home & Kitchen,HOME-2004,2,29.62,25.92,CUST-00500,New,West,In-store
TXN-000054,2024-06-02,NORTH-03,Apparel,APP-3001,2,40.08,19.82,CUST-00870,New,North,In-store
TXN-001871,2024-06-02,CENTRAL-01,Sports,SPRT-5004,4,116.74,1.07,CUST-00900,New,Central,In-store
TXN-002008,2024-06-02,WEST-03,Apparel,APP-3002,1,36.31,9.2,CUST-01668,New,West,In-store
TXN-003014,2024-06-02,NORTH-01,Apparel,APP-3004,1,10.91,24.78,CUST-01537,Returning,North,Online
TXN-003097,2024-06-02,EAST-01,Beauty,BEAU-4002,2,36.02,19.96,CUST-00417,New,East,In-store
TXN-003401,2024-06-02,EAST-01,Electronics,ELEC-1001,1,247.94,0.82,CUST-00239,New,East,In-store
TXN-003621,2024-06-02,SOUTH-01,Home & Kitchen,HOME-2003,2,257.0,0.77,CUST-00944,Returning,South,In-store
TXN-003794,2024-06-02,SOUTH-02,Home & Kitchen,HOME-2001,2,64.25,8.19,CUST-00510,Returning,South,In-store
TXN-005906,2024-06-02,EAST-03,Beauty,BEAU-4001,2,20.06,22.78,CUST-01775,Returning,East,In-store
TXN-002647,2024-06-03,CENTRAL-02,Apparel,APP-3004,2,23.42,19.26,CUST-00809,New,Central,Online
TXN-003610,2024-06-03,WEST-01,Beauty,BEAU-4002,8,170.2,5.45,CUST-01190,New,West,In-store
TXN-000445,2024-06-04,CENTRAL-02,Home & Kitchen,HOME-2002,2,139.2,11.9,CUST-00457,Returning,Central,Online
TXN-001901,2024-06-04,NORTH-03,Electronics,ELEC-1001,1,246.48,1.4,CUST-00786,Returning,North,In-store
TXN-002124,2024-06-04,SOUTH-01,Electronics,ELEC-1003,4,2055.73,14.2,CUST-00795,Returning,South,Online
TXN-005651,2024-06-04,WEST-01,Electronics,ELEC-1001,1,212.75,14.9,CUST-01410,Returning,West,In-store
TXN-000279,2024-06-05,NORTH-01,Home & Kitchen,HOME-2001,2,69.63,0.5,CUST-00636,New,North,In-store
TXN-000335,2024-06-05,WEST-03,Home & Kitchen,HOME-2001,3,104.97,0.0,CUST-00350,New,West,In-store
TXN-000446,2024-06-05,CENTRAL-02,Beauty,BEAU-4003,6,197.0,6.19,CUST-00408,New,Central,Online
TXN-000569,2024-06-05,SOUTH-02,Home & Kitchen,HOME-2004,1,16.79,16.02,CUST-01019,New,South,In-store
TXN-000654,2024-06-05,SOUTH-03,Apparel,APP-3001,1,19.0,23.96,CUST-01419,New,South,Online
TXN-001768,2024-06-05,EAST-03,Electronics,ELEC-1001,6,1499.94,0.0,CUST-00552,Returning,East,In-store
TXN-001894,2024-06-05,SOUTH-01,Home & Kitchen,HOME-2003,2,234.02,9.64,CUST-00779,New,South,Online
TXN-002264,2024-06-05,SOUTH-01,Electronics,ELEC-1001,6,1268.39,15.44,CUST-01667,New,South,Online
TXN-002286,2024-06-05,CENTRAL-01,Electronics,ELEC-1003,2,1074.71,10.29,CUST-00243,New,Central,In-store
TXN-004433,2024-06-05,CENTRAL-01,Sports,SPRT-5003,2,223.95,5.9,CUST-00409,Returning,Central,In-store
TXN-004808,2024-06-05,SOUTH-03,Apparel,APP-3004,1,12.29,15.24,CUST-00364,New,South,Online
TXN-004849,2024-06-05,WEST-01,Home & Kitchen,HOME-2001,2,69.98,0.0,CUST-01705,Returning,West,Online
TXN-000137,2024-06-06,WEST-01,Electronics,ELEC-1001,1,206.67,17.33,CUST-00951,Returning,West,In-store
TXN-001530,2024-06-06,WEST-03,Electronics,ELEC-1004,2,79.29,0.86,CUST-00476,Returning,West,In-store
TXN-001687,2024-06-06,CENTRAL-02,Electronics,ELEC-1001,2,488.93,2.21,CUST-00066,New,Central,In-store
TXN-002082,2024-06-06,NORTH-02,Apparel,APP-3003,2,118.0,0.0,CUST-00006,New,North,In-store
TXN-002536,2024-06-06,NORTH-03,Home & Kitchen,HOME-2002,2,133.43,15.55,CUST-00098,New,North,In-store
TXN-004420,2024-06-06,CENTRAL-03,Sports,SPRT-5004,1,26.08,11.6,CUST-00340,Returning,Central,In-store
TXN-004625,2024-06-06,WEST-02,Home & Kitchen,HOME-2003,1,117.44,9.31,CUST-01593,Returning,West,Online
TXN-004779,2024-06-06,WEST-02,Sports,SPRT-5004,8,211.97,10.18,CUST-01494,Returning,West,Online
TXN-004838,2024-06-06,NORTH-01,Electronics,ELEC-1002,1,89.5,0.0,CUST-00109,New,North,In-store
TXN-005080,2024-06-06,CENTRAL-03,Home & Kitchen,HOME-2002,2,158.0,0.0,CUST-01368,New,Central,In-store
TXN-000743,2024-06-07,SOUTH-02,Sports,SPRT-5002,1,79.48,11.68,CUST-00091,New,South,In-store
TXN-001454,2024-06-07,WEST-03,Apparel,APP-3003,5,295.0,0.0,CUST-01650,New,West,In-store
TXN-001475,2024-06-07,CENTRAL-01,Home & Kitchen,HOME-2004,1,19.02,4.86,CUST-00279,New,Central,In-store
TXN-002259,2024-06-07,WEST-03,Sports,SPRT-5001,2,91.14,8.85,CUST-01695,Returning,West,In-store
TXN-003997,2024-06-07,SOUTH-03,Sports,SPRT-5001,1,46.67,6.63,CUST-00131,Returning,South,In-store
TXN-004052,2024-06-07,WEST-03,Home & Kitchen,HOME-2003,6,760.99,2.06,CUST-00256,Returning,West,Online
TXN-004263,2024-06-07,NORTH-01,Home & Kitchen,HOME-2003,4,368.84,28.79,CUST-01050,New,North,In-store
TXN-005166,2024-06-07,WEST-03,Beauty,BEAU-4002,1,20.11,10.64,CUST-00153,Returning,West,Online
TXN-005394,2024-06-07,CENTRAL-02,Sports,SPRT-5001,4,154.7,22.63,CUST-01049,New,Central,In-store
TXN-005504,2024-06-07,EAST-03,Apparel,APP-3001,2,49.98,0.0,CUST-01213,New,East,In-store
TXN-000167,2024-06-08,NORTH-01,Apparel,APP-3002,10,396.26,0.91,CUST-00985,Returning,North,In-store
TXN-001347,2024-06-08,SOUTH-02,Apparel,APP-3001,5,123.75,0.96,CUST-01372,New,South,Online
TXN-001881,2024-06-08,SOUTH-02,Apparel,APP-3004,4,51.48,11.24,CUST-00242,Returning,South,In-store
TXN-005393,2024-06-08,SOUTH-02,Electronics,ELEC-1003,4,2180.52,8.99,CUST-01427,Returning,South,Online
TXN-005971,2024-06-08,WEST-02,Electronics,ELEC-1001,6,1477.54,1.49,CUST-01017,Returning,West,Online
TXN-001291,2024-06-09,EAST-03,Apparel,APP-3003,4,217.27,7.94,CUST-01546,Returning,East,Online
TXN-001635,2024-06-09,WEST-03,Sports,SPRT-5001,3,136.23,9.16,CUST-00569,New,West,Online
TXN-003066,2024-06-09,SOUTH-02,Home & Kitchen,HOME-2001,1,33.33,4.73,CUST-00012,New,South,In-store
TXN-003184,2024-06-09,WEST-03,Apparel,APP-3003,8,472.0,0.0,CUST-00232,New,West,Online
TXN-003386,2024-06-09,SOUTH-03,Apparel,APP-3002,1,32.5,18.73,CUST-00768,Returning,South,In-store
TXN-003673,2024-06-09,SOUTH-03,Home & Kitchen,HOME-2001,6,188.07,10.42,CUST-00112,New,South,Online
TXN-005274,2024-06-09,NORTH-01,Sports,SPRT-5002,1,89.99,0.0,CUST-01342,Returning,North,In-store
TXN-000122,2024-06-10,NORTH-01,Sports,SPRT-5002,4,306.14,14.95,CUST-00530,Returning,North,Online
TXN-000159,2024-06-10,WEST-03,Apparel,APP-3004,1,13.14,9.39,CUST-01205,New,West,Online
TXN-000991,2024-06-10,WEST-03,Apparel,APP-3004,2,29.0,0.0,CUST-00084,New,West,In-store
TXN-001390,2024-06-10,SOUTH-02,Apparel,APP-3004,1,14.49,0.08,CUST-01372,Returning,South,Online
TXN-001584,2024-06-10,SOUTH-03,Electronics,ELEC-1001,1,189.05,24.38,CUST-00847,Returning,South,Online
TXN-002013,2024-06-10,CENTRAL-03,Beauty,BEAU-4002,3,63.55,5.84,CUST-00203,New,Central,In-store
TXN-002622,2024-06-10,WEST-02,Home & Kitchen,HOME-2001,4,139.96,0.0,CUST-01360,Returning,West,Online
TXN-003118,2024-06-10,CENTRAL-03,Beauty,BEAU-4004,4,35.92,0.11,CUST-00897,New,Central,In-store
TXN-003307,2024-06-10,EAST-02,Sports,SPRT-5001,1,45.59,8.8,CUST-01105,New,East,In-store
TXN-003575,2024-06-10,WEST-02,Electronics,ELEC-1004,3,97.41,18.8,CUST-01552,Returning,West,Online
TXN-001685,2024-06-11,CENTRAL-01,Home & Kitchen,HOME-2003,4,518.0,0.0,CUST-01125,Returning,Central,In-store
TXN-003001,2024-06-11,SOUTH-02,Apparel,APP-3001,3,62.78,16.26,CUST-00676,New,South,In-store
TXN-003187,2024-06-11,CENTRAL-01,Home & Kitchen,HOME-2002,3,214.48,9.5,CUST-00881,New,Central,In-store
TXN-003430,2024-06-11,WEST-02,Home & Kitchen,HOME-2003,1,118.94,8.16,CUST-01429,Returning,West,In-store
TXN-003548,2024-06-11,NORTH-03,Electronics,ELEC-1001,4,842.35,15.76,CUST-00691,New,North,In-store
TXN-003796,2024-06-11,SOUTH-01,Electronics,ELEC-1001,3,621.25,17.16,CUST-00742,Returning,South,In-store
TXN-004903,2024-06-11,NORTH-01,Electronics,ELEC-1001,1,249.99,0.0,CUST-01676,New,North,In-store
TXN-005197,2024-06-11,WEST-02,Beauty,BEAU-4001,4,44.07,15.19,CUST-01090,Returning,West,Online
TXN-002111,2024-06-12,CENTRAL-01,Electronics,ELEC-1004,3,96.45,19.61,CUST-01055,New,Central,In-store
TXN-002375,2024-06-12,WEST-03,Electronics,ELEC-1004,8,319.06,0.27,CUST-00929,New,West,In-store
TXN-005797,2024-06-12,SOUTH-02,Home & Kitchen,HOME-2002,1,79.0,0.0,CUST-01318,New,South,In-store
TXN-000940,2024-06-13,WEST-02,Beauty,BEAU-4001,1,9.61,26.04,CUST-01186,New,West,In-store
TXN-001007,2024-06-13,WEST-01,Electronics,ELEC-1002,1,88.19,1.46,CUST-00625,Returning,West,In-store
TXN-001839,2024-06-13,CENTRAL-03,Beauty,BEAU-4001,4,47.95,7.71,CUST-00954,Returning,Central,In-store
TXN-002032,2024-06-13,NORTH-01,Electronics,ELEC-1004,3,106.94,10.86,CUST-01110,New,North,In-store
TXN-002195,2024-06-13,NORTH-02,Beauty,BEAU-4003,4,127.59,8.86,CUST-00228,New,North,In-store
TXN-003659,2024-06-13,SOUTH-02,Beauty,BEAU-4001,8,103.92,0.0,CUST-00938,Returning,South,In-store
TXN-003695,2024-06-13,NORTH-02,Apparel,APP-3001,4,99.47,0.49,CUST-01167,Returning,North,In-store
TXN-003705,2024-06-13,SOUTH-03,Beauty,BEAU-4001,1,12.99,0.0,CUST-01089,Returning,South,In-store
TXN-003900,2024-06-13,CENTRAL-02,Sports,SPRT-5004,2,55.37,6.15,CUST-01506,New,Central,In-store
TXN-004965,2024-06-13,SOUTH-01,Beauty,BEAU-4004,3,25.66,4.87,CUST-00880,Returning,South,In-store
TXN-005006,2024-06-13,NORTH-01,Home & Kitchen,HOME-2002,1,71.82,9.09,CUST-00431,New,North,Online
TXN-005532,2024-06-13,EAST-01,Electronics,ELEC-1004,1,36.19,9.5,CUST-01447,New,East,Online
TXN-000745,2024-06-14,NORTH-02,Apparel,APP-3002,1,39.99,0.0,CUST-00665,New,North,In-store
TXN-001128,2024-06-14,EAST-03,Home & Kitchen,HOME-2004,3,54.41,9.26,CUST-00126,Returning,East,In-store
TXN-001502,2024-06-14,EAST-01,Sports,SPRT-5001,1,49.79,0.39,CUST-00838,New,East,In-store
TXN-001709,2024-06-14,EAST-03,Home & Kitchen,HOME-2004,6,119.94,0.0,CUST-00239,Returning,East,In-store
TXN-002004,2024-06-14,SOUTH-02,Home & Kitchen,HOME-2004,2,37.02,7.39,CUST-01233,New,South,In-store
TXN-002160,2024-06-14,WEST-03,Electronics,ELEC-1004,2,70.49,11.86,CUST-01570,Returning,West,In-store
TXN-002261,2024-06-14,SOUTH-01,Apparel,APP-3001,1,24.99,0.0,CUST-00578,New,South,In-store
TXN-003083,2024-06-14,EAST-02,Home & Kitchen,HOME-2001,2,66.61,4.81,CUST-00904,New,East,Online
TXN-003483,2024-06-14,NORTH-03,Home & Kitchen,HOME-2001,6,184.69,12.03,CUST-00262,Returning,North,In-store
TXN-003616,2024-06-14,CENTRAL-01,Apparel,APP-3004,2,26.21,9.62,CUST-01177,Returning,Central,In-store
TXN-003821,2024-06-14,SOUTH-03,Electronics,ELEC-1002,2,131.84,26.35,CUST-01393,Returning,South,In-store
TXN-004930,2024-06-14,EAST-02,Apparel,APP-3002,1,35.75,10.61,CUST-01581,New,East,Online
TXN-005958,2024-06-14,WEST-02,Beauty,BEAU-4004,6,51.17,5.14,CUST-00559,New,West,Online
TXN-000236,2024-06-15,NORTH-02,Electronics,ELEC-1002,4,285.17,20.34,CUST-00712,New,North,In-store
TXN-003728,2024-06-15,WEST-01,Apparel,APP-3004,4,57.39,1.06,CUST-00472,New,West,In-store
TXN-005618,2024-06-15,EAST-02,Electronics,ELEC-1002,1,71.78,19.8,CUST-00378,Returning,East,Online
TXN-005817,2024-06-15,WEST-03,Sports,SPRT-5002,3,244.01,9.62,CUST-01732,New,West,Online
TXN-000890,2024-06-16,NORTH-01,Beauty,BEAU-4002,3,67.5,0.0,CUST-01748,New,North,In-store
TXN-001329,2024-06-16,EAST-01,Sports,SPRT-5004,2,52.96,10.24,CUST-00620,New,East,In-store
TXN-001468,2024-06-16,NORTH-01,Home & Kitchen,HOME-2004,3,59.97,0.0,CUST-00454,New,North,In-store
TXN-002540,2024-06-16,WEST-01,Apparel,APP-3003,1,49.96,15.32,CUST-01664,Returning,West,Online
TXN-003613,2024-06-16,EAST-03,Apparel,APP-3001,2,49.69,0.57,CUST-00213,New,East,Online
TXN-004034,2024-06-16,NORTH-01,Sports,SPRT-5003,3,357.0,0.0,CUST-01087,Returning,North,In-store
TXN-004138,2024-06-16,CENTRAL-02,Apparel,APP-3003,1,59.0,0.0,CUST-01722,New,Central,In-store
TXN-004247,2024-06-16,WEST-03,Home & Kitchen,HOME-2001,5,174.95,0.0,CUST-01531,New,West,Online
TXN-004919,2024-06-16,CENTRAL-03,Home & Kitchen,HOME-2004,2,37.66,5.8,CUST-00622,New,Central,In-store
TXN-005486,2024-06-16,WEST-01,Beauty,BEAU-4002,3,67.5,0.0,CUST-01651,New,West,Online
TXN-005694,2024-06-16,WEST-02,Home & Kitchen,HOME-2003,4,518.0,0.0,CUST-00512,New,West,In-store
TXN-000398,2024-06-17,EAST-01,Electronics,ELEC-1003,2,1181.24,1.4,CUST-00654,New,East,Online
TXN-000534,2024-06-17,EAST-03,Sports,SPRT-5001,1,45.44,9.09,CUST-01191,New,East,In-store
TXN-002023,2024-06-17,WEST-02,Electronics,ELEC-1001,1,247.87,0.85,CUST-00307,New,West,In-store
TXN-002206,2024-06-17,CENTRAL-01,Sports,SPRT-5001,3,129.46,13.68,CUST-01774,Returning,Central,In-store
TXN-002886,2024-06-17,NORTH-03,Electronics,ELEC-1003,8,3366.6,29.75,CUST-00266,Returning,North,Online
TXN-003295,2024-06-17,SOUTH-01,Home & Kitchen,HOME-2001,5,172.35,1.49,CUST-00223,Returning,South,In-store
TXN-003934,2024-06-17,NORTH-02,Beauty,BEAU-4001,4,42.25,18.69,CUST-00506,New,North,Online
TXN-004913,2024-06-17,CENTRAL-02,Home & Kitchen,HOME-2002,2,148.97,5.72,CUST-00365,New,Central,In-store
TXN-005419,2024-06-17,EAST-02,Electronics,ELEC-1001,1,229.2,8.32,CUST-00477,Returning,East,In-store
TXN-001352,2024-06-18,NORTH-03,Home & Kitchen,HOME-2003,1,121.36,6.28,CUST-01412,New,North,In-store
TXN-001807,2024-06-18,CENTRAL-01,Beauty,BEAU-4002,6,114.51,15.18,CUST-00410,Returning,Central,Online
TXN-002233,2024-06-18,NORTH-01,Electronics,ELEC-1002,3,243.72,9.23,CUST-00172,New,North,In-store
TXN-003236,2024-06-18,CENTRAL-01,Electronics,ELEC-1003,6,3594.0,0.0,CUST-00037,Returning,Central,In-store
TXN-005130,2024-06-18,EAST-01,Apparel,APP-3001,5,106.97,14.39,CUST-01577,Returning,East,In-store
TXN-005323,2024-06-18,NORTH-03,Electronics,ELEC-1003,1,504.36,15.8,CUST-01292,Returning,North,Online
TXN-000710,2024-06-19,SOUTH-01,Sports,SPRT-5003,4,451.26,5.2,CUST-00241,Returning,South,In-store
TXN-001169,2024-06-19,CENTRAL-02,Electronics,ELEC-1004,1,39.99,0.0,CUST-01634,New,Central,In-store
TXN-001261,2024-06-19,SOUTH-01,Sports,SPRT-5003,6,646.11,9.51,CUST-01744,Returning,South,In-store
TXN-002313,2024-06-19,WEST-02,Electronics,ELEC-1004,3,84.89,29.24,CUST-00638,New,West,In-store
TXN-002792,2024-06-19,SOUTH-03,Electronics,ELEC-1002,2,160.2,10.5,CUST-00317,Returning,South,In-store
TXN-002793,2024-06-19,SOUTH-01,Sports,SPRT-5003,1,100.71,15.37,CUST-00764,New,South,In-store
TXN-003461,2024-06-19,NORTH-02,Beauty,BEAU-4003,1,35.0,0.0,CUST-00308,Returning,North,Online
TXN-003890,2024-06-19,NORTH-03,Electronics,ELEC-1002,10,730.09,18.43,CUST-01790,New,North,Online
TXN-003994,2024-06-19,SOUTH-03,Beauty,BEAU-4003,3,105.0,0.0,CUST-01204,New,South,Online
TXN-004900,2024-06-19,WEST-02,Home & Kitchen,HOME-2002,3,236.23,0.32,CUST-00397,Returning,West,In-store
TXN-005238,2024-06-19,NORTH-02,Sports,SPRT-5001,2,80.26,19.72,CUST-00878,Returning,North,In-store
TXN-005934,2024-06-19,NORTH-01,Home & Kitchen,HOME-2004,3,57.81,3.6,CUST-00675,Returning,North,In-store
TXN-000379,2024-06-20,NORTH-03,Beauty,BEAU-4002,2,33.65,25.22,CUST-00143,New,North,In-store
TXN-000389,2024-06-20,EAST-03,Electronics,ELEC-1004,3,113.28,5.58,CUST-00696,New,East,In-store
TXN-000825,2024-06-20,WEST-01,Home & Kitchen,HOME-2003,3,341.3,12.15,CUST-01117,Returning,West,In-store
TXN-000950,2024-06-20,WEST-02,Home & Kitchen,HOME-2001,3,83.5,20.46,CUST-01034,Returning,West,In-store
TXN-001867,2024-06-20,NORTH-02,Apparel,APP-3001,1,23.36,6.51,CUST-01419,Returning,North,Online
TXN-002285,2024-06-20,EAST-02,Apparel,APP-3001,1,20.2,19.16,CUST-01164,Returning,East,In-store
TXN-003201,2024-06-20,WEST-03,Home & Kitchen,HOME-2001,1,31.28,10.62,CUST-00556,Returning,West,Online
TXN-003806,2024-06-20,NORTH-01,Beauty,BEAU-4003,2,63.99,8.58,CUST-01488,Returning,North,In-store
TXN-001760,2024-06-21,CENTRAL-01,Home & Kitchen,HOME-2002,2,135.81,14.05,CUST-00956,Returning,Central,Online
TXN-001841,2024-06-21,NORTH-02,Home & Kitchen,HOME-2003,3,369.86,4.8,CUST-00542,Returning,North,In-store
TXN-002955,2024-06-21,WEST-03,Apparel,APP-3004,3,39.52,9.15,CUST-00033,New,West,In-store
TXN-003549,2024-06-21,SOUTH-02,Electronics,ELEC-1003,1,527.01,12.02,CUST-00526,New,South,In-store
TXN-003567,2024-06-21,WEST-01,Electronics,ELEC-1001,3,673.33,10.22,CUST-01368,Returning,West,In-store
TXN-003808,2024-06-21,SOUTH-03,Sports,SPRT-5002,10,899.9,0.0,CUST-00118,New,South,Online
TXN-001118,2024-06-22,EAST-01,Apparel,APP-3004,3,30.56,29.75,CUST-00627,Returning,East,In-store
TXN-001133,2024-06-22,WEST-02,Home & Kitchen,HOME-2004,2,36.03,9.89,CUST-00861,New,West,In-store
TXN-001698,2024-06-22,EAST-02,Sports,SPRT-5001,1,49.99,0.0,CUST-00840,Returning,East,In-store
TXN-002413,2024-06-22,SOUTH-02,Apparel,APP-3002,1,34.15,14.59,CUST-00623,New,South,In-store
TXN-000152,2024-06-23,WEST-02,Home & Kitchen,HOME-2004,1,19.34,3.26,CUST-01681,New,West,Online
TXN-001105,2024-06-23,CENTRAL-01,Electronics,ELEC-1001,2,471.24,5.75,CUST-00138,New,Central,Online
TXN-001284,2024-06-23,CENTRAL-02,Sports,SPRT-5002,2,177.93,1.14,CUST-01386,New,Central,In-store
TXN-001433,2024-06-23,SOUTH-02,Home & Kitchen,HOME-2002,1,67.45,14.62,CUST-00911,New,South,In-store
TXN-002002,2024-06-23,EAST-02,Electronics,ELEC-1002,8,656.33,8.33,CUST-00951,Returning,East,In-store
TXN-002133,2024-06-23,WEST-03,Apparel,APP-3004,2,25.1,13.43,CUST-00389,New,West,In-store
TXN-002253,2024-06-23,CENTRAL-01,Beauty,BEAU-4002,2,45.0,0.0,CUST-00775,Returning,Central,In-store
TXN-002633,2024-06-23,NORTH-01,Home & Kitchen,HOME-2003,2,208.68,19.43,CUST-00228,Returning,North,In-store
TXN-002690,2024-06-23,NORTH-03,Home & Kitchen,HOME-2004,4,79.96,0.0,CUST-00542,Returning,North,In-store
TXN-003202,2024-06-23,NORTH-03,Apparel,APP-3003,5,270.85,8.19,CUST-00230,Returning,North,Online
TXN-004714,2024-06-23,WEST-01,Apparel,APP-3003,2,106.5,9.75,CUST-00352,New,West,Online
TXN-000677,2024-06-24,SOUTH-02,Home & Kitchen,HOME-2001,3,103.88,1.04,CUST-01418,New,South,In-store
TXN-001611,2024-06-24,WEST-02,Home & Kitchen,HOME-2002,3,218.13,7.96,CUST-00992,New,West,In-store
TXN-001972,2024-06-24,WEST-01,Beauty,BEAU-4004,1,8.29,7.77,CUST-00066,Returning,West,In-store
TXN-002199,2024-06-24,WEST-03,Electronics,ELEC-1002,3,265.61,1.07,CUST-01796,Returning,West,Online
TXN-002672,2024-06-24,NORTH-01,Home & Kitchen,HOME-2004,6,119.94,0.0,CUST-00355,Returning,North,Online
TXN-003094,2024-06-24,SOUTH-01,Apparel,APP-3002,2,79.98,0.0,CUST-00732,Returning,South,In-store
TXN-003466,2024-06-24,NORTH-01,Home & Kitchen,HOME-2002,6,427.6,9.79,CUST-00022,New,North,In-store
TXN-003498,2024-06-24,CENTRAL-03,Home & Kitchen,HOME-2003,1,125.05,3.44,CUST-01333,New,Central,Online
TXN-003778,2024-06-24,NORTH-01,Electronics,ELEC-1002,4,354.2,1.06,CUST-00863,Returning,North,In-store
TXN-003982,2024-06-24,CENTRAL-03,Sports,SPRT-5004,1,29.5,0.0,CUST-00784,Returning,Central,Online
TXN-005127,2024-06-24,SOUTH-03,Electronics,ELEC-1002,2,176.12,1.61,CUST-01299,New,South,In-store
TXN-005482,2024-06-24,CENTRAL-02,Apparel,APP-3004,3,43.5,0.0,CUST-00174,Returning,Central,Online
TXN-005485,2024-06-24,WEST-03,Home & Kitchen,HOME-2003,2,253.91,1.96,CUST-01373,Returning,West,Online
TXN-005944,2024-06-24,SOUTH-02,Apparel,APP-3004,5,68.36,5.71,CUST-00149,New,South,In-store
TXN-003280,2024-06-25,WEST-01,Apparel,APP-3002,4,137.76,13.88,CUST-00120,Returning,West,Online
TXN-003983,2024-06-25,SOUTH-01,Electronics,ELEC-1003,3,1795.06,0.11,CUST-01452,Returning,South,In-store
TXN-004017,2024-06-25,EAST-02,Home & Kitchen,HOME-2004,2,38.09,4.74,CUST-00482,New,East,In-store
TXN-005233,2024-06-25,CENTRAL-02,Beauty,BEAU-4002,3,66.44,1.57,CUST-00832,Returning,Central,In-store
TXN-005487,2024-06-25,SOUTH-03,Beauty,BEAU-4004,2,17.98,0.0,CUST-01741,New,South,In-store
TXN-001729,2024-06-26,WEST-01,Electronics,ELEC-1001,2,499.98,0.0,CUST-01343,Returning,West,Online
TXN-002319,2024-06-26,EAST-02,Home & Kitchen,HOME-2003,3,388.5,0.0,CUST-01796,Returning,East,Online
TXN-002871,2024-06-26,CENTRAL-03,Electronics,ELEC-1002,1,87.81,1.89,CUST-00807,New,Central,Online
TXN-003071,2024-06-26,EAST-01,Apparel,APP-3004,4,58.0,0.0,CUST-01661,New,East,In-store
TXN-004499,2024-06-26,SOUTH-01,Apparel,APP-3002,1,39.99,0.0,CUST-01693,New,South,In-store
TXN-005452,2024-06-26,SOUTH-02,Sports,SPRT-5004,2,56.23,4.7,CUST-01586,New,South,Online
TXN-005456,2024-06-26,NORTH-03,Sports,SPRT-5002,2,161.17,10.45,CUST-01175,New,North,In-store
TXN-003876,2024-06-27,WEST-03,Electronics,ELEC-1004,3,103.78,13.5,CUST-00609,New,West,In-store
TXN-005615,2024-06-27,EAST-01,Electronics,ELEC-1004,3,111.84,6.78,CUST-01299,Returning,East,In-store
TXN-005666,2024-06-27,NORTH-02,Sports,SPRT-5001,1,43.86,12.26,CUST-01722,Returning,North,In-store
TXN-000693,2024-06-28,SOUTH-03,Sports,SPRT-5002,2,156.54,13.02,CUST-00368,New,South,In-store
TXN-002751,2024-06-28,SOUTH-03,Sports,SPRT-5001,3,131.57,12.27,CUST-01361,New,South,Online
TXN-004118,2024-06-28,NORTH-01,Apparel,APP-3001,1,22.28,10.86,CUST-01033,Returning,North,In-store
TXN-005859,2024-06-28,SOUTH-03,Home & Kitchen,HOME-2002,1,74.97,5.1,CUST-00393,New,South,In-store
TXN-001353,2024-06-29,NORTH-02,Apparel,APP-3004,1,13.22,8.82,CUST-01623,New,North,In-store
TXN-001506,2024-06-29,SOUTH-01,Apparel,APP-3001,5,122.76,1.75,CUST-01271,New,South,In-store
TXN-001970,2024-06-29,CENTRAL-01,Sports,SPRT-5003,6,587.47,17.72,CUST-01308,New,Central,Online
TXN-002066,2024-06-29,EAST-01,Electronics,ELEC-1003,2,845.18,29.45,CUST-00022,Returning,East,In-store
TXN-003264,2024-06-29,WEST-03,Apparel,APP-3003,4,232.67,1.41,CUST-01709,Returning,West,In-store
TXN-003880,2024-06-29,CENTRAL-03,Apparel,APP-3002,1,34.01,14.97,CUST-00561,New,Central,In-store
TXN-004735,2024-06-29,NORTH-01,Apparel,APP-3003,2,101.97,13.59,CUST-00910,New,North,In-store
TXN-004953,2024-06-29,WEST-01,Apparel,APP-3001,4,87.42,12.55,CUST-00116,Returning,West,Online
TXN-000081,2024-06-30,CENTRAL-03,Sports,SPRT-5002,5,449.95,0.0,CUST-00073,New,Central,In-store
TXN-001732,2024-06-30,CENTRAL-02,Beauty,BEAU-4003,5,119.9,31.48,CUST-00163,Returning,Central,In-store
TXN-002208,2024-06-30,CENTRAL-01,Sports,SPRT-5001,1,49.81,0.36,CUST-00574,New,Central,In-store
TXN-002320,2024-06-30,EAST-03,Sports,SPRT-5001,1,42.37,15.24,CUST-00729,Returning,East,Online
TXN-003273,2024-06-30,WEST-01,Electronics,ELEC-1004,3,114.58,4.49,CUST-01016,New,West,Online
TXN-004233,2024-06-30,SOUTH-03,Electronics,ELEC-1002,1,88.41,1.22,CUST-00323,Returning,South,In-store
TXN-004609,2024-06-30,CENTRAL-03,Apparel,APP-3003,4,216.63,8.21,CUST-00275,New,Central,Online
TXN-004679,2024-06-30,NORTH-03,Apparel,APP-3003,3,177.0,0.0,CUST-00408,Returning,North,In-store
TXN-005642,2024-06-30,EAST-01,Electronics,ELEC-1003,1,599.0,0.0,CUST-00428,New,East,Online
TXN-005932,2024-06-30,EAST-03,Electronics,ELEC-1002,4,328.04,8.37,CUST-01536,Returning,East,Online
TXN-003060,2024-07-01,WEST-02,Beauty,BEAU-4001,5,64.95,0.0,CUST-00014,New,West,Online
TXN-003550,2024-07-01,NORTH-03,Sports,SPRT-5003,3,334.65,6.26,CUST-01559,New,North,Online
TXN-005258,2024-07-01,CENTRAL-02,Electronics,ELEC-1001,4,890.04,10.99,CUST-00713,Returning,Central,In-store
TXN-005809,2024-07-01,WEST-01,Home & Kitchen,HOME-2001,2,61.72,11.8,CUST-00279,Returning,West,Online
TXN-005917,2024-07-01,NORTH-02,Electronics,ELEC-1001,2,498.67,0.26,CUST-01111,Returning,North,Online
TXN-005962,2024-07-01,EAST-03,Sports,SPRT-5002,6,530.93,1.67,CUST-01251,New,East,Online
TXN-000021,2024-07-02,EAST-01,Home & Kitchen,HOME-2004,5,99.95,0.0,CUST-00574,Returning,East,In-store
TXN-000211,2024-07-02,EAST-01,Apparel,APP-3003,1,58.27,1.24,CUST-00550,New,East,In-store
TXN-000802,2024-07-02,CENTRAL-02,Apparel,APP-3002,4,159.83,0.08,CUST-00049,Returning,Central,In-store
TXN-000938,2024-07-02,WEST-01,Beauty,BEAU-4004,2,17.71,1.53,CUST-01009,Returning,West,Online
TXN-001345,2024-07-02,EAST-02,Beauty,BEAU-4003,4,119.15,14.89,CUST-00759,Returning,East,In-store
TXN-001453,2024-07-02,SOUTH-02,Electronics,ELEC-1001,3,748.46,0.2,CUST-00942,Returning,South,In-store
TXN-001515,2024-07-02,EAST-02,Beauty,BEAU-4004,1,7.75,13.77,CUST-01248,New,East,In-store
TXN-001872,2024-07-02,WEST-02,Apparel,APP-3002,4,154.88,3.18,CUST-00468,New,West,In-store
TXN-003351,2024-07-02,EAST-03,Apparel,APP-3001,6,148.11,1.22,CUST-01103,New,East,Online
TXN-003406,2024-07-02,CENTRAL-02,Sports,SPRT-5004,3,85.58,3.3,CUST-00749,Returning,Central,Online
TXN-004090,2024-07-02,EAST-03,Beauty,BEAU-4004,2,15.37,14.52,CUST-01373,Returning,East,Online
TXN-004209,2024-07-02,NORTH-01,Apparel,APP-3001,3,71.34,4.84,CUST-01299,Returning,North,In-store
TXN-005434,2024-07-02,NORTH-02,Sports,SPRT-5001,1,44.69,10.61,CUST-00529,Returning,North,In-store
TXN-005555,2024-07-02,SOUTH-02,Electronics,ELEC-1003,6,2650.69,26.25,CUST-01774,Returning,South,In-store
TXN-005811,2024-07-02,WEST-01,Sports,SPRT-5004,1,25.5,13.57,CUST-01659,New,West,In-store
TXN-000572,2024-07-03,SOUTH-01,Beauty,BEAU-4001,4,46.01,11.45,CUST-01411,Returning,South,In-store
TXN-001018,2024-07-03,EAST-01,Apparel,APP-3003,3,168.64,4.72,CUST-01475,New,East,Online
TXN-001471,2024-07-03,EAST-01,Home & Kitchen,HOME-2001,3,104.97,0.0,CUST-00109,Returning,East,Online
TXN-001543,2024-07-03,WEST-03,Apparel,APP-3003,3,175.7,0.74,CUST-01358,Returning,West,In-store
TXN-002384,2024-07-03,SOUTH-03,Electronics,ELEC-1003,4,2373.17,0.95,CUST-00763,Returning,South,In-store
TXN-002399,2024-07-03,EAST-03,Home & Kitchen,HOME-2004,6,109.91,8.37,CUST-00354,Returning,East,Online
TXN-003044,2024-07-03,SOUTH-03,Electronics,ELEC-1004,3,93.82,21.8,CUST-01665,Returning,South,Online
TXN-004762,2024-07-03,WEST-01,Home & Kitchen,HOME-2001,2,69.98,0.0,CUST-00851,New,West,In-store
TXN-005067,2024-07-03,EAST-03,Home & Kitchen,HOME-2003,4,363.39,29.85,CUST-00418,New,East,In-store
TXN-005580,2024-07-03,SOUTH-01,Apparel,APP-3003,4,236.0,0.0,CUST-01224,Returning,South,Online
TXN-001247,2024-07-04,CENTRAL-02,Home & Kitchen,HOME-2004,2,35.73,10.63,CUST-00554,Returning,Central,Online
TXN-002162,2024-07-04,SOUTH-01,Electronics,ELEC-1001,5,1140.09,8.79,CUST-00150,Returning,South,In-store
TXN-002596,2024-07-04,EAST-03,Beauty,BEAU-4003,1,29.79,14.89,CUST-00247,Returning,East,Online
TXN-002892,2024-07-04,CENTRAL-01,Electronics,ELEC-1001,2,499.66,0.06,CUST-01344,New,Central,Online
TXN-003382,2024-07-04,WEST-02,Home & Kitchen,HOME-2002,3,212.99,10.13,CUST-01055,Returning,West,In-store
TXN-003445,2024-07-04,EAST-03,Apparel,APP-3004,3,36.92,15.14,CUST-00842,Returning,East,Online
TXN-005425,2024-07-04,SOUTH-03,Beauty,BEAU-4004,1,7.59,15.54,CUST-01462,Returning,South,In-store
TXN-000325,2024-07-05,CENTRAL-03,Apparel,APP-3004,2,25.88,10.75,CUST-01161,Returning,Central,In-store
TXN-001276,2024-07-05,CENTRAL-01,Electronics,ELEC-1003,4,2335.49,2.53,CUST-01217,Returning,Central,In-store
TXN-001308,2024-07-05,SOUTH-01,Electronics,ELEC-1001,1,237.81,4.87,CUST-00004,Returning,South,In-store
TXN-001539,2024-07-05,EAST-01,Beauty,BEAU-4004,2,17.59,2.18,CUST-00494,New,East,Online
TXN-001705,2024-07-05,CENTRAL-03,Electronics,ELEC-1004,1,39.5,1.24,CUST-00542,Returning,Central,In-store
TXN-002778,2024-07-05,EAST-03,Sports,SPRT-5001,1,41.94,16.11,CUST-01476,Returning,East,In-store
TXN-003261,2024-07-05,NORTH-03,Electronics,ELEC-1004,1,37.03,7.41,CUST-00964,Returning,North,In-store
TXN-004056,2024-07-05,NORTH-02,Apparel,APP-3003,3,176.5,0.28,CUST-01022,New,North,Online
TXN-004240,2024-07-05,EAST-01,Home & Kitchen,HOME-2004,4,68.52,14.3,CUST-00679,Returning,East,Online
TXN-004426,2024-07-05,CENTRAL-03,Apparel,APP-3003,8,464.71,1.54,CUST-01199,New,Central,In-store
TXN-004983,2024-07-05,NORTH-03,Apparel,APP-3002,1,36.76,8.09,CUST-00531,New,North,Online
TXN-005846,2024-07-05,NORTH-02,Electronics,ELEC-1004,6,239.94,0.0,CUST-00408,Returning,North,Online
TXN-002605,2024-07-06,EAST-03,Sports,SPRT-5001,1,49.99,0.0,CUST-01567,New,East,In-store
TXN-002760,2024-07-06,EAST-02,Sports,SPRT-5001,1,47.22,5.54,CUST-00617,New,East,Online
TXN-002864,2024-07-06,SOUTH-01,Apparel,APP-3003,3,176.02,0.55,CUST-00062,New,South,In-store
TXN-003528,2024-07-06,EAST-01,Electronics,ELEC-1004,2,79.95,0.03,CUST-01052,Returning,East,In-store
TXN-004297,2024-07-06,CENTRAL-03,Home & Kitchen,HOME-2003,5,591.29,8.68,CUST-01568,New,Central,In-store
TXN-004637,2024-07-06,WEST-03,Electronics,ELEC-1002,5,424.94,5.04,CUST-01133,Returning,West,Online
TXN-005003,2024-07-06,SOUTH-03,Sports,SPRT-5003,3,356.26,0.21,CUST-00882,New,South,In-store
TXN-000692,2024-07-07,EAST-02,Beauty,BEAU-4004,4,32.08,10.8,CUST-00702,Returning,East,In-store
TXN-001190,2024-07-07,EAST-02,Electronics,ELEC-1002,1,65.2,27.15,CUST-00878,Returning,East,Online
TXN-002197,2024-07-07,WEST-03,Beauty,BEAU-4004,3,24.52,9.07,CUST-01297,New,West,In-store
TXN-002703,2024-07-07,NORTH-01,Home & Kitchen,HOME-2001,3,89.38,14.85,CUST-01179,Returning,North,In-store
TXN-003090,2024-07-07,WEST-03,Sports,SPRT-5004,3,78.73,11.04,CUST-00745,New,West,In-store
TXN-004809,2024-07-07,NORTH-01,Sports,SPRT-5001,2,96.18,3.8,CUST-01242,New,North,Online
TXN-004835,2024-07-07,NORTH-03,Apparel,APP-3003,1,59.0,0.0,CUST-01319,New,North,In-store
TXN-000114,2024-07-08,NORTH-03,Home & Kitchen,HOME-2004,1,14.18,29.04,CUST-01725,New,North,In-store
TXN-001306,2024-07-08,NORTH-01,Sports,SPRT-5001,2,98.94,1.04,CUST-00825,Returning,North,Online
TXN-001575,2024-07-08,CENTRAL-02,Electronics,ELEC-1001,3,599.14,20.11,CUST-01565,Returning,Central,In-store
TXN-003181,2024-07-08,CENTRAL-02,Sports,SPRT-5002,4,301.57,16.22,CUST-00857,Returning,Central,Online
TXN-003374,2024-07-08,WEST-02,Sports,SPRT-5003,2,186.84,21.49,CUST-01490,Returning,West,Online
TXN-004583,2024-07-08,CENTRAL-03,Beauty,BEAU-4004,3,26.97,0.0,CUST-00563,Returning,Central,Online
TXN-005602,2024-07-08,NORTH-03,Electronics,ELEC-1004,1,39.75,0.61,CUST-00121,Returning,North,Online
TXN-005946,2024-07-08,SOUTH-03,Apparel,APP-3004,4,55.31,4.64,CUST-01448,Returning,South,Online
TXN-000221,2024-07-09,EAST-01,Sports,SPRT-5003,1,113.68,4.47,CUST-01448,Returning,East,Online
TXN-001242,2024-07-09,NORTH-03,Apparel,APP-3004,1,13.13,9.44,CUST-01303,Returning,North,Online
TXN-001751,2024-07-09,EAST-02,Electronics,ELEC-1004,2,71.68,10.38,CUST-00332,New,East,In-store
TXN-001969,2024-07-09,EAST-03,Home & Kitchen,HOME-2003,5,642.97,0.7,CUST-01261,Returning,East,In-store
TXN-003173,2024-07-09,EAST-01,Sports,SPRT-5003,5,548.19,7.87,CUST-01768,Returning,East,Online
TXN-003407,2024-07-09,EAST-02,Sports,SPRT-5003,1,107.52,9.65,CUST-01786,New,East,In-store
TXN-003676,2024-07-09,EAST-01,Beauty,BEAU-4001,5,64.95,0.0,CUST-01351,Returning,East,Online
TXN-003896,2024-07-09,CENTRAL-01,Sports,SPRT-5004,4,118.0,0.0,CUST-00492,New,Central,Online
TXN-004418,2024-07-09,NORTH-02,Home & Kitchen,HOME-2003,1,102.87,20.56,CUST-01127,Returning,North,In-store
TXN-000078,2024-07-10,CENTRAL-02,Electronics,ELEC-1004,3,108.05,9.93,CUST-00172,Returning,Central,In-store
TXN-000210,2024-07-10,CENTRAL-02,Home & Kitchen,HOME-2001,2,58.79,16.0,CUST-01155,New,Central,Online
TXN-000801,2024-07-10,NORTH-01,Beauty,BEAU-4001,1,11.74,9.65,CUST-00856,New,North,Online
TXN-003052,2024-07-10,CENTRAL-01,Apparel,APP-3004,4,41.04,29.24,CUST-01103,Returning,Central,In-store
TXN-005517,2024-07-10,WEST-03,Home & Kitchen,HOME-2001,4,139.96,0.0,CUST-00516,New,West,In-store
TXN-001369,2024-07-11,CENTRAL-03,Electronics,ELEC-1002,5,381.3,14.79,CUST-01497,Returning,Central,Online
TXN-002577,2024-07-11,EAST-03,Sports,SPRT-5003,2,200.53,15.74,CUST-01473,New,East,In-store
TXN-002585,2024-07-11,WEST-03,Electronics,ELEC-1001,6,1418.73,5.41,CUST-01366,Returning,West,Online
TXN-002631,2024-07-11,SOUTH-03,Beauty,BEAU-4001,6,77.94,0.0,CUST-00189,New,South,In-store
TXN-005089,2024-07-11,NORTH-02,Sports,SPRT-5003,4,378.92,20.4,CUST-01321,Returning,North,In-store
TXN-000575,2024-07-12,EAST-03,Electronics,ELEC-1003,8,4770.05,0.46,CUST-00480,New,East,In-store
TXN-001102,2024-07-12,WEST-02,Beauty,BEAU-4001,8,81.35,21.72,CUST-00968,New,West,Online
TXN-001577,2024-07-12,NORTH-03,Home & Kitchen,HOME-2004,1,19.03,4.8,CUST-01700,Returning,North,In-store
TXN-003556,2024-07-12,SOUTH-02,Home & Kitchen,HOME-2003,2,218.64,15.58,CUST-01685,Returning,South,In-store
TXN-005957,2024-07-12,NORTH-02,Sports,SPRT-5003,2,209.33,12.05,CUST-01347,New,North,In-store
TXN-000102,2024-07-13,WEST-02,Home & Kitchen,HOME-2001,1,34.99,0.0,CUST-00418,Returning,West,In-store
TXN-001624,2024-07-13,NORTH-02,Sports,SPRT-5003,2,209.05,12.16,CUST-00367,New,North,Online
TXN-001754,2024-07-13,SOUTH-02,Electronics,ELEC-1003,3,1416.23,21.19,CUST-00966,Returning,South,In-store
TXN-001897,2024-07-13,SOUTH-03,Electronics,ELEC-1003,1,599.0,0.0,CUST-00943,Returning,South,In-store
TXN-002049,2024-07-13,WEST-02,Apparel,APP-3001,4,87.55,12.42,CUST-00250,New,West,In-store
TXN-002068,2024-07-13,CENTRAL-03,Electronics,ELEC-1003,4,2254.05,5.92,CUST-00536,Returning,Central,In-store
TXN-002078,2024-07-13,WEST-03,Home & Kitchen,HOME-2001,1,29.54,15.57,CUST-00584,Returning,West,Online
TXN-002985,2024-07-13,SOUTH-03,Beauty,BEAU-4002,2,42.89,4.7,CUST-01768,Returning,South,In-store
TXN-003969,2024-07-13,NORTH-02,Sports,SPRT-5002,5,448.73,0.27,CUST-01559,Returning,North,Online
TXN-004205,2024-07-13,EAST-01,Apparel,APP-3003,1,58.97,0.04,CUST-00041,Returning,East,In-store
TXN-004245,2024-07-13,WEST-01,Beauty,BEAU-4004,2,13.39,25.56,CUST-01454,New,West,Online
TXN-004797,2024-07-13,WEST-02,Apparel,APP-3003,4,236.0,0.0,CUST-00146,Returning,West,In-store
TXN-002033,2024-07-14,WEST-01,Electronics,ELEC-1001,4,965.98,3.4,CUST-00060,New,West,Online
TXN-002365,2024-07-14,CENTRAL-03,Apparel,APP-3003,1,47.23,19.95,CUST-01053,Returning,Central,In-store
TXN-002383,2024-07-14,EAST-03,Sports,SPRT-5004,1,29.5,0.0,CUST-00539,Returning,East,Online
TXN-002971,2024-07-14,WEST-02,Apparel,APP-3004,5,57.87,20.18,CUST-00348,New,West,Online
TXN-003691,2024-07-14,NORTH-02,Beauty,BEAU-4002,1,22.5,0.0,CUST-00130,New,North,Online
TXN-004428,2024-07-14,CENTRAL-02,Electronics,ELEC-1001,3,628.56,16.19,CUST-01636,New,Central,In-store
TXN-004941,2024-07-14,EAST-01,Home & Kitchen,HOME-2004,10,177.59,11.16,CUST-00336,New,East,In-store
TXN-005099,2024-07-14,EAST-03,Sports,SPRT-5003,1,93.11,21.76,CUST-01524,New,East,In-store
TXN-005435,2024-07-14,NORTH-01,Apparel,APP-3002,1,39.99,0.0,CUST-01525,Returning,North,In-store
TXN-000781,2024-07-15,NORTH-03,Electronics,ELEC-1001,4,797.87,20.21,CUST-00291,Returning,North,Online
TXN-001125,2024-07-15,EAST-02,Electronics,ELEC-1004,3,100.98,15.83,CUST-01558,Returning,East,Online
TXN-001941,2024-07-15,CENTRAL-01,Electronics,ELEC-1003,5,2985.16,0.33,CUST-00380,New,Central,Online
TXN-005284,2024-07-15,SOUTH-02,Home & Kitchen,HOME-2004,3,53.6,10.62,CUST-01311,New,South,In-store
TXN-000598,2024-07-16,EAST-01,Apparel,APP-3004,3,43.5,0.0,CUST-00119,Returning,East,In-store
TXN-001141,2024-07-16,SOUTH-01,Electronics,ELEC-1002,2,154.04,13.94,CUST-00806,Returning,South,In-store
TXN-002246,2024-07-16,CENTRAL-03,Home & Kitchen,HOME-2002,1,74.58,5.6,CUST-01489,New,Central,Online
TXN-004125,2024-07-16,NORTH-02,Electronics,ELEC-1001,1,229.96,8.01,CUST-00196,Returning,North,In-store
TXN-004686,2024-07-16,EAST-02,Beauty,BEAU-4002,4,86.63,3.75,CUST-01621,Returning,East,Online
TXN-004694,2024-07-16,EAST-02,Electronics,ELEC-1002,2,179.0,0.0,CUST-01462,Returning,East,Online
TXN-004863,2024-07-16,EAST-02,Apparel,APP-3002,5,180.25,9.85,CUST-00021,New,East,In-store
TXN-005310,2024-07-16,CENTRAL-03,Apparel,APP-3001,6,149.94,0.0,CUST-01178,New,Central,In-store
TXN-005426,2024-07-16,EAST-03,Apparel,APP-3004,2,25.75,11.2,CUST-01418,Returning,East,In-store
TXN-000755,2024-07-17,WEST-03,Electronics,ELEC-1003,2,1198.0,0.0,CUST-00632,New,West,Online
TXN-001245,2024-07-17,NORTH-02,Beauty,BEAU-4001,1,12.63,2.77,CUST-00187,New,North,In-store
TXN-001593,2024-07-17,SOUTH-03,Beauty,BEAU-4003,4,117.82,15.84,CUST-01530,Returning,South,In-store
TXN-002415,2024-07-17,EAST-03,Apparel,APP-3004,3,36.22,16.74,CUST-00402,New,East,In-store
TXN-002743,2024-07-17,SOUTH-03,Electronics,ELEC-1004,4,144.05,9.94,CUST-01392,Returning,South,In-store
TXN-003785,2024-07-17,WEST-03,Sports,SPRT-5001,1,44.63,10.73,CUST-01267,Returning,West,Online
TXN-004162,2024-07-17,EAST-02,Electronics,ELEC-1001,1,208.62,16.55,CUST-00637,Returning,East,In-store
TXN-005275,2024-07-17,NORTH-02,Apparel,APP-3003,2,106.85,9.45,CUST-00368,Returning,North,In-store
TXN-005576,2024-07-17,EAST-03,Home & Kitchen,HOME-2004,3,50.94,15.06,CUST-01637,New,East,Online
TXN-001532,2024-07-18,SOUTH-02,Sports,SPRT-5002,4,354.53,1.51,CUST-00017,Returning,South,In-store
TXN-002042,2024-07-18,EAST-03,Electronics,ELEC-1001,1,188.14,24.74,CUST-01184,Returning,East,Online
TXN-002096,2024-07-18,WEST-02,Apparel,APP-3004,2,28.03,3.33,CUST-00260,New,West,In-store
TXN-002938,2024-07-18,EAST-02,Apparel,APP-3002,8,225.86,29.4,CUST-00219,New,East,Online
TXN-002949,2024-07-18,WEST-02,Apparel,APP-3001,3,74.97,0.0,CUST-01450,New,West,In-store
TXN-003939,2024-07-18,CENTRAL-03,Beauty,BEAU-4001,1,12.99,0.0,CUST-01513,New,Central,Online
TXN-003989,2024-07-18,SOUTH-01,Apparel,APP-3002,2,76.57,4.26,CUST-01230,New,South,Online
TXN-000458,2024-07-19,CENTRAL-02,Electronics,ELEC-1001,2,484.04,3.19,CUST-00542,Returning,Central,In-store
TXN-001591,2024-07-19,NORTH-01,Home & Kitchen,HOME-2001,4,126.01,9.97,CUST-00059,New,North,In-store
TXN-003112,2024-07-19,EAST-01,Home & Kitchen,HOME-2002,6,474.0,0.0,CUST-01093,New,East,Online
TXN-003604,2024-07-19,CENTRAL-01,Apparel,APP-3001,3,74.97,0.0,CUST-00631,Returning,Central,In-store
TXN-004594,2024-07-19,SOUTH-02,Home & Kitchen,HOME-2001,1,34.67,0.9,CUST-01334,Returning,South,In-store
TXN-004692,2024-07-19,EAST-03,Apparel,APP-3001,6,127.46,14.99,CUST-00751,New,East,Online
TXN-004729,2024-07-19,SOUTH-02,Apparel,APP-3001,1,22.5,9.97,CUST-01118,New,South,Online
TXN-005696,2024-07-19,EAST-02,Beauty,BEAU-4002,1,19.49,13.37,CUST-00817,Returning,East,In-store
TXN-000144,2024-07-20,EAST-02,Beauty,BEAU-4001,3,38.97,0.0,CUST-01565,Returning,East,In-store
TXN-002047,2024-07-20,SOUTH-02,Apparel,APP-3003,4,213.5,9.54,CUST-01180,New,South,In-store
TXN-002664,2024-07-20,NORTH-02,Apparel,APP-3001,1,24.91,0.31,CUST-01215,Returning,North,Online
TXN-002982,2024-07-20,WEST-03,Apparel,APP-3002,1,32.05,19.87,CUST-01325,Returning,West,In-store
TXN-003396,2024-07-20,EAST-02,Home & Kitchen,HOME-2003,5,531.64,17.89,CUST-00855,New,East,In-store
TXN-003875,2024-07-20,CENTRAL-02,Apparel,APP-3002,2,63.7,20.35,CUST-00931,Returning,Central,In-store
TXN-003877,2024-07-20,SOUTH-03,Sports,SPRT-5004,1,26.71,9.47,CUST-00236,Returning,South,Online
TXN-005332,2024-07-20,NORTH-02,Sports,SPRT-5004,1,23.67,19.76,CUST-00423,New,North,In-store
TXN-001569,2024-07-21,WEST-02,Home & Kitchen,HOME-2003,4,459.73,11.25,CUST-01503,Returning,West,Online
TXN-002178,2024-07-21,SOUTH-02,Home & Kitchen,HOME-2002,4,314.39,0.51,CUST-00484,New,South,Online
TXN-002361,2024-07-21,EAST-03,Home & Kitchen,HOME-2002,2,126.78,19.76,CUST-01423,New,East,In-store
TXN-002396,2024-07-21,CENTRAL-03,Apparel,APP-3001,3,61.32,18.21,CUST-00454,Returning,Central,Online
TXN-002553,2024-07-21,CENTRAL-02,Home & Kitchen,HOME-2001,1,34.95,0.1,CUST-01471,New,Central,Online
TXN-002713,2024-07-21,NORTH-01,Apparel,APP-3003,1,44.73,24.19,CUST-00677,Returning,North,Online
TXN-002768,2024-07-21,SOUTH-01,Sports,SPRT-5002,2,159.61,11.32,CUST-01101,New,South,In-store
TXN-003480,2024-07-21,NORTH-01,Electronics,ELEC-1002,3,240.83,10.3,CUST-00129,Returning,North,In-store
TXN-004600,2024-07-21,SOUTH-01,Electronics,ELEC-1002,1,89.5,0.0,CUST-00831,New,South,In-store
TXN-005774,2024-07-21,NORTH-03,Home & Kitchen,HOME-2003,1,124.03,4.22,CUST-01799,New,North,In-store
TXN-000510,2024-07-22,WEST-03,Home & Kitchen,HOME-2002,2,140.87,10.84,CUST-01370,Returning,West,Online
TXN-000985,2024-07-22,WEST-03,Home & Kitchen,HOME-2001,1,33.87,3.21,CUST-00883,Returning,West,Online
TXN-001809,2024-07-22,NORTH-03,Beauty,BEAU-4004,5,37.76,16.0,CUST-00844,Returning,North,In-store
TXN-001833,2024-07-22,WEST-01,Apparel,APP-3001,6,147.91,1.35,CUST-01480,New,West,In-store
TXN-002308,2024-07-22,CENTRAL-03,Sports,SPRT-5002,4,359.96,0.0,CUST-01182,New,Central,In-store
TXN-003523,2024-07-22,NORTH-03,Beauty,BEAU-4004,2,16.88,6.1,CUST-00031,New,North,Online
TXN-003846,2024-07-22,NORTH-01,Home & Kitchen,HOME-2001,3,104.97,0.0,CUST-00772,New,North,In-store
TXN-004327,2024-07-22,NORTH-01,Electronics,ELEC-1004,3,119.11,0.72,CUST-01456,New,North,Online
TXN-004843,2024-07-22,SOUTH-03,Electronics,ELEC-1004,3,119.13,0.7,CUST-01532,Returning,South,Online
TXN-005687,2024-07-22,EAST-02,Apparel,APP-3001,2,42.36,15.25,CUST-00153,Returning,East,In-store
TXN-001048,2024-07-23,WEST-03,Home & Kitchen,HOME-2004,4,71.84,10.16,CUST-01689,Returning,West,In-store
TXN-001618,2024-07-23,SOUTH-01,Home & Kitchen,HOME-2002,1,71.13,9.96,CUST-00351,New,South,In-store
TXN-001963,2024-07-23,NORTH-03,Apparel,APP-3003,1,55.75,5.51,CUST-01738,Returning,North,In-store
TXN-003841,2024-07-23,SOUTH-02,Home & Kitchen,HOME-2001,1,34.99,0.0,CUST-00028,New,South,In-store
TXN-000729,2024-07-24,WEST-02,Beauty,BEAU-4003,5,175.0,0.0,CUST-01554,New,West,In-store
TXN-001810,2024-07-24,WEST-01,Beauty,BEAU-4002,1,21.69,3.59,CUST-00060,Returning,West,In-store
TXN-003140,2024-07-24,WEST-03,Sports,SPRT-5004,1,26.48,10.24,CUST-01133,Returning,West,In-store
TXN-003781,2024-07-24,NORTH-03,Apparel,APP-3004,4,58.0,0.0,CUST-00637,Returning,North,In-store
TXN-003913,2024-07-24,NORTH-02,Home & Kitchen,HOME-2004,3,56.03,6.58,CUST-01266,New,North,Online
TXN-004344,2024-07-24,WEST-03,Home & Kitchen,HOME-2004,2,30.17,24.55,CUST-01000,New,West,In-store
TXN-005048,2024-07-24,WEST-02,Home & Kitchen,HOME-2002,4,279.54,11.54,CUST-00343,New,West,In-store
TXN-001155,2024-07-25,EAST-01,Sports,SPRT-5002,5,362.79,19.37,CUST-00096,New,East,In-store
TXN-001331,2024-07-25,WEST-03,Home & Kitchen,HOME-2003,5,616.91,4.72,CUST-01351,Returning,West,In-store
TXN-003664,2024-07-25,SOUTH-01,Sports,SPRT-5004,3,86.55,2.2,CUST-01081,Returning,South,In-store
TXN-003811,2024-07-25,CENTRAL-03,Apparel,APP-3001,10,180.11,27.93,CUST-01215,Returning,Central,Online
TXN-004360,2024-07-25,EAST-03,Home & Kitchen,HOME-2004,3,59.91,0.1,CUST-01525,Returning,East,Online
TXN-004718,2024-07-25,SOUTH-03,Sports,SPRT-5001,5,216.99,13.19,CUST-00637,Returning,South,In-store
TXN-004777,2024-07-25,NORTH-02,Electronics,ELEC-1004,1,37.36,6.57,CUST-01442,New,North,In-store
TXN-004875,2024-07-25,CENTRAL-03,Electronics,ELEC-1002,2,170.88,4.54,CUST-01677,Returning,Central,In-store
TXN-005810,2024-07-25,EAST-01,Home & Kitchen,HOME-2002,1,77.8,1.52,CUST-01089,Returning,East,Online
TXN-005966,2024-07-25,EAST-02,Electronics,ELEC-1002,1,89.5,0.0,CUST-00465,New,East,In-store
TXN-006000,2024-07-25,EAST-01,Apparel,APP-3003,1,56.3,4.58,CUST-00919,New,East,In-store
TXN-001472,2024-07-26,EAST-01,Electronics,ELEC-1004,1,36.23,9.4,CUST-01734,New,East,In-store
TXN-001513,2024-07-26,EAST-03,Electronics,ELEC-1002,2,143.5,19.83,CUST-01280,New,East,In-store
TXN-001652,2024-07-26,CENTRAL-02,Electronics,ELEC-1002,1,89.5,0.0,CUST-00972,Returning,Central,Online
TXN-001814,2024-07-26,CENTRAL-03,Apparel,APP-3004,1,14.21,1.99,CUST-00862,New,Central,In-store
TXN-003247,2024-07-26,WEST-01,Home & Kitchen,HOME-2002,6,474.0,0.0,CUST-00750,New,West,Online
TXN-004653,2024-07-26,NORTH-01,Home & Kitchen,HOME-2002,1,74.61,5.56,CUST-01798,New,North,In-store
TXN-005669,2024-07-26,EAST-02,Electronics,ELEC-1001,2,491.78,1.64,CUST-01016,Returning,East,Online
TXN-005787,2024-07-26,WEST-02,Electronics,ELEC-1002,4,305.08,14.78,CUST-01492,Returning,West,In-store
TXN-001401,2024-07-27,CENTRAL-02,Apparel,APP-3004,3,36.86,15.27,CUST-01044,New,Central,In-store
TXN-001608,2024-07-27,CENTRAL-01,Apparel,APP-3002,1,37.63,5.89,CUST-00235,New,Central,In-store
TXN-001623,2024-07-27,WEST-03,Sports,SPRT-5002,1,89.74,0.28,CUST-01356,Returning,West,In-store
TXN-003025,2024-07-27,CENTRAL-02,Apparel,APP-3004,2,29.0,0.0,CUST-00154,New,Central,Online
TXN-003217,2024-07-27,SOUTH-02,Home & Kitchen,HOME-2003,3,328.64,15.41,CUST-01140,New,South,Online
TXN-004241,2024-07-27,EAST-01,Beauty,BEAU-4004,3,23.95,11.2,CUST-01053,Returning,East,In-store
TXN-004756,2024-07-27,WEST-03,Apparel,APP-3002,3,114.87,4.25,CUST-00974,New,West,Online
TXN-000135,2024-07-28,WEST-02,Apparel,APP-3001,4,93.67,6.29,CUST-01794,New,West,In-store
TXN-001161,2024-07-28,WEST-03,Home & Kitchen,HOME-2002,5,353.59,10.48,CUST-01083,Returning,West,Online
TXN-001617,2024-07-28,EAST-02,Electronics,ELEC-1002,1,79.56,11.11,CUST-00999,Returning,East,Online
TXN-001823,2024-07-28,SOUTH-03,Sports,SPRT-5002,2,153.55,14.68,CUST-01659,Returning,South,In-store
TXN-002481,2024-07-28,WEST-02,Home & Kitchen,HOME-2003,4,511.49,1.26,CUST-00712,Returning,West,In-store
TXN-003088,2024-07-28,NORTH-02,Electronics,ELEC-1004,4,138.92,13.16,CUST-01297,Returning,North,In-store
TXN-003834,2024-07-28,SOUTH-02,Sports,SPRT-5002,3,267.54,0.9,CUST-00373,Returning,South,In-store
TXN-005055,2024-07-28,CENTRAL-01,Apparel,APP-3001,2,44.6,10.77,CUST-00451,New,Central,In-store
TXN-005071,2024-07-28,WEST-01,Home & Kitchen,HOME-2001,2,63.25,9.61,CUST-00491,Returning,West,In-store
TXN-005116,2024-07-28,WEST-03,Home & Kitchen,HOME-2001,3,87.31,16.82,CUST-00782,Returning,West,Online
TXN-005142,2024-07-28,WEST-02,Sports,SPRT-5002,6,436.2,19.21,CUST-01185,Returning,West,In-store
TXN-005334,2024-07-28,SOUTH-03,Apparel,APP-3002,6,214.06,10.79,CUST-00103,Returning,South,Online
TXN-000587,2024-07-29,SOUTH-01,Home & Kitchen,HOME-2004,5,86.82,13.14,CUST-01693,Returning,South,In-store
TXN-000734,2024-07-29,NORTH-02,Home & Kitchen,HOME-2004,3,59.97,0.0,CUST-00952,Returning,North,In-store
TXN-001184,2024-07-29,CENTRAL-02,Home & Kitchen,HOME-2002,1,69.88,11.54,CUST-01512,New,Central,In-store
TXN-001699,2024-07-29,WEST-03,Home & Kitchen,HOME-2002,4,316.0,0.0,CUST-00270,New,West,In-store
TXN-002242,2024-07-29,NORTH-02,Home & Kitchen,HOME-2001,2,52.96,24.32,CUST-01679,New,North,In-store
TXN-003510,2024-07-29,EAST-03,Home & Kitchen,HOME-2001,2,63.53,9.22,CUST-01468,New,East,Online
TXN-003722,2024-07-29,WEST-02,Electronics,ELEC-1004,3,108.77,9.33,CUST-00938,Returning,West,In-store
TXN-003912,2024-07-29,NORTH-02,Sports,SPRT-5004,3,82.18,7.14,CUST-00002,New,North,In-store
TXN-004040,2024-07-29,WEST-03,Apparel,APP-3002,4,143.49,10.3,CUST-00754,Returning,West,Online
TXN-004409,2024-07-29,CENTRAL-02,Apparel,APP-3004,2,24.76,14.63,CUST-00673,New,Central,Online
TXN-004452,2024-07-29,WEST-03,Beauty,BEAU-4003,4,108.01,22.85,CUST-00657,Returning,West,Online
TXN-005333,2024-07-29,NORTH-03,Sports,SPRT-5003,2,235.98,0.85,CUST-00299,New,North,In-store
TXN-000229,2024-07-30,NORTH-03,Beauty,BEAU-4002,8,148.48,17.51,CUST-00554,Returning,North,In-store
TXN-000764,2024-07-30,CENTRAL-01,Electronics,ELEC-1002,1,63.94,28.56,CUST-01214,Returning,Central,In-store
TXN-000868,2024-07-30,SOUTH-02,Home & Kitchen,HOME-2002,4,316.0,0.0,CUST-00508,New,South,In-store
TXN-000979,2024-07-30,NORTH-03,Electronics,ELEC-1004,1,36.39,8.99,CUST-00527,New,North,In-store
TXN-001031,2024-07-30,WEST-02,Apparel,APP-3003,1,49.61,15.92,CUST-00991,New,West,Online
TXN-001516,2024-07-30,EAST-02,Home & Kitchen,HOME-2004,1,16.93,15.28,CUST-00856,Returning,East,In-store
TXN-001987,2024-07-30,EAST-01,Sports,SPRT-5003,3,357.0,0.0,CUST-01399,New,East,Online
TXN-002678,2024-07-30,SOUTH-01,Home & Kitchen,HOME-2002,1,78.59,0.52,CUST-01599,New,South,In-store
TXN-004167,2024-07-30,CENTRAL-03,Sports,SPRT-5003,2,232.14,2.46,CUST-00293,New,Central,In-store
TXN-004226,2024-07-30,EAST-03,Home & Kitchen,HOME-2001,2,60.01,14.25,CUST-01034,Returning,East,Online
TXN-004410,2024-07-30,EAST-03,Apparel,APP-3003,2,111.75,5.29,CUST-01095,New,East,In-store
TXN-004440,2024-07-30,EAST-01,Apparel,APP-3001,1,22.46,10.12,CUST-00325,Returning,East,In-store
TXN-004865,2024-07-30,CENTRAL-03,Electronics,ELEC-1003,2,1192.79,0.44,CUST-00021,Returning,Central,In-store
TXN-005109,2024-07-30,NORTH-03,Apparel,APP-3003,2,102.2,13.39,CUST-00991,New,North,Online
TXN-000252,2024-07-31,WEST-02,Apparel,APP-3002,2,67.61,15.47,CUST-00695,New,West,In-store
TXN-001588,2024-07-31,NORTH-02,Sports,SPRT-5003,1,119.0,0.0,CUST-00245,New,North,Online
TXN-001602,2024-07-31,CENTRAL-02,Apparel,APP-3004,5,61.21,15.58,CUST-00075,Returning,Central,In-store
TXN-002564,2024-07-31,CENTRAL-02,Apparel,APP-3001,5,119.38,4.46,CUST-01662,Returning,Central,In-store
TXN-002717,2024-07-31,CENTRAL-02,Sports,SPRT-5004,1,28.98,1.78,CUST-00834,New,Central,Online
TXN-004356,2024-07-31,NORTH-03,Sports,SPRT-5003,1,104.25,12.4,CUST-00275,Returning,North,In-store
TXN-005204,2024-07-31,EAST-01,Apparel,APP-3001,10,237.4,5.0,CUST-00639,Returning,East,In-store
TXN-000407,2024-08-01,NORTH-02,Electronics,ELEC-1004,2,66.56,16.78,CUST-01784,Returning,North,In-store
TXN-001878,2024-08-01,NORTH-03,Home & Kitchen,HOME-2004,5,98.74,1.21,CUST-01778,New,North,In-store
TXN-002360,2024-08-01,NORTH-03,Beauty,BEAU-4003,1,35.0,0.0,CUST-01150,New,North,Online
TXN-004963,2024-08-01,CENTRAL-01,Apparel,APP-3004,1,12.9,11.03,CUST-01092,New,Central,Online
TXN-000429,2024-08-02,SOUTH-02,Apparel,APP-3002,2,76.92,3.82,CUST-01495,Returning,South,In-store
TXN-000936,2024-08-02,CENTRAL-02,Beauty,BEAU-4003,5,172.15,1.63,CUST-00612,New,Central,Online
TXN-001082,2024-08-02,SOUTH-03,Home & Kitchen,HOME-2004,2,35.89,10.23,CUST-01372,Returning,South,In-store
TXN-002041,2024-08-02,EAST-01,Electronics,ELEC-1001,1,245.06,1.97,CUST-01198,Returning,East,In-store
TXN-002071,2024-08-02,SOUTH-01,Sports,SPRT-5004,1,26.73,9.4,CUST-01144,New,South,In-store
TXN-003045,2024-08-02,EAST-01,Beauty,BEAU-4002,2,44.62,0.85,CUST-01593,Returning,East,In-store
TXN-003099,2024-08-02,WEST-01,Electronics,ELEC-1003,1,533.29,10.97,CUST-01389,Returning,West,In-store
TXN-003139,2024-08-02,CENTRAL-01,Beauty,BEAU-4002,5,104.08,7.48,CUST-00029,Returning,Central,Online
TXN-003402,2024-08-02,EAST-02,Apparel,APP-3001,3,61.28,18.26,CUST-00005,Returning,East,Online
TXN-004873,2024-08-02,SOUTH-02,Home & Kitchen,HOME-2003,2,233.81,9.73,CUST-01407,Returning,South,In-store
TXN-005670,2024-08-02,WEST-01,Sports,SPRT-5001,2,94.32,5.66,CUST-01120,Returning,West,In-store
TXN-005984,2024-08-02,SOUTH-03,Apparel,APP-3002,2,66.77,16.52,CUST-01382,Returning,South,In-store
TXN-000012,2024-08-03,EAST-01,Home & Kitchen,HOME-2003,10,1156.55,10.69,CUST-00822,New,East,In-store
TXN-000168,2024-08-03,SOUTH-01,Electronics,ELEC-1001,8,1528.51,23.57,CUST-00676,Returning,South,In-store
TXN-000431,2024-08-03,WEST-02,Electronics,ELEC-1004,1,35.55,11.1,CUST-01297,Returning,West,In-store
TXN-000861,2024-08-03,EAST-02,Sports,SPRT-5003,8,757.29,20.45,CUST-00128,Returning,East,In-store
TXN-001241,2024-08-03,NORTH-03,Sports,SPRT-5002,1,88.2,1.99,CUST-00491,Returning,North,In-store
TXN-001249,2024-08-03,NORTH-01,Electronics,ELEC-1001,1,209.55,16.18,CUST-00332,Returning,North,In-store
TXN-001922,2024-08-03,CENTRAL-03,Sports,SPRT-5001,5,208.5,16.58,CUST-01122,New,Central,In-store
TXN-002488,2024-08-03,EAST-03,Electronics,ELEC-1001,2,397.69,20.46,CUST-01557,New,East,In-store
TXN-004071,2024-08-03,EAST-02,Apparel,APP-3002,2,79.15,1.03,CUST-00137,Returning,East,Online
TXN-004388,2024-08-03,NORTH-03,Sports,SPRT-5003,3,357.0,0.0,CUST-00338,New,North,In-store
TXN-005189,2024-08-03,CENTRAL-03,Home & Kitchen,HOME-2003,1,129.5,0.0,CUST-00477,Returning,Central,In-store
TXN-005363,2024-08-03,WEST-02,Home & Kitchen,HOME-2004,1,19.76,1.14,CUST-01047,Returning,West,In-store
TXN-005588,2024-08-03,CENTRAL-03,Electronics,ELEC-1004,6,214.92,10.43,CUST-01579,Returning,Central,In-store
TXN-005595,2024-08-03,NORTH-03,Electronics,ELEC-1002,4,358.0,0.0,CUST-01419,Returning,North,In-store
TXN-005635,2024-08-03,NORTH-02,Apparel,APP-3003,4,210.43,10.83,CUST-01239,New,North,Online
TXN-001117,2024-08-04,EAST-02,Sports,SPRT-5002,1,82.18,8.68,CUST-01609,Returning,East,In-store
TXN-002502,2024-08-04,SOUTH-02,Apparel,APP-3003,3,158.98,10.18,CUST-01303,Returning,South,In-store
TXN-004228,2024-08-04,CENTRAL-02,Electronics,ELEC-1003,3,1758.68,2.13,CUST-00212,Returning,Central,Online
TXN-005500,2024-08-04,WEST-03,Apparel,APP-3003,2,104.24,11.66,CUST-00048,Returning,West,In-store
TXN-000355,2024-08-05,EAST-02,Electronics,ELEC-1001,2,497.39,0.52,CUST-01311,Returning,East,Online
TXN-001181,2024-08-05,NORTH-01,Home & Kitchen,HOME-2002,1,74.97,5.1,CUST-00882,Returning,North,In-store
TXN-001358,2024-08-05,SOUTH-01,Apparel,APP-3004,3,35.44,18.54,CUST-00808,New,South,In-store
TXN-002552,2024-08-05,CENTRAL-01,Electronics,ELEC-1002,2,178.45,0.31,CUST-01539,Returning,Central,In-store
TXN-004372,2024-08-05,EAST-01,Apparel,APP-3003,2,118.0,0.0,CUST-00599,Returning,East,In-store
TXN-004456,2024-08-05,NORTH-01,Apparel,APP-3001,2,48.08,3.8,CUST-00481,Returning,North,Online
TXN-005108,2024-08-05,CENTRAL-01,Beauty,BEAU-4002,2,45.0,0.0,CUST-01016,Returning,Central,Online
TXN-005493,2024-08-05,SOUTH-02,Apparel,APP-3001,4,99.96,0.0,CUST-00343,Returning,South,Online
TXN-005950,2024-08-05,CENTRAL-02,Apparel,APP-3003,4,236.0,0.0,CUST-00900,Returning,Central,In-store
TXN-000254,2024-08-06,WEST-03,Electronics,ELEC-1002,8,612.7,14.43,CUST-00215,Returning,West,Online
TXN-000400,2024-08-06,WEST-01,Apparel,APP-3001,5,124.89,0.05,CUST-00745,Returning,West,Online
TXN-000519,2024-08-06,NORTH-02,Sports,SPRT-5003,3,354.27,0.76,CUST-01611,New,North,In-store
TXN-000841,2024-08-06,NORTH-02,Beauty,BEAU-4001,4,49.12,5.47,CUST-00266,Returning,North,Online
TXN-002173,2024-08-06,CENTRAL-02,Electronics,ELEC-1002,1,79.89,10.73,CUST-01512,Returning,Central,Online
TXN-002453,2024-08-06,EAST-03,Electronics,ELEC-1004,1,34.04,14.87,CUST-00565,Returning,East,In-store
TXN-002967,2024-08-06,CENTRAL-01,Apparel,APP-3003,1,50.25,14.82,CUST-01522,Returning,Central,Online
TXN-003087,2024-08-06,WEST-03,Electronics,ELEC-1002,5,444.56,0.66,CUST-01359,New,West,In-store
TXN-004684,2024-08-06,EAST-03,Sports,SPRT-5001,2,85.35,14.63,CUST-00895,Returning,East,In-store
TXN-001130,2024-08-07,NORTH-01,Apparel,APP-3001,2,47.98,4.0,CUST-00902,Returning,North,In-store
TXN-001361,2024-08-07,WEST-03,Sports,SPRT-5004,2,55.1,6.61,CUST-01074,New,West,In-store
TXN-001586,2024-08-07,WEST-01,Sports,SPRT-5001,2,95.06,4.92,CUST-00101,New,West,In-store
TXN-003866,2024-08-07,CENTRAL-03,Electronics,ELEC-1004,1,36.45,8.85,CUST-01270,Returning,Central,Online
TXN-004097,2024-08-07,SOUTH-01,Home & Kitchen,HOME-2004,2,38.1,4.7,CUST-01322,Returning,South,Online
TXN-000055,2024-08-08,NORTH-01,Beauty,BEAU-4002,5,98.7,12.26,CUST-00782,Returning,North,In-store
TXN-000525,2024-08-08,CENTRAL-02,Beauty,BEAU-4004,6,53.23,1.32,CUST-00004,Returning,Central,In-store
TXN-000773,2024-08-08,NORTH-01,Electronics,ELEC-1001,1,225.37,9.85,CUST-00453,New,North,In-store
TXN-002157,2024-08-08,EAST-03,Apparel,APP-3001,1,24.99,0.0,CUST-00499,New,East,In-store
TXN-003457,2024-08-08,NORTH-01,Home & Kitchen,HOME-2001,3,103.03,1.85,CUST-01508,New,North,In-store
TXN-004286,2024-08-08,NORTH-01,Electronics,ELEC-1004,4,158.19,1.11,CUST-00241,Returning,North,In-store
TXN-004338,2024-08-08,NORTH-02,Beauty,BEAU-4002,1,20.15,10.46,CUST-01376,Returning,North,In-store
TXN-004453,2024-08-08,SOUTH-02,Electronics,ELEC-1004,2,69.55,13.05,CUST-00343,Returning,South,In-store
TXN-004977,2024-08-08,WEST-01,Electronics,ELEC-1003,4,2396.0,0.0,CUST-01092,Returning,West,In-store
TXN-005374,2024-08-08,EAST-01,Apparel,APP-3001,5,106.2,15.0,CUST-00320,Returning,East,In-store
TXN-000107,2024-08-09,CENTRAL-02,Home & Kitchen,HOME-2002,2,158.0,0.0,CUST-00393,Returning,Central,In-store
TXN-000133,2024-08-09,NORTH-03,Sports,SPRT-5001,1,42.55,14.88,CUST-01340,Returning,North,In-store
TXN-000304,2024-08-09,SOUTH-01,Home & Kitchen,HOME-2002,6,428.95,9.5,CUST-00258,New,South,Online
TXN-001159,2024-08-09,SOUTH-02,Electronics,ELEC-1002,1,73.59,17.77,CUST-01496,Returning,South,Online
TXN-001787,2024-08-09,CENTRAL-03,Home & Kitchen,HOME-2001,1,30.32,13.34,CUST-00435,New,Central,Online
TXN-002629,2024-08-09,EAST-02,Apparel,APP-3004,2,21.87,24.59,CUST-00896,New,East,Online
TXN-003558,2024-08-09,NORTH-01,Beauty,BEAU-4002,2,34.16,24.08,CUST-00103,Returning,North,In-store
TXN-003761,2024-08-09,CENTRAL-03,Home & Kitchen,HOME-2001,2,67.83,3.07,CUST-00950,New,Central,Online
TXN-004171,2024-08-09,CENTRAL-03,Beauty,BEAU-4001,4,43.69,15.92,CUST-00865,Returning,Central,In-store
TXN-004800,2024-08-09,CENTRAL-02,Sports,SPRT-5001,2,99.98,0.0,CUST-01181,Returning,Central,In-store
TXN-005018,2024-08-09,NORTH-01,Electronics,ELEC-1001,2,489.82,2.03,CUST-00567,Returning,North,Online
TXN-000173,2024-08-10,CENTRAL-02,Home & Kitchen,HOME-2002,2,124.97,20.9,CUST-00266,Returning,Central,Online
TXN-001373,2024-08-10,SOUTH-03,Sports,SPRT-5004,2,57.87,1.91,CUST-01024,New,South,In-store
TXN-001538,2024-08-10,SOUTH-02,Apparel,APP-3001,1,19.09,23.6,CUST-00560,Returning,South,In-store
TXN-001668,2024-08-10,CENTRAL-01,Apparel,APP-3003,4,234.91,0.46,CUST-00781,Returning,Central,Online
TXN-002679,2024-08-10,NORTH-02,Sports,SPRT-5004,3,65.53,25.95,CUST-00316,Returning,North,In-store
TXN-003845,2024-08-10,SOUTH-02,Apparel,APP-3003,8,453.42,3.94,CUST-00771,New,South,In-store
TXN-004519,2024-08-10,CENTRAL-02,Electronics,ELEC-1003,1,587.14,1.98,CUST-00666,New,Central,In-store
TXN-005225,2024-08-10,NORTH-03,Apparel,APP-3004,4,54.22,6.51,CUST-00561,Returning,North,In-store
TXN-005367,2024-08-10,NORTH-03,Sports,SPRT-5003,2,212.4,10.76,CUST-00499,Returning,North,In-store
TXN-005808,2024-08-10,NORTH-02,Home & Kitchen,HOME-2004,3,59.79,0.31,CUST-01300,New,North,Online
TXN-000522,2024-08-11,SOUTH-03,Electronics,ELEC-1002,1,84.65,5.41,CUST-01769,New,South,In-store
TXN-000837,2024-08-11,WEST-02,Apparel,APP-3004,1,12.71,12.34,CUST-01063,New,West,Online
TXN-001336,2024-08-11,NORTH-03,Apparel,APP-3004,2,27.54,5.04,CUST-01706,New,North,In-store
TXN-001510,2024-08-11,CENTRAL-03,Apparel,APP-3004,3,39.05,10.22,CUST-00639,Returning,Central,In-store
TXN-004211,2024-08-11,WEST-03,Electronics,ELEC-1002,5,426.22,4.75,CUST-00898,Returning,West,Online
TXN-005640,2024-08-11,EAST-02,Apparel,APP-3004,2,26.16,9.79,CUST-01370,Returning,East,In-store
TXN-005854,2024-08-11,EAST-02,Electronics,ELEC-1002,1,71.15,20.5,CUST-01200,New,East,Online
TXN-001756,2024-08-12,CENTRAL-01,Home & Kitchen,HOME-2004,5,99.95,0.0,CUST-00936,Returning,Central,In-store
TXN-002344,2024-08-12,CENTRAL-01,Home & Kitchen,HOME-2004,1,15.19,23.99,CUST-01785,New,Central,In-store
TXN-002416,2024-08-12,NORTH-03,Electronics,ELEC-1001,1,237.71,4.91,CUST-00662,Returning,North,Online
TXN-002425,2024-08-12,SOUTH-02,Sports,SPRT-5001,3,135.17,9.87,CUST-00321,New,South,In-store
TXN-002533,2024-08-12,NORTH-01,Home & Kitchen,HOME-2001,4,139.43,0.38,CUST-01384,Returning,North,In-store
TXN-002620,2024-08-12,CENTRAL-01,Home & Kitchen,HOME-2003,5,647.5,0.0,CUST-00022,Returning,Central,Online
TXN-003146,2024-08-12,NORTH-01,Electronics,ELEC-1001,4,971.16,2.88,CUST-01263,New,North,In-store
TXN-003326,2024-08-12,SOUTH-03,Electronics,ELEC-1002,2,151.44,15.4,CUST-00234,Returning,South,In-store
TXN-004310,2024-08-12,CENTRAL-03,Beauty,BEAU-4002,4,89.39,0.68,CUST-01183,Returning,Central,In-store
TXN-000486,2024-08-13,SOUTH-03,Electronics,ELEC-1002,3,268.5,0.0,CUST-00589,New,South,Online
TXN-001163,2024-08-13,CENTRAL-02,Electronics,ELEC-1003,1,531.06,11.34,CUST-01637,Returning,Central,Online
TXN-002357,2024-08-13,CENTRAL-03,Electronics,ELEC-1003,1,599.0,0.0,CUST-00220,Returning,Central,Online
TXN-004661,2024-08-13,EAST-01,Home & Kitchen,HOME-2003,1,129.5,0.0,CUST-01631,New,East,In-store
TXN-005742,2024-08-13,WEST-02,Electronics,ELEC-1004,8,288.01,9.97,CUST-00287,New,West,In-store
TXN-005848,2024-08-13,SOUTH-02,Sports,SPRT-5003,1,107.45,9.7,CUST-00309,Returning,South,Online
TXN-005968,2024-08-13,WEST-03,Home & Kitchen,HOME-2003,2,259.0,0.0,CUST-00294,Returning,West,In-store
TXN-000143,2024-08-14,NORTH-03,Sports,SPRT-5001,3,138.72,7.5,CUST-00739,New,North,In-store
TXN-000365,2024-08-14,CENTRAL-01,Electronics,ELEC-1001,2,399.47,20.1,CUST-00469,Returning,Central,In-store
TXN-001097,2024-08-14,EAST-02,Sports,SPRT-5004,1,29.5,0.0,CUST-00999,Returning,East,In-store
TXN-002684,2024-08-14,NORTH-03,Home & Kitchen,HOME-2002,2,142.21,9.99,CUST-01460,Returning,North,Online
TXN-003505,2024-08-14,EAST-02,Beauty,BEAU-4001,4,51.06,1.72,CUST-00913,Returning,East,In-store
TXN-004599,2024-08-14,NORTH-01,Apparel,APP-3003,1,53.44,9.42,CUST-00419,New,North,Online
TXN-004726,2024-08-14,CENTRAL-02,Apparel,APP-3004,1,11.56,20.28,CUST-00938,Returning,Central,In-store
TXN-004737,2024-08-14,EAST-01,Electronics,ELEC-1003,6,3594.0,0.0,CUST-00666,Returning,East,In-store
TXN-004789,2024-08-14,WEST-03,Electronics,ELEC-1003,3,1722.09,4.17,CUST-01424,New,West,Online
TXN-000453,2024-08-15,WEST-01,Apparel,APP-3003,3,160.3,9.43,CUST-00588,Returning,West,In-store
TXN-001100,2024-08-15,SOUTH-01,Home & Kitchen,HOME-2002,5,380.58,3.65,CUST-00440,Returning,South,In-store
TXN-001413,2024-08-15,EAST-01,Apparel,APP-3001,4,70.35,29.62,CUST-00203,Returning,East,In-store
TXN-001925,2024-08-15,SOUTH-01,Home & Kitchen,HOME-2001,2,59.32,15.23,CUST-01422,New,South,Online
TXN-001936,2024-08-15,CENTRAL-01,Apparel,APP-3001,1,22.05,11.75,CUST-00873,New,Central,In-store
TXN-003017,2024-08-15,WEST-02,Electronics,ELEC-1001,3,532.64,28.98,CUST-00456,Returning,West,In-store
TXN-004339,2024-08-15,CENTRAL-02,Home & Kitchen,HOME-2001,4,124.5,11.04,CUST-01364,Returning,Central,Online
TXN-004373,2024-08-15,EAST-01,Home & Kitchen,HOME-2002,3,237.0,0.0,CUST-01706,Returning,East,In-store
TXN-004844,2024-08-15,NORTH-02,Home & Kitchen,HOME-2002,1,79.0,0.0,CUST-01344,Returning,North,In-store
TXN-001436,2024-08-16,EAST-02,Electronics,ELEC-1001,3,742.8,0.96,CUST-01494,Returning,East,Online
TXN-003384,2024-08-16,EAST-03,Beauty,BEAU-4003,1,35.0,0.0,CUST-01769,Returning,East,In-store
TXN-005462,2024-08-16,EAST-03,Home & Kitchen,HOME-2004,5,99.95,0.0,CUST-01045,New,East,Online
TXN-000310,2024-08-17,NORTH-01,Beauty,BEAU-4003,6,208.1,0.91,CUST-01732,Returning,North,Online
TXN-000867,2024-08-17,EAST-02,Home & Kitchen,HOME-2002,8,632.0,0.0,CUST-00555,Returning,East,In-store
TXN-001527,2024-08-17,WEST-02,Sports,SPRT-5003,5,562.37,5.48,CUST-01697,New,West,In-store
TXN-002881,2024-08-17,WEST-03,Sports,SPRT-5004,2,58.15,1.45,CUST-01729,Returning,West,In-store
TXN-003440,2024-08-17,NORTH-02,Sports,SPRT-5003,4,471.68,0.91,CUST-00858,Returning,North,In-store
TXN-004016,2024-08-17,EAST-03,Electronics,ELEC-1001,4,999.96,0.0,CUST-01115,Returning,East,In-store
TXN-005312,2024-08-17,SOUTH-03,Home & Kitchen,HOME-2001,4,133.55,4.58,CUST-00058,Returning,South,Online
TXN-005743,2024-08-17,CENTRAL-02,Sports,SPRT-5004,4,100.61,14.74,CUST-00872,New,Central,In-store
TXN-000829,2024-08-18,SOUTH-02,Apparel,APP-3002,1,33.96,15.08,CUST-01655,Returning,South,Online
TXN-004083,2024-08-18,WEST-01,Home & Kitchen,HOME-2004,2,39.87,0.28,CUST-01356,Returning,West,In-store
TXN-004158,2024-08-18,NORTH-01,Apparel,APP-3001,2,49.98,0.0,CUST-00160,New,North,Online
TXN-005476,2024-08-18,NORTH-02,Home & Kitchen,HOME-2002,5,343.05,13.15,CUST-00122,Returning,North,In-store
TXN-005547,2024-08-18,EAST-03,Electronics,ELEC-1004,1,39.51,1.2,CUST-00998,Returning,East,Online
TXN-000253,2024-08-19,WEST-01,Home & Kitchen,HOME-2004,3,59.97,0.0,CUST-00920,Returning,West,In-store
TXN-000456,2024-08-19,NORTH-01,Sports,SPRT-5001,1,40.37,19.24,CUST-00702,Returning,North,Online
TXN-002126,2024-08-19,CENTRAL-01,Electronics,ELEC-1003,1,595.93,0.51,CUST-00515,New,Central,In-store
TXN-002568,2024-08-19,WEST-01,Home & Kitchen,HOME-2004,2,34.01,14.93,CUST-01158,New,West,In-store
TXN-004394,2024-08-19,NORTH-03,Apparel,APP-3004,2,28.52,1.64,CUST-01117,Returning,North,In-store
TXN-005050,2024-08-19,WEST-02,Home & Kitchen,HOME-2002,8,509.17,19.43,CUST-01090,Returning,West,In-store
TXN-005174,2024-08-19,CENTRAL-01,Electronics,ELEC-1001,5,1132.73,9.38,CUST-00312,New,Central,In-store
TXN-001646,2024-08-20,CENTRAL-02,Home & Kitchen,HOME-2004,5,99.32,0.63,CUST-00565,Returning,Central,In-store
TXN-002006,2024-08-20,CENTRAL-03,Sports,SPRT-5002,1,88.81,1.31,CUST-00592,New,Central,Online
TXN-002220,2024-08-20,WEST-01,Beauty,BEAU-4001,3,38.32,1.66,CUST-00650,New,West,Online
TXN-002243,2024-08-20,WEST-01,Sports,SPRT-5003,2,223.57,6.06,CUST-01467,Returning,West,Online
TXN-002558,2024-08-20,SOUTH-02,Sports,SPRT-5002,2,169.53,5.81,CUST-00725,New,South,Online
TXN-003756,2024-08-20,EAST-03,Apparel,APP-3003,1,57.11,3.2,CUST-01695,Returning,East,Online
TXN-005007,2024-08-20,SOUTH-03,Home & Kitchen,HOME-2003,4,412.22,20.42,CUST-00200,New,South,Online
TXN-000391,2024-08-21,SOUTH-03,Beauty,BEAU-4001,5,64.95,0.0,CUST-00860,New,South,Online
TXN-000918,2024-08-21,SOUTH-01,Home & Kitchen,HOME-2004,3,59.97,0.0,CUST-01094,Returning,South,In-store
TXN-001598,2024-08-21,SOUTH-03,Electronics,ELEC-1003,1,563.06,6.0,CUST-01029,New,South,In-store
TXN-002104,2024-08-21,SOUTH-02,Home & Kitchen,HOME-2001,1,34.99,0.0,CUST-00759,Returning,South,In-store
TXN-002385,2024-08-21,NORTH-03,Home & Kitchen,HOME-2002,1,58.79,25.58,CUST-00085,Returning,North,In-store
TXN-002655,2024-08-21,NORTH-03,Home & Kitchen,HOME-2003,1,120.74,6.77,CUST-01452,Returning,North,Online
TXN-002820,2024-08-21,EAST-02,Sports,SPRT-5003,1,119.0,0.0,CUST-01270,Returning,East,Online
TXN-002839,2024-08-21,SOUTH-03,Apparel,APP-3004,2,27.57,4.93,CUST-00909,New,South,Online
TXN-003915,2024-08-21,NORTH-02,Apparel,APP-3004,1,11.6,19.99,CUST-00629,New,North,In-store
TXN-003975,2024-08-21,NORTH-01,Apparel,APP-3001,3,70.97,5.33,CUST-01667,Returning,North,In-store
TXN-004311,2024-08-21,EAST-01,Sports,SPRT-5002,1,66.95,25.6,CUST-01730,Returning,East,In-store
TXN-004525,2024-08-21,WEST-03,Electronics,ELEC-1002,1,78.84,11.91,CUST-01186,Returning,West,In-store
TXN-004727,2024-08-21,CENTRAL-01,Electronics,ELEC-1002,1,76.98,13.99,CUST-01367,Returning,Central,In-store
TXN-000638,2024-08-22,WEST-03,Apparel,APP-3002,4,127.6,20.23,CUST-00561,Returning,West,In-store
TXN-000875,2024-08-22,CENTRAL-03,Home & Kitchen,HOME-2003,10,975.35,24.68,CUST-00143,Returning,Central,In-store
TXN-000903,2024-08-22,CENTRAL-02,Electronics,ELEC-1002,1,84.42,5.68,CUST-00395,New,Central,Online
TXN-001528,2024-08-22,SOUTH-01,Apparel,APP-3003,2,117.11,0.75,CUST-01264,Returning,South,In-store
TXN-001749,2024-08-22,EAST-03,Sports,SPRT-5003,1,112.07,5.82,CUST-00025,New,East,In-store
TXN-002429,2024-08-22,CENTRAL-02,Home & Kitchen,HOME-2002,2,141.44,10.48,CUST-01782,New,Central,In-store
TXN-004251,2024-08-22,SOUTH-01,Apparel,APP-3003,4,216.7,8.18,CUST-01242,Returning,South,In-store
TXN-005464,2024-08-22,NORTH-01,Beauty,BEAU-4001,2,23.39,9.99,CUST-01516,New,North,In-store
TXN-005467,2024-08-22,NORTH-03,Sports,SPRT-5004,1,27.77,5.88,CUST-01422,Returning,North,Online
TXN-005610,2024-08-22,EAST-01,Home & Kitchen,HOME-2002,1,78.63,0.47,CUST-00642,Returning,East,In-store
TXN-000148,2024-08-23,NORTH-02,Electronics,ELEC-1002,3,266.2,0.85,CUST-00514,Returning,North,In-store
TXN-000364,2024-08-23,CENTRAL-03,Sports,SPRT-5002,3,244.33,9.5,CUST-01107,Returning,Central,In-store
TXN-000960,2024-08-23,CENTRAL-02,Beauty,BEAU-4003,1,35.0,0.0,CUST-01124,New,Central,In-store
TXN-001091,2024-08-23,NORTH-01,Apparel,APP-3004,1,14.1,2.77,CUST-00606,New,North,In-store
TXN-001989,2024-08-23,CENTRAL-01,Electronics,ELEC-1001,2,445.16,10.96,CUST-01574,Returning,Central,Online
TXN-002028,2024-08-23,EAST-02,Apparel,APP-3001,10,248.7,0.48,CUST-00594,New,East,In-store
TXN-002348,2024-08-23,EAST-03,Home & Kitchen,HOME-2001,1,31.44,10.14,CUST-01187,Returning,East,Online
TXN-003764,2024-08-23,SOUTH-01,Electronics,ELEC-1004,1,33.38,16.53,CUST-00864,Returning,South,Online
TXN-004111,2024-08-23,WEST-03,Beauty,BEAU-4002,2,36.91,17.98,CUST-00698,New,West,In-store
TXN-005970,2024-08-23,WEST-02,Apparel,APP-3004,1,14.5,0.0,CUST-01430,Returning,West,In-store
TXN-000096,2024-08-24,WEST-01,Electronics,ELEC-1003,1,481.92,19.55,CUST-01346,New,West,In-store
TXN-000782,2024-08-24,SOUTH-03,Sports,SPRT-5002,5,345.28,23.26,CUST-00119,Returning,South,In-store
TXN-000870,2024-08-24,EAST-03,Apparel,APP-3001,3,73.69,1.71,CUST-00462,New,East,Online
TXN-001281,2024-08-24,CENTRAL-01,Apparel,APP-3001,2,34.87,30.23,CUST-01124,Returning,Central,Online
TXN-003338,2024-08-24,NORTH-01,Home & Kitchen,HOME-2004,3,51.51,14.1,CUST-00985,Returning,North,In-store
TXN-003657,2024-08-24,NORTH-01,Apparel,APP-3004,2,29.0,0.0,CUST-01659,Returning,North,In-store
TXN-003815,2024-08-24,EAST-03,Electronics,ELEC-1001,4,999.96,0.0,CUST-00405,Returning,East,In-store
TXN-004624,2024-08-24,WEST-01,Home & Kitchen,HOME-2002,1,65.89,16.6,CUST-01697,Returning,West,In-store
TXN-004783,2024-08-24,EAST-01,Sports,SPRT-5002,1,80.77,10.25,CUST-00645,New,East,In-store
TXN-004821,2024-08-24,WEST-02,Electronics,ELEC-1001,5,1166.33,6.69,CUST-00452,Returning,West,Online
TXN-005801,2024-08-24,WEST-01,Beauty,BEAU-4001,4,41.61,19.91,CUST-01756,Returning,West,Online
TXN-001706,2024-08-25,SOUTH-02,Electronics,ELEC-1004,4,156.42,2.21,CUST-01280,Returning,South,In-store
TXN-002634,2024-08-25,SOUTH-03,Beauty,BEAU-4004,2,17.98,0.0,CUST-00454,Returning,South,In-store
TXN-002755,2024-08-25,SOUTH-02,Apparel,APP-3004,3,43.45,0.12,CUST-01289,New,South,In-store
TXN-004227,2024-08-25,EAST-02,Electronics,ELEC-1003,2,1131.28,5.57,CUST-01785,Returning,East,In-store
TXN-005203,2024-08-25,NORTH-01,Sports,SPRT-5003,4,473.21,0.59,CUST-01562,New,North,In-store
TXN-000305,2024-08-26,NORTH-01,Electronics,ELEC-1001,4,886.0,11.4,CUST-00706,New,North,In-store
TXN-000427,2024-08-26,NORTH-02,Home & Kitchen,HOME-2001,2,69.29,0.98,CUST-00037,Returning,North,Online
TXN-002121,2024-08-26,WEST-02,Electronics,ELEC-1001,3,678.03,9.59,CUST-01063,Returning,West,In-store
TXN-004563,2024-08-26,WEST-02,Sports,SPRT-5003,4,454.75,4.46,CUST-01170,New,West,In-store
TXN-005365,2024-08-26,SOUTH-02,Beauty,BEAU-4004,6,44.75,17.04,CUST-00228,Returning,South,In-store
TXN-005877,2024-08-26,NORTH-02,Apparel,APP-3002,2,73.62,7.95,CUST-01559,Returning,North,Online
TXN-000117,2024-08-27,EAST-02,Apparel,APP-3001,6,149.89,0.04,CUST-00224,Returning,East,Online
TXN-000269,2024-08-27,SOUTH-02,Home & Kitchen,HOME-2003,1,123.27,4.81,CUST-01674,New,South,In-store
TXN-000636,2024-08-27,NORTH-03,Electronics,ELEC-1003,3,1797.0,0.0,CUST-00093,Returning,North,In-store
TXN-001386,2024-08-27,EAST-01,Electronics,ELEC-1003,1,540.57,9.75,CUST-00177,Returning,East,In-store
TXN-003892,2024-08-27,NORTH-02,Electronics,ELEC-1002,2,179.0,0.0,CUST-01282,New,North,In-store
TXN-004810,2024-08-27,CENTRAL-01,Home & Kitchen,HOME-2004,2,35.7,10.7,CUST-00553,Returning,Central,In-store
TXN-005145,2024-08-27,SOUTH-02,Home & Kitchen,HOME-2001,1,34.99,0.0,CUST-00245,Returning,South,Online
TXN-005250,2024-08-27,WEST-03,Sports,SPRT-5004,2,56.38,4.44,CUST-00243,Returning,West,In-store
TXN-005273,2024-08-27,CENTRAL-01,Beauty,BEAU-4002,5,96.2,14.49,CUST-01505,New,Central,In-store
TXN-005490,2024-08-27,EAST-03,Home & Kitchen,HOME-2004,2,39.24,1.85,CUST-01145,New,East,In-store
TXN-000019,2024-08-28,CENTRAL-01,Home & Kitchen,HOME-2001,2,63.65,9.04,CUST-01053,Returning,Central,Online
TXN-001257,2024-08-28,EAST-02,Home & Kitchen,HOME-2003,1,116.4,10.12,CUST-00893,New,East,In-store
TXN-002003,2024-08-28,CENTRAL-02,Beauty,BEAU-4002,1,20.08,10.75,CUST-01213,Returning,Central,In-store
TXN-003009,2024-08-28,NORTH-01,Beauty,BEAU-4002,8,180.0,0.0,CUST-00982,New,North,Online
TXN-004408,2024-08-28,EAST-02,Sports,SPRT-5002,4,359.96,0.0,CUST-00766,New,East,Online
TXN-004568,2024-08-28,EAST-02,Home & Kitchen,HOME-2004,1,19.87,0.62,CUST-00530,Returning,East,Online
TXN-005226,2024-08-28,WEST-03,Sports,SPRT-5001,5,209.41,16.22,CUST-00777,Returning,West,In-store
TXN-000248,2024-08-29,NORTH-02,Home & Kitchen,HOME-2003,1,129.5,0.0,CUST-01265,New,North,Online
TXN-000532,2024-08-29,WEST-03,Beauty,BEAU-4004,1,8.99,0.0,CUST-01742,Returning,West,Online
TXN-000882,2024-08-29,WEST-03,Home & Kitchen,HOME-2003,6,644.67,17.03,CUST-01757,New,West,Online
TXN-000967,2024-08-29,CENTRAL-02,Apparel,APP-3003,3,159.41,9.94,CUST-01311,Returning,Central,Online
TXN-000972,2024-08-29,SOUTH-02,Apparel,APP-3004,2,25.08,13.53,CUST-01330,New,South,In-store
TXN-001769,2024-08-29,NORTH-01,Home & Kitchen,HOME-2002,2,142.74,9.66,CUST-00031,Returning,North,Online
TXN-002999,2024-08-29,CENTRAL-03,Apparel,APP-3001,1,19.52,21.9,CUST-00824,New,Central,In-store
TXN-003818,2024-08-29,WEST-01,Sports,SPRT-5001,8,399.92,0.0,CUST-01761,New,West,In-store
TXN-004113,2024-08-29,CENTRAL-02,Sports,SPRT-5002,2,176.75,1.79,CUST-01596,New,Central,Online
TXN-004503,2024-08-29,SOUTH-01,Electronics,ELEC-1004,4,138.76,13.25,CUST-00049,Returning,South,Online
TXN-005206,2024-08-29,WEST-03,Electronics,ELEC-1001,1,223.13,10.74,CUST-00688,New,West,In-store
TXN-005771,2024-08-29,EAST-01,Sports,SPRT-5002,2,175.55,2.46,CUST-01099,Returning,East,In-store
TXN-000641,2024-08-30,WEST-01,Home & Kitchen,HOME-2002,3,225.85,4.7,CUST-00848,New,West,In-store
TXN-003186,2024-08-30,CENTRAL-03,Beauty,BEAU-4002,1,22.5,0.0,CUST-00865,Returning,Central,In-store
TXN-003229,2024-08-30,SOUTH-01,Electronics,ELEC-1001,4,981.86,1.81,CUST-00849,New,South,In-store
TXN-003360,2024-08-30,NORTH-02,Apparel,APP-3004,5,56.35,22.27,CUST-00141,New,North,Online
TXN-003573,2024-08-30,NORTH-01,Apparel,APP-3004,2,26.47,8.71,CUST-01536,Returning,North,In-store
TXN-003980,2024-08-30,CENTRAL-02,Electronics,ELEC-1001,1,247.1,1.15,CUST-01483,Returning,Central,Online
TXN-004047,2024-08-30,SOUTH-01,Electronics,ELEC-1004,1,34.18,14.54,CUST-01535,Returning,South,In-store
TXN-004191,2024-08-30,NORTH-02,Apparel,APP-3001,1,20.64,17.41,CUST-01595,New,North,Online
TXN-004309,2024-08-30,CENTRAL-03,Home & Kitchen,HOME-2003,2,258.34,0.25,CUST-00587,New,Central,In-store
TXN-004483,2024-08-30,WEST-02,Home & Kitchen,HOME-2003,2,219.38,15.3,CUST-00230,Returning,West,Online
TXN-004512,2024-08-30,CENTRAL-01,Home & Kitchen,HOME-2001,8,279.09,0.3,CUST-01592,Returning,Central,Online
TXN-004681,2024-08-30,CENTRAL-01,Sports,SPRT-5004,5,130.12,11.78,CUST-01329,New,Central,Online
TXN-005139,2024-08-30,CENTRAL-02,Sports,SPRT-5003,2,212.84,10.57,CUST-00124,New,Central,In-store
TXN-005401,2024-08-30,NORTH-01,Apparel,APP-3001,3,68.51,8.62,CUST-01503,Returning,North,Online
TXN-000100,2024-08-31,WEST-03,Apparel,APP-3002,1,36.36,9.09,CUST-00613,New,West,In-store
TXN-000673,2024-08-31,NORTH-02,Electronics,ELEC-1003,3,1619.56,9.87,CUST-00854,Returning,North,In-store
TXN-000749,2024-08-31,WEST-02,Electronics,ELEC-1003,5,2730.84,8.82,CUST-01183,Returning,West,In-store
TXN-001430,2024-08-31,CENTRAL-01,Sports,SPRT-5003,1,107.06,10.03,CUST-01362,Returning,Central,Online
TXN-002412,2024-08-31,NORTH-03,Electronics,ELEC-1002,4,358.0,0.0,CUST-01235,New,North,In-store
TXN-002791,2024-08-31,CENTRAL-03,Home & Kitchen,HOME-2001,1,33.78,3.46,CUST-00203,Returning,Central,Online
TXN-003031,2024-08-31,WEST-02,Electronics,ELEC-1001,6,1499.94,0.0,CUST-00646,New,West,Online
TXN-003630,2024-08-31,EAST-03,Beauty,BEAU-4002,4,81.31,9.66,CUST-01344,Returning,East,Online
TXN-003907,2024-08-31,EAST-01,Home & Kitchen,HOME-2004,1,19.99,0.0,CUST-01047,Returning,East,Online
TXN-004628,2024-08-31,NORTH-01,Electronics,ELEC-1001,4,945.62,5.43,CUST-00034,New,North,Online
TXN-000292,2024-09-01,SOUTH-01,Beauty,BEAU-4004,2,17.98,0.0,CUST-01330,Returning,South,Online
TXN-001576,2024-09-01,CENTRAL-03,Electronics,ELEC-1003,2,1137.97,5.01,CUST-01379,Returning,Central,In-store
TXN-001645,2024-09-01,EAST-01,Home & Kitchen,HOME-2002,5,351.6,10.99,CUST-01135,Returning,East,In-store
TXN-001712,2024-09-01,NORTH-02,Apparel,APP-3001,2,49.17,1.61,CUST-01643,Returning,North,In-store
TXN-001745,2024-09-01,CENTRAL-02,Apparel,APP-3001,5,100.46,19.6,CUST-00538,Returning,Central,Online
TXN-002067,2024-09-01,CENTRAL-01,Apparel,APP-3001,1,17.26,30.94,CUST-00419,Returning,Central,In-store
TXN-002267,2024-09-01,EAST-02,Sports,SPRT-5002,3,228.18,15.48,CUST-01698,New,East,In-store
TXN-002329,2024-09-01,WEST-03,Sports,SPRT-5001,2,76.8,23.19,CUST-00526,Returning,West,Online
TXN-003279,2024-09-01,CENTRAL-01,Electronics,ELEC-1004,5,197.61,1.17,CUST-01456,Returning,Central,Online
TXN-003380,2024-09-01,NORTH-02,Sports,SPRT-5003,2,234.71,1.38,CUST-01420,Returning,North,In-store
TXN-003564,2024-09-01,NORTH-03,Electronics,ELEC-1001,1,249.99,0.0,CUST-00708,New,North,In-store
TXN-005912,2024-09-01,CENTRAL-02,Apparel,APP-3003,1,59.0,0.0,CUST-00094,Returning,Central,In-store
TXN-000153,2024-09-02,NORTH-03,Electronics,ELEC-1004,2,71.48,10.63,CUST-00595,New,North,In-store
TXN-000683,2024-09-02,NORTH-02,Apparel,APP-3001,2,49.6,0.76,CUST-01527,Returning,North,In-store
TXN-000900,2024-09-02,EAST-02,Electronics,ELEC-1001,6,1276.01,14.93,CUST-01379,Returning,East,In-store
TXN-001074,2024-09-02,WEST-03,Electronics,ELEC-1003,2,1081.55,9.72,CUST-00539,Returning,West,In-store
TXN-001144,2024-09-02,SOUTH-03,Electronics,ELEC-1004,4,144.12,9.9,CUST-01411,Returning,South,Online
TXN-003327,2024-09-02,NORTH-03,Home & Kitchen,HOME-2002,5,355.82,9.92,CUST-01212,New,North,In-store
TXN-003377,2024-09-02,WEST-01,Electronics,ELEC-1002,2,171.03,4.45,CUST-00700,New,West,In-store
TXN-004009,2024-09-02,WEST-02,Apparel,APP-3003,5,295.0,0.0,CUST-00394,Returning,West,In-store
TXN-005563,2024-09-02,NORTH-01,Home & Kitchen,HOME-2004,1,19.99,0.0,CUST-01515,Returning,North,In-store
TXN-000846,2024-09-03,SOUTH-03,Sports,SPRT-5001,2,99.98,0.0,CUST-01677,Returning,South,In-store
TXN-001490,2024-09-03,NORTH-01,Home & Kitchen,HOME-2001,4,120.14,14.16,CUST-00471,Returning,North,Online
TXN-001896,2024-09-03,NORTH-02,Sports,SPRT-5004,6,138.74,21.61,CUST-00770,Returning,North,In-store
TXN-001976,2024-09-03,CENTRAL-03,Home & Kitchen,HOME-2002,2,149.53,5.36,CUST-00926,Returning,Central,In-store
TXN-003520,2024-09-03,CENTRAL-02,Apparel,APP-3002,1,39.99,0.0,CUST-00724,Returning,Central,Online
TXN-005261,2024-09-03,EAST-03,Beauty,BEAU-4002,5,104.9,6.75,CUST-00275,Returning,East,In-store
TXN-005804,2024-09-03,EAST-03,Apparel,APP-3004,4,57.89,0.19,CUST-00823,Returning,East,In-store
TXN-000497,2024-09-04,CENTRAL-02,Electronics,ELEC-1001,1,177.26,29.1,CUST-00818,Returning,Central,In-store
TXN-000863,2024-09-04,CENTRAL-01,Electronics,ELEC-1002,3,268.5,0.0,CUST-00735,New,Central,In-store
TXN-001267,2024-09-04,WEST-03,Home & Kitchen,HOME-2001,4,129.87,7.21,CUST-00448,Returning,West,Online
TXN-003131,2024-09-04,NORTH-01,Home & Kitchen,HOME-2003,2,229.7,11.31,CUST-00937,Returning,North,In-store
TXN-004455,2024-09-04,NORTH-02,Apparel,APP-3004,4,58.0,0.0,CUST-01709,Returning,North,Online
TXN-004691,2024-09-04,CENTRAL-02,Electronics,ELEC-1001,5,1067.17,14.62,CUST-01303,Returning,Central,In-store
TXN-004778,2024-09-04,CENTRAL-03,Home & Kitchen,HOME-2003,4,518.0,0.0,CUST-00096,Returning,Central,In-store
TXN-005042,2024-09-04,CENTRAL-02,Home & Kitchen,HOME-2002,1,79.0,0.0,CUST-00454,Returning,Central,In-store
TXN-005128,2024-09-04,NORTH-03,Sports,SPRT-5001,1,42.69,14.61,CUST-00249,Returning,North,In-store
TXN-000488,2024-09-05,WEST-01,Electronics,ELEC-1002,1,89.5,0.0,CUST-00827,Returning,West,Online
TXN-000810,2024-09-05,SOUTH-02,Sports,SPRT-5001,1,49.99,0.0,CUST-01528,Returning,South,Online
TXN-001368,2024-09-05,CENTRAL-01,Apparel,APP-3003,1,57.81,2.01,CUST-00555,Returning,Central,Online
TXN-001996,2024-09-05,NORTH-02,Apparel,APP-3002,3,119.97,0.0,CUST-00409,Returning,North,In-store
TXN-002193,2024-09-05,NORTH-02,Apparel,APP-3003,1,59.0,0.0,CUST-01370,Returning,North,Online
TXN-002221,2024-09-05,NORTH-02,Apparel,APP-3002,3,116.23,3.11,CUST-00461,New,North,In-store
TXN-002292,2024-09-05,CENTRAL-02,Electronics,ELEC-1003,3,1620.33,9.83,CUST-00552,Returning,Central,Online
TXN-002662,2024-09-05,CENTRAL-02,Sports,SPRT-5001,1,49.08,1.82,CUST-01133,Returning,Central,In-store
TXN-003158,2024-09-05,WEST-01,Home & Kitchen,HOME-2002,8,607.92,3.81,CUST-00078,Returning,West,Online
TXN-004294,2024-09-05,CENTRAL-03,Sports,SPRT-5001,1,44.89,10.21,CUST-00547,New,Central,In-store
TXN-004711,2024-09-05,CENTRAL-02,Electronics,ELEC-1004,10,393.39,1.63,CUST-00929,Returning,Central,In-store
TXN-005881,2024-09-05,EAST-02,Apparel,APP-3004,10,138.02,4.81,CUST-01776,Returning,East,Online
TXN-000347,2024-09-06,NORTH-02,Home & Kitchen,HOME-2001,4,133.59,4.55,CUST-01609,Returning,North,In-store
TXN-000971,2024-09-06,CENTRAL-02,Electronics,ELEC-1001,3,627.24,16.36,CUST-00937,Returning,Central,In-store
TXN-001728,2024-09-06,EAST-02,Beauty,BEAU-4003,2,60.07,14.19,CUST-01577,Returning,East,Online
TXN-002230,2024-09-06,EAST-02,Electronics,ELEC-1003,2,1192.25,0.48,CUST-00637,Returning,East,In-store
TXN-002263,2024-09-06,NORTH-02,Beauty,BEAU-4002,2,38.59,14.24,CUST-00087,Returning,North,In-store
TXN-003629,2024-09-06,CENTRAL-01,Electronics,ELEC-1003,1,599.0,0.0,CUST-00025,Returning,Central,In-store
TXN-003961,2024-09-06,CENTRAL-01,Home & Kitchen,HOME-2002,1,59.65,24.5,CUST-01308,Returning,Central,Online
TXN-003986,2024-09-06,SOUTH-01,Home & Kitchen,HOME-2003,2,236.17,8.82,CUST-00785,Returning,South,In-store
TXN-004051,2024-09-06,EAST-01,Beauty,BEAU-4001,4,41.59,19.95,CUST-00702,Returning,East,Online
TXN-005331,2024-09-06,NORTH-03,Beauty,BEAU-4001,1,12.99,0.0,CUST-00340,Returning,North,In-store
TXN-005412,2024-09-06,CENTRAL-03,Electronics,ELEC-1004,2,71.98,10.01,CUST-00835,Returning,Central,In-store
TXN-002151,2024-09-07,EAST-02,Electronics,ELEC-1003,4,2396.0,0.0,CUST-00351,Returning,East,In-store
TXN-002156,2024-09-07,SOUTH-02,Electronics,ELEC-1002,3,268.5,0.0,CUST-01554,Returning,South,Online
TXN-003948,2024-09-07,WEST-03,Home & Kitchen,HOME-2003,4,441.8,14.71,CUST-00420,Returning,West,Online
TXN-005120,2024-09-07,WEST-02,Home & Kitchen,HOME-2001,2,63.24,9.63,CUST-01252,New,West,Online
TXN-000338,2024-09-08,SOUTH-02,Apparel,APP-3004,3,39.74,8.65,CUST-01423,Returning,South,In-store
TXN-000723,2024-09-08,CENTRAL-02,Home & Kitchen,HOME-2004,2,39.98,0.0,CUST-00100,Returning,Central,In-store
TXN-002299,2024-09-08,SOUTH-03,Apparel,APP-3004,1,14.5,0.0,CUST-01578,New,South,In-store
TXN-002694,2024-09-08,EAST-02,Electronics,ELEC-1002,1,79.57,11.09,CUST-00246,New,East,Online
TXN-003455,2024-09-08,EAST-03,Apparel,APP-3002,3,103.32,13.88,CUST-00501,Returning,East,Online
TXN-003718,2024-09-08,NORTH-02,Home & Kitchen,HOME-2002,2,140.51,11.07,CUST-01499,Returning,North,In-store
TXN-003941,2024-09-08,NORTH-03,Electronics,ELEC-1004,8,318.29,0.51,CUST-01381,New,North,Online
TXN-003971,2024-09-08,SOUTH-03,Apparel,APP-3004,2,25.43,12.3,CUST-01026,Returning,South,In-store
TXN-003985,2024-09-08,NORTH-03,Apparel,APP-3002,3,119.97,0.0,CUST-00777,Returning,North,Online
TXN-005989,2024-09-08,SOUTH-02,Electronics,ELEC-1002,3,266.27,0.83,CUST-01067,New,South,Online
TXN-000118,2024-09-09,WEST-02,Sports,SPRT-5003,1,119.0,0.0,CUST-00855,Returning,West,In-store
TXN-001036,2024-09-09,NORTH-03,Sports,SPRT-5001,2,88.89,11.09,CUST-01452,Returning,North,In-store
TXN-001292,2024-09-09,SOUTH-02,Sports,SPRT-5002,1,86.38,4.01,CUST-00819,New,South,Online
TXN-001772,2024-09-09,SOUTH-03,Beauty,BEAU-4001,4,51.96,0.0,CUST-00733,Returning,South,In-store
TXN-001824,2024-09-09,CENTRAL-01,Electronics,ELEC-1004,5,199.52,0.22,CUST-01079,New,Central,Online
TXN-002494,2024-09-09,WEST-03,Apparel,APP-3001,2,39.82,20.33,CUST-01688,Returning,West,Online
TXN-002939,2024-09-09,NORTH-01,Beauty,BEAU-4004,2,14.51,19.32,CUST-01475,Returning,North,In-store
TXN-003578,2024-09-09,SOUTH-03,Electronics,ELEC-1003,2,909.72,24.06,CUST-00117,New,South,Online
TXN-003928,2024-09-09,EAST-02,Electronics,ELEC-1002,2,177.22,1.0,CUST-01525,Returning,East,In-store
TXN-004186,2024-09-09,CENTRAL-01,Apparel,APP-3003,4,236.0,0.0,CUST-00257,Returning,Central,In-store
TXN-005144,2024-09-09,WEST-03,Home & Kitchen,HOME-2003,8,1036.0,0.0,CUST-00770,Returning,West,In-store
TXN-002184,2024-09-10,NORTH-01,Sports,SPRT-5004,5,134.08,9.1,CUST-01727,Returning,North,In-store
TXN-002289,2024-09-10,EAST-03,Beauty,BEAU-4003,4,124.01,11.42,CUST-01637,Returning,East,In-store
TXN-002407,2024-09-10,CENTRAL-01,Beauty,BEAU-4003,2,49.1,29.86,CUST-01167,Returning,Central,In-store
TXN-002566,2024-09-10,CENTRAL-03,Apparel,APP-3001,1,23.76,4.92,CUST-00573,New,Central,In-store
TXN-002873,2024-09-10,WEST-01,Electronics,ELEC-1004,1,35.6,10.98,CUST-00830,Returning,West,In-store
TXN-003501,2024-09-10,CENTRAL-01,Home & Kitchen,HOME-2004,1,18.58,7.06,CUST-01001,New,Central,Online
TXN-004257,2024-09-10,SOUTH-03,Apparel,APP-3004,4,54.48,6.07,CUST-01624,Returning,South,In-store
TXN-004765,2024-09-10,WEST-01,Electronics,ELEC-1004,5,162.62,18.67,CUST-01664,Returning,West,In-store
TXN-000217,2024-09-11,WEST-02,Apparel,APP-3004,5,72.27,0.31,CUST-00146,Returning,West,In-store
TXN-000597,2024-09-11,CENTRAL-03,Apparel,APP-3002,8,272.47,14.83,CUST-01197,Returning,Central,In-store
TXN-001013,2024-09-11,SOUTH-01,Electronics,ELEC-1003,3,1613.03,10.24,CUST-00669,New,South,In-store
TXN-001106,2024-09-11,CENTRAL-03,Electronics,ELEC-1004,2,59.15,26.04,CUST-01202,New,Central,In-store
TXN-001417,2024-09-11,WEST-01,Sports,SPRT-5002,2,154.08,14.39,CUST-00095,Returning,West,Online
TXN-002031,2024-09-11,CENTRAL-03,Home & Kitchen,HOME-2001,1,32.9,5.98,CUST-01117,Returning,Central,In-store
TXN-002209,2024-09-11,SOUTH-01,Sports,SPRT-5003,3,296.94,16.82,CUST-01171,New,South,Online
TXN-002539,2024-09-11,WEST-01,Home & Kitchen,HOME-2002,1,68.21,13.66,CUST-00789,New,West,In-store
TXN-002845,2024-09-11,SOUTH-03,Apparel,APP-3001,3,73.81,1.55,CUST-00899,New,South,In-store
TXN-004042,2024-09-11,WEST-01,Home & Kitchen,HOME-2004,8,154.41,3.45,CUST-01755,New,West,Online
TXN-000336,2024-09-12,CENTRAL-01,Electronics,ELEC-1002,4,350.94,1.97,CUST-01703,New,Central,Online
TXN-002781,2024-09-12,SOUTH-03,Beauty,BEAU-4003,1,28.26,19.27,CUST-01444,New,South,In-store
TXN-003028,2024-09-12,NORTH-01,Apparel,APP-3001,6,120.04,19.94,CUST-00076,New,North,In-store
TXN-003565,2024-09-12,EAST-02,Home & Kitchen,HOME-2002,2,147.2,6.84,CUST-01557,Returning,East,In-store
TXN-003653,2024-09-12,SOUTH-01,Home & Kitchen,HOME-2001,3,88.74,15.46,CUST-00445,New,South,In-store
TXN-003819,2024-09-12,EAST-02,Sports,SPRT-5001,4,199.96,0.0,CUST-00541,Returning,East,In-store
TXN-005361,2024-09-12,SOUTH-02,Beauty,BEAU-4004,8,71.92,0.0,CUST-01657,New,South,Online
TXN-005653,2024-09-12,SOUTH-03,Home & Kitchen,HOME-2003,3,383.66,1.25,CUST-01694,Returning,South,Online
TXN-002324,2024-09-13,EAST-03,Beauty,BEAU-4001,1,10.64,18.07,CUST-00538,Returning,East,In-store
TXN-003438,2024-09-13,NORTH-03,Apparel,APP-3002,8,319.92,0.0,CUST-01502,Returning,North,In-store
TXN-003769,2024-09-13,NORTH-02,Beauty,BEAU-4002,3,61.86,8.35,CUST-00195,Returning,North,In-store
TXN-004238,2024-09-13,SOUTH-02,Home & Kitchen,HOME-2003,3,370.98,4.51,CUST-00717,New,South,In-store
TXN-004944,2024-09-13,EAST-03,Electronics,ELEC-1001,2,467.14,6.57,CUST-01023,Returning,East,In-store
TXN-005205,2024-09-13,WEST-03,Sports,SPRT-5001,5,210.9,15.62,CUST-00722,New,West,In-store
TXN-005488,2024-09-13,SOUTH-01,Electronics,ELEC-1001,10,2479.89,0.8,CUST-01749,Returning,South,Online
TXN-005745,2024-09-13,EAST-01,Apparel,APP-3003,6,332.63,6.04,CUST-00775,Returning,East,In-store
TXN-000306,2024-09-14,WEST-02,Apparel,APP-3004,1,12.38,14.63,CUST-00279,Returning,West,In-store
TXN-000759,2024-09-14,NORTH-01,Sports,SPRT-5004,2,51.75,12.29,CUST-00242,Returning,North,Online
TXN-001416,2024-09-14,EAST-03,Sports,SPRT-5003,6,714.0,0.0,CUST-00104,Returning,East,In-store
TXN-001783,2024-09-14,CENTRAL-02,Apparel,APP-3002,3,115.11,4.05,CUST-01367,Returning,Central,In-store
TXN-002241,2024-09-14,EAST-02,Apparel,APP-3002,1,39.99,0.0,CUST-01645,New,East,In-store
TXN-002251,2024-09-14,CENTRAL-02,Apparel,APP-3001,5,112.93,9.62,CUST-01551,New,Central,In-store
TXN-002409,2024-09-14,SOUTH-02,Electronics,ELEC-1001,3,704.42,6.07,CUST-00217,New,South,Online
TXN-002599,2024-09-14,WEST-02,Electronics,ELEC-1003,2,1020.47,14.82,CUST-01566,Returning,West,In-store
TXN-002922,2024-09-14,CENTRAL-01,Apparel,APP-3001,8,188.37,5.78,CUST-00648,New,Central,In-store
TXN-003340,2024-09-14,SOUTH-03,Sports,SPRT-5004,2,59.0,0.0,CUST-00226,New,South,Online
TXN-004960,2024-09-14,EAST-03,Electronics,ELEC-1002,8,644.01,10.05,CUST-01712,Returning,East,In-store
TXN-005060,2024-09-14,WEST-02,Home & Kitchen,HOME-2001,2,67.41,3.68,CUST-00759,Returning,West,Online
TXN-005341,2024-09-14,NORTH-03,Sports,SPRT-5004,2,58.33,1.14,CUST-01049,Returning,North,Online
TXN-005468,2024-09-14,CENTRAL-03,Home & Kitchen,HOME-2002,3,213.71,9.83,CUST-01157,New,Central,Online
TXN-000490,2024-09-15,CENTRAL-01,Sports,SPRT-5003,2,215.67,9.38,CUST-01737,Returning,Central,Online
TXN-001076,2024-09-15,NORTH-02,Sports,SPRT-5003,4,476.0,0.0,CUST-01239,Returning,North,Online
TXN-001378,2024-09-15,NORTH-03,Electronics,ELEC-1004,2,73.35,8.3,CUST-01607,Returning,North,In-store
TXN-002457,2024-09-15,SOUTH-03,Apparel,APP-3004,3,39.6,8.97,CUST-00594,Returning,South,In-store
TXN-004154,2024-09-15,SOUTH-01,Apparel,APP-3002,1,34.04,14.88,CUST-00565,Returning,South,Online
TXN-004493,2024-09-15,CENTRAL-03,Electronics,ELEC-1003,3,1764.79,1.79,CUST-01304,New,Central,In-store
TXN-005802,2024-09-15,WEST-01,Electronics,ELEC-1001,5,1132.5,9.4,CUST-00426,Returning,West,In-store
TXN-000222,2024-09-16,CENTRAL-02,Sports,SPRT-5002,4,327.04,9.15,CUST-01524,Returning,Central,Online
TXN-001017,2024-09-16,NORTH-02,Beauty,BEAU-4003,1,34.4,1.71,CUST-00983,Returning,North,In-store
TXN-002716,2024-09-16,WEST-03,Sports,SPRT-5001,2,99.98,0.0,CUST-00132,Returning,West,Online
TXN-002857,2024-09-16,EAST-01,Apparel,APP-3004,2,27.61,4.79,CUST-00949,Returning,East,In-store
TXN-004156,2024-09-16,WEST-02,Home & Kitchen,HOME-2001,2,58.58,16.29,CUST-01353,Returning,West,In-store
TXN-005749,2024-09-16,SOUTH-01,Beauty,BEAU-4002,2,45.0,0.0,CUST-00552,Returning,South,In-store
TXN-000818,2024-09-17,CENTRAL-01,Sports,SPRT-5004,4,118.0,0.0,CUST-01469,Returning,Central,In-store
TXN-001592,2024-09-17,CENTRAL-02,Beauty,BEAU-4004,2,15.32,14.81,CUST-01281,Returning,Central,In-store
TXN-001853,2024-09-17,NORTH-03,Electronics,ELEC-1003,2,1198.0,0.0,CUST-00663,New,North,In-store
TXN-002632,2024-09-17,NORTH-01,Apparel,APP-3003,1,55.47,5.98,CUST-00192,Returning,North,Online
TXN-002849,2024-09-17,NORTH-03,Beauty,BEAU-4002,1,19.51,13.3,CUST-00342,New,North,In-store
TXN-003782,2024-09-17,WEST-01,Electronics,ELEC-1004,4,124.1,22.42,CUST-01016,Returning,West,Online
TXN-003995,2024-09-17,WEST-03,Beauty,BEAU-4002,1,18.22,19.01,CUST-01735,Returning,West,Online
TXN-004772,2024-09-17,EAST-01,Home & Kitchen,HOME-2001,2,69.98,0.0,CUST-01173,New,East,In-store
TXN-001229,2024-09-18,WEST-03,Sports,SPRT-5003,2,225.84,5.11,CUST-01010,Returning,West,Online
TXN-001917,2024-09-18,EAST-01,Sports,SPRT-5001,2,74.19,25.79,CUST-00434,New,East,In-store
TXN-002022,2024-09-18,SOUTH-01,Home & Kitchen,HOME-2002,4,263.65,16.57,CUST-00450,New,South,In-store
TXN-003627,2024-09-18,CENTRAL-03,Apparel,APP-3001,1,21.28,14.86,CUST-00029,Returning,Central,Online
TXN-004000,2024-09-18,WEST-03,Home & Kitchen,HOME-2002,1,79.0,0.0,CUST-00248,New,West,In-store
TXN-004164,2024-09-18,NORTH-01,Electronics,ELEC-1002,2,159.59,10.84,CUST-00025,Returning,North,Online
TXN-004467,2024-09-18,SOUTH-01,Home & Kitchen,HOME-2004,3,57.36,4.35,CUST-00152,New,South,Online
TXN-005147,2024-09-18,EAST-03,Apparel,APP-3002,2,58.84,26.43,CUST-00017,Returning,East,In-store
TXN-000386,2024-09-19,EAST-03,Electronics,ELEC-1001,4,782.47,21.75,CUST-01273,Returning,East,In-store
TXN-001798,2024-09-19,WEST-02,Apparel,APP-3001,1,22.61,9.54,CUST-00430,New,West,In-store
TXN-002513,2024-09-19,NORTH-03,Beauty,BEAU-4001,3,32.15,17.51,CUST-01564,Returning,North,Online
TXN-002831,2024-09-19,CENTRAL-01,Home & Kitchen,HOME-2001,2,63.54,9.21,CUST-00911,Returning,Central,In-store
TXN-003862,2024-09-19,WEST-02,Electronics,ELEC-1003,3,1515.6,15.66,CUST-00140,New,West,In-store
TXN-004350,2024-09-19,NORTH-03,Beauty,BEAU-4004,2,14.55,19.09,CUST-00629,Returning,North,Online
TXN-004443,2024-09-19,SOUTH-02,Sports,SPRT-5003,1,112.0,5.88,CUST-00115,New,South,In-store
TXN-004978,2024-09-19,SOUTH-02,Electronics,ELEC-1004,2,70.69,11.62,CUST-01513,Returning,South,Online
TXN-005430,2024-09-19,EAST-03,Apparel,APP-3001,4,94.88,5.08,CUST-01480,Returning,East,In-store
TXN-005554,2024-09-19,WEST-02,Home & Kitchen,HOME-2003,3,388.5,0.0,CUST-00277,Returning,West,Online
TXN-000423,2024-09-20,EAST-01,Home & Kitchen,HOME-2001,1,34.86,0.37,CUST-00094,Returning,East,In-store
TXN-000715,2024-09-20,NORTH-03,Beauty,BEAU-4003,1,27.2,22.28,CUST-01284,New,North,In-store
TXN-000771,2024-09-20,SOUTH-03,Apparel,APP-3002,2,72.44,9.43,CUST-01452,Returning,South,In-store
TXN-001870,2024-09-20,CENTRAL-01,Home & Kitchen,HOME-2002,5,394.7,0.08,CUST-00651,New,Central,In-store
TXN-001912,2024-09-20,EAST-02,Beauty,BEAU-4002,1,20.11,10.63,CUST-00811,New,East,In-store
TXN-002443,2024-09-20,SOUTH-03,Electronics,ELEC-1001,1,226.25,9.5,CUST-01060,New,South,In-store
TXN-002509,2024-09-20,NORTH-01,Apparel,APP-3002,2,60.41,24.47,CUST-00232,Returning,North,Online
TXN-002687,2024-09-20,NORTH-01,Sports,SPRT-5001,5,224.0,10.38,CUST-01282,Returning,North,Online
TXN-001101,2024-09-21,WEST-01,Beauty,BEAU-4004,8,60.08,16.46,CUST-00740,Returning,West,In-store
TXN-001302,2024-09-21,WEST-03,Apparel,APP-3002,2,79.98,0.0,CUST-00217,Returning,West,In-store
TXN-002055,2024-09-21,EAST-01,Electronics,ELEC-1002,1,86.74,3.08,CUST-00307,Returning,East,Online
TXN-002192,2024-09-21,CENTRAL-02,Home & Kitchen,HOME-2004,5,99.3,0.65,CUST-00808,Returning,Central,In-store
TXN-002802,2024-09-21,NORTH-01,Apparel,APP-3002,2,57.73,27.82,CUST-00903,Returning,North,In-store
TXN-002826,2024-09-21,NORTH-02,Apparel,APP-3001,3,65.69,12.38,CUST-01317,Returning,North,Online
TXN-003337,2024-09-21,SOUTH-01,Beauty,BEAU-4003,1,29.06,16.96,CUST-01520,Returning,South,In-store
TXN-004011,2024-09-21,SOUTH-03,Apparel,APP-3004,2,29.0,0.0,CUST-00956,Returning,South,Online
TXN-004242,2024-09-21,WEST-01,Beauty,BEAU-4003,2,61.52,12.11,CUST-00948,New,West,In-store
TXN-004546,2024-09-21,NORTH-01,Apparel,APP-3002,1,36.3,9.23,CUST-00550,Returning,North,Online
TXN-000579,2024-09-22,EAST-01,Sports,SPRT-5001,3,125.84,16.09,CUST-00068,Returning,East,In-store
TXN-000626,2024-09-22,CENTRAL-03,Beauty,BEAU-4003,1,31.81,9.12,CUST-01256,Returning,Central,Online
TXN-001927,2024-09-22,CENTRAL-02,Apparel,APP-3004,2,24.8,14.48,CUST-00115,Returning,Central,Online
TXN-002762,2024-09-22,NORTH-01,Apparel,APP-3002,3,119.41,0.47,CUST-00625,Returning,North,Online
TXN-003441,2024-09-22,WEST-01,Home & Kitchen,HOME-2002,1,79.0,0.0,CUST-01421,Returning,West,Online
TXN-004122,2024-09-22,CENTRAL-01,Apparel,APP-3004,2,26.79,7.62,CUST-00380,Returning,Central,In-store
TXN-004648,2024-09-22,SOUTH-02,Electronics,ELEC-1003,3,1427.76,20.55,CUST-01256,Returning,South,In-store
TXN-005677,2024-09-22,EAST-01,Home & Kitchen,HOME-2003,1,128.62,0.68,CUST-00561,Returning,East,Online
TXN-005714,2024-09-22,SOUTH-03,Electronics,ELEC-1004,1,33.8,15.49,CUST-00806,Returning,South,In-store
TXN-005800,2024-09-22,NORTH-03,Electronics,ELEC-1003,2,1097.3,8.41,CUST-01217,Returning,North,In-store
TXN-001743,2024-09-23,WEST-03,Apparel,APP-3004,5,72.5,0.01,CUST-00976,New,West,In-store
TXN-001876,2024-09-23,WEST-01,Sports,SPRT-5004,1,27.19,7.83,CUST-00950,Returning,West,Online
TXN-002046,2024-09-23,WEST-01,Sports,SPRT-5004,3,79.75,9.88,CUST-00365,Returning,West,In-store
TXN-004221,2024-09-23,WEST-02,Home & Kitchen,HOME-2002,2,141.65,10.35,CUST-00576,Returning,West,Online
TXN-004231,2024-09-23,CENTRAL-02,Home & Kitchen,HOME-2003,4,518.0,0.0,CUST-00152,Returning,Central,Online
TXN-005672,2024-09-23,CENTRAL-03,Beauty,BEAU-4003,3,105.0,0.0,CUST-01350,New,Central,Online
TXN-000702,2024-09-24,CENTRAL-01,Sports,SPRT-5002,1,68.09,24.34,CUST-00387,Returning,Central,Online
TXN-001139,2024-09-24,EAST-01,Beauty,BEAU-4002,5,112.5,0.0,CUST-00522,New,East,Online
TXN-001456,2024-09-24,NORTH-03,Home & Kitchen,HOME-2003,3,296.52,23.68,CUST-01343,Returning,North,Online
TXN-001926,2024-09-24,SOUTH-01,Sports,SPRT-5003,5,566.93,4.72,CUST-00219,Returning,South,In-store
TXN-002223,2024-09-24,EAST-02,Beauty,BEAU-4003,6,190.59,9.24,CUST-01400,New,East,In-store
TXN-002391,2024-09-24,SOUTH-01,Apparel,APP-3002,1,36.51,8.7,CUST-01663,Returning,South,In-store
TXN-003074,2024-09-24,EAST-03,Apparel,APP-3004,4,55.13,4.95,CUST-00456,Returning,East,Online
TXN-003431,2024-09-24,WEST-02,Electronics,ELEC-1002,1,88.82,0.76,CUST-01747,New,West,In-store
TXN-004541,2024-09-24,NORTH-02,Home & Kitchen,HOME-2003,4,410.62,20.73,CUST-00825,Returning,North,In-store
TXN-000038,2024-09-25,EAST-01,Sports,SPRT-5004,1,26.09,11.57,CUST-01040,New,East,In-store
TXN-000878,2024-09-25,SOUTH-03,Sports,SPRT-5004,2,46.62,20.98,CUST-00010,Returning,South,Online
TXN-001380,2024-09-25,EAST-02,Sports,SPRT-5001,1,49.96,0.06,CUST-00034,Returning,East,Online
TXN-001587,2024-09-25,NORTH-02,Apparel,APP-3003,3,143.37,19.0,CUST-01419,Returning,North,Online
TXN-003908,2024-09-25,WEST-02,Apparel,APP-3003,2,107.27,9.09,CUST-01351,Returning,West,In-store
TXN-004796,2024-09-25,SOUTH-03,Apparel,APP-3001,4,99.96,0.0,CUST-00819,Returning,South,Online
TXN-004822,2024-09-25,WEST-02,Electronics,ELEC-1002,3,225.85,15.89,CUST-00022,Returning,West,In-store
TXN-005865,2024-09-25,CENTRAL-03,Electronics,ELEC-1004,1,34.05,14.85,CUST-00645,Returning,Central,In-store
TXN-001868,2024-09-26,WEST-02,Electronics,ELEC-1003,8,3705.87,22.67,CUST-01040,Returning,West,In-store
TXN-002255,2024-09-26,NORTH-03,Electronics,ELEC-1002,2,172.59,3.58,CUST-01443,New,North,In-store
TXN-003586,2024-09-26,SOUTH-01,Sports,SPRT-5003,2,200.65,15.69,CUST-00803,New,South,Online
TXN-005648,2024-09-26,WEST-03,Beauty,BEAU-4002,1,14.88,33.87,CUST-00516,Returning,West,Online
TXN-001605,2024-09-27,CENTRAL-01,Home & Kitchen,HOME-2004,3,54.37,9.33,CUST-01755,Returning,Central,In-store
TXN-002349,2024-09-27,WEST-03,Electronics,ELEC-1002,2,179.0,0.0,CUST-01313,New,West,In-store
TXN-002773,2024-09-27,EAST-01,Home & Kitchen,HOME-2003,1,104.02,19.68,CUST-01049,Returning,East,In-store
TXN-002890,2024-09-27,EAST-03,Apparel,APP-3002,1,38.62,3.42,CUST-01618,Returning,East,In-store
TXN-003765,2024-09-27,WEST-01,Electronics,ELEC-1004,4,157.68,1.43,CUST-00628,Returning,West,Online
TXN-004289,2024-09-27,CENTRAL-03,Home & Kitchen,HOME-2004,8,144.22,9.81,CUST-01296,Returning,Central,In-store
TXN-004632,2024-09-27,WEST-02,Electronics,ELEC-1004,6,209.3,12.77,CUST-00916,New,West,Online
TXN-005849,2024-09-27,EAST-01,Electronics,ELEC-1004,2,69.09,13.62,CUST-00660,Returning,East,In-store
TXN-001388,2024-09-28,EAST-01,Beauty,BEAU-4001,2,22.24,14.39,CUST-00738,New,East,In-store
TXN-002213,2024-09-28,CENTRAL-03,Electronics,ELEC-1001,2,492.23,1.55,CUST-00935,Returning,Central,In-store
TXN-002222,2024-09-28,SOUTH-03,Sports,SPRT-5003,1,111.58,6.23,CUST-01405,New,South,In-store
TXN-002353,2024-09-28,EAST-03,Electronics,ELEC-1004,3,119.97,0.0,CUST-01717,New,East,Online
TXN-002715,2024-09-28,CENTRAL-02,Home & Kitchen,HOME-2004,1,18.78,6.05,CUST-00316,Returning,Central,Online
TXN-003267,2024-09-28,SOUTH-01,Electronics,ELEC-1001,4,999.96,0.0,CUST-01455,Returning,South,In-store
TXN-004325,2024-09-28,CENTRAL-03,Beauty,BEAU-4002,2,39.96,11.2,CUST-00853,New,Central,Online
TXN-000314,2024-09-29,CENTRAL-03,Apparel,APP-3003,1,52.97,10.23,CUST-00666,Returning,Central,Online
TXN-000607,2024-09-29,NORTH-01,Beauty,BEAU-4004,6,52.17,3.27,CUST-00119,Returning,North,Online
TXN-000897,2024-09-29,WEST-01,Sports,SPRT-5001,2,99.26,0.72,CUST-00680,Returning,West,In-store
TXN-001414,2024-09-29,WEST-02,Beauty,BEAU-4001,3,38.97,0.0,CUST-00167,Returning,West,Online
TXN-002813,2024-09-29,EAST-01,Electronics,ELEC-1004,8,287.8,10.04,CUST-00255,New,East,In-store
TXN-002843,2024-09-29,CENTRAL-01,Sports,SPRT-5004,3,77.01,12.98,CUST-00847,Returning,Central,In-store
TXN-003228,2024-09-29,CENTRAL-02,Apparel,APP-3003,5,238.79,19.06,CUST-00870,Returning,Central,In-store
TXN-003532,2024-09-29,CENTRAL-03,Apparel,APP-3004,4,58.0,0.0,CUST-00090,Returning,Central,Online
TXN-004407,2024-09-29,EAST-01,Apparel,APP-3002,4,150.73,5.77,CUST-00562,New,East,In-store
TXN-004973,2024-09-29,EAST-01,Apparel,APP-3004,1,11.73,19.1,CUST-01582,Returning,East,In-store
TXN-005285,2024-09-29,SOUTH-03,Apparel,APP-3002,1,39.6,0.98,CUST-00676,Returning,South,Online
TXN-001131,2024-09-30,SOUTH-01,Beauty,BEAU-4004,5,44.79,0.35,CUST-00975,New,South,In-store
TXN-003050,2024-09-30,WEST-02,Electronics,ELEC-1002,2,176.64,1.32,CUST-00141,Returning,West,In-store
TXN-003398,2024-09-30,SOUTH-01,Apparel,APP-3002,2,79.98,0.0,CUST-00362,New,South,In-store
TXN-003442,2024-09-30,SOUTH-03,Apparel,APP-3004,5,66.37,8.45,CUST-00876,Returning,South,In-store
TXN-003714,2024-09-30,EAST-03,Beauty,BEAU-4004,4,35.96,0.0,CUST-00657,Returning,East,In-store
TXN-004151,2024-09-30,NORTH-03,Home & Kitchen,HOME-2002,6,429.58,9.37,CUST-00607,New,North,In-store
TXN-004439,2024-09-30,CENTRAL-03,Electronics,ELEC-1004,1,39.7,0.73,CUST-00139,Returning,Central,In-store
TXN-004485,2024-09-30,WEST-01,Beauty,BEAU-4003,6,155.65,25.88,CUST-00267,New,West,In-store
TXN-005782,2024-09-30,CENTRAL-03,Home & Kitchen,HOME-2004,5,98.8,1.15,CUST-01065,New,Central,In-store
TXN-001087,2024-10-01,CENTRAL-01,Home & Kitchen,HOME-2002,2,143.08,9.44,CUST-00025,Returning,Central,Online
TXN-001458,2024-10-01,SOUTH-03,Apparel,APP-3002,1,35.04,12.38,CUST-00179,Returning,South,Online
TXN-002017,2024-10-01,WEST-03,Electronics,ELEC-1003,1,511.86,14.55,CUST-01446,New,West,In-store
TXN-002997,2024-10-01,CENTRAL-01,Beauty,BEAU-4001,4,47.36,8.85,CUST-01602,Returning,Central,In-store
TXN-003269,2024-10-01,CENTRAL-03,Apparel,APP-3002,3,105.26,12.26,CUST-00923,Returning,Central,In-store
TXN-003456,2024-10-01,WEST-01,Electronics,ELEC-1003,1,520.53,13.1,CUST-00093,Returning,West,Online
TXN-004220,2024-10-01,CENTRAL-02,Home & Kitchen,HOME-2001,3,88.27,15.91,CUST-00105,Returning,Central,Online
TXN-004572,2024-10-01,WEST-02,Beauty,BEAU-4001,1,12.81,1.41,CUST-00087,Returning,West,In-store
TXN-004894,2024-10-01,WEST-02,Home & Kitchen,HOME-2003,1,124.97,3.5,CUST-01298,New,West,In-store
TXN-005155,2024-10-01,NORTH-01,Electronics,ELEC-1004,1,35.66,10.83,CUST-00747,Returning,North,Online
TXN-005455,2024-10-01,SOUTH-03,Apparel,APP-3001,6,147.5,1.62,CUST-01785,Returning,South,In-store
TXN-005673,2024-10-01,CENTRAL-02,Electronics,ELEC-1003,1,499.76,16.57,CUST-00926,Returning,Central,In-store
TXN-000188,2024-10-02,WEST-02,Home & Kitchen,HOME-2004,3,47.56,20.7,CUST-01058,New,West,In-store
TXN-000284,2024-10-02,NORTH-01,Beauty,BEAU-4004,2,17.98,0.0,CUST-01122,Returning,North,In-store
TXN-000312,2024-10-02,CENTRAL-01,Beauty,BEAU-4002,2,43.77,2.73,CUST-00940,New,Central,In-store
TXN-001162,2024-10-02,CENTRAL-03,Home & Kitchen,HOME-2001,8,279.92,0.0,CUST-00992,Returning,Central,In-store
TXN-001286,2024-10-02,EAST-02,Home & Kitchen,HOME-2003,5,644.94,0.39,CUST-00931,Returning,East,In-store
TXN-001744,2024-10-02,CENTRAL-02,Beauty,BEAU-4001,3,31.66,18.77,CUST-00541,Returning,Central,Online
TXN-002355,2024-10-02,EAST-01,Home & Kitchen,HOME-2001,4,139.96,0.0,CUST-01381,Returning,East,Online
TXN-004464,2024-10-02,CENTRAL-03,Sports,SPRT-5004,3,86.39,2.38,CUST-01007,New,Central,Online
TXN-005433,2024-10-02,EAST-03,Sports,SPRT-5001,1,46.1,7.78,CUST-00099,Returning,East,In-store
TXN-000836,2024-10-03,SOUTH-01,Home & Kitchen,HOME-2001,2,60.59,13.42,CUST-00044,New,South,In-store
TXN-000945,2024-10-03,WEST-01,Home & Kitchen,HOME-2004,3,59.0,1.62,CUST-00203,Returning,West,Online
TXN-002102,2024-10-03,EAST-03,Home & Kitchen,HOME-2001,2,69.08,1.29,CUST-00436,Returning,East,In-store
TXN-002219,2024-10-03,EAST-01,Electronics,ELEC-1002,1,89.5,0.0,CUST-00441,Returning,East,In-store
TXN-002858,2024-10-03,EAST-02,Electronics,ELEC-1001,2,499.98,0.0,CUST-00666,Returning,East,Online
TXN-003543,2024-10-03,EAST-03,Apparel,APP-3001,8,134.1,32.93,CUST-00420,Returning,East,Online
TXN-003645,2024-10-03,WEST-01,Electronics,ELEC-1002,3,226.9,15.49,CUST-01351,Returning,West,In-store
TXN-004300,2024-10-03,NORTH-02,Apparel,APP-3002,6,214.81,10.47,CUST-00332,Returning,North,In-store
TXN-005542,2024-10-03,NORTH-03,Apparel,APP-3001,1,24.99,0.0,CUST-01232,Returning,North,In-store
TXN-000150,2024-10-04,EAST-02,Home & Kitchen,HOME-2003,5,492.33,23.96,CUST-00984,New,East,In-store
TXN-000259,2024-10-04,CENTRAL-03,Apparel,APP-3002,3,87.97,26.67,CUST-00722,Returning,Central,Online
TXN-000320,2024-10-04,EAST-03,Electronics,ELEC-1003,2,1023.83,14.54,CUST-00177,Returning,East,Online
TXN-003771,2024-10-04,EAST-03,Home & Kitchen,HOME-2003,2,259.0,0.0,CUST-00221,New,East,Online
TXN-003869,2024-10-04,SOUTH-03,Home & Kitchen,HOME-2004,5,89.5,10.45,CUST-00450,Returning,South,In-store
TXN-005086,2024-10-04,WEST-02,Electronics,ELEC-1003,3,1793.55,0.19,CUST-01509,New,West,In-store
TXN-000457,2024-10-05,SOUTH-02,Sports,SPRT-5001,2,69.7,30.29,CUST-00553,Returning,South,In-store
TXN-000660,2024-10-05,EAST-01,Apparel,APP-3001,1,19.46,22.12,CUST-01632,New,East,In-store
TXN-001111,2024-10-05,SOUTH-01,Home & Kitchen,HOME-2003,6,697.51,10.23,CUST-00721,New,South,Online
TXN-001462,2024-10-05,SOUTH-02,Apparel,APP-3002,4,109.3,31.67,CUST-00849,Returning,South,Online
TXN-001873,2024-10-05,EAST-02,Electronics,ELEC-1001,3,749.97,0.0,CUST-00669,Returning,East,In-store
TXN-001993,2024-10-05,SOUTH-02,Sports,SPRT-5004,10,250.95,14.93,CUST-00834,Returning,South,In-store
TXN-002484,2024-10-05,NORTH-02,Sports,SPRT-5004,1,25.04,15.12,CUST-00605,Returning,North,Online
TXN-003400,2024-10-05,WEST-02,Beauty,BEAU-4002,1,20.07,10.78,CUST-00582,Returning,West,In-store
TXN-003804,2024-10-05,NORTH-01,Beauty,BEAU-4001,1,12.99,0.0,CUST-00950,Returning,North,In-store
TXN-005829,2024-10-05,NORTH-01,Electronics,ELEC-1003,1,598.55,0.07,CUST-00829,Returning,North,Online
TXN-000139,2024-10-06,CENTRAL-03,Electronics,ELEC-1001,1,220.19,11.92,CUST-00711,New,Central,In-store
TXN-000461,2024-10-06,EAST-01,Electronics,ELEC-1002,1,67.89,24.15,CUST-00029,Returning,East,In-store
TXN-002584,2024-10-06,EAST-02,Apparel,APP-3002,1,31.99,20.01,CUST-01666,Returning,East,In-store
TXN-002800,2024-10-06,NORTH-02,Beauty,BEAU-4004,2,17.84,0.8,CUST-01683,New,North,In-store
TXN-002918,2024-10-06,NORTH-02,Beauty,BEAU-4002,1,18.95,15.76,CUST-00505,Returning,North,Online
TXN-005016,2024-10-06,NORTH-03,Apparel,APP-3002,2,66.29,17.11,CUST-01663,Returning,North,Online
TXN-005084,2024-10-06,SOUTH-02,Electronics,ELEC-1001,2,449.65,10.07,CUST-01336,Returning,South,In-store
TXN-005461,2024-10-06,WEST-01,Apparel,APP-3001,6,130.85,12.73,CUST-00012,Returning,West,Online
TXN-005505,2024-10-06,CENTRAL-02,Home & Kitchen,HOME-2003,2,193.76,25.19,CUST-01306,Returning,Central,In-store
TXN-000766,2024-10-07,NORTH-03,Electronics,ELEC-1001,1,249.99,0.0,CUST-00768,Returning,North,In-store
TXN-000942,2024-10-07,EAST-03,Beauty,BEAU-4002,2,44.93,0.16,CUST-00140,Returning,East,Online
TXN-001439,2024-10-07,WEST-03,Home & Kitchen,HOME-2004,2,36.15,9.59,CUST-01399,Returning,West,In-store
TXN-002956,2024-10-07,CENTRAL-02,Electronics,ELEC-1003,2,1192.22,0.48,CUST-00866,Returning,Central,In-store
TXN-003800,2024-10-07,CENTRAL-03,Beauty,BEAU-4001,2,25.98,0.0,CUST-01598,New,Central,In-store
TXN-004744,2024-10-07,NORTH-03,Beauty,BEAU-4001,1,11.52,11.3,CUST-01178,Returning,North,Online
TXN-004788,2024-10-07,NORTH-02,Home & Kitchen,HOME-2003,4,518.0,0.0,CUST-01444,Returning,North,In-store
TXN-004937,2024-10-07,EAST-02,Beauty,BEAU-4002,1,19.25,14.44,CUST-01383,Returning,East,In-store
TXN-005214,2024-10-07,WEST-01,Beauty,BEAU-4003,2,69.03,1.39,CUST-01171,Returning,West,In-store
TXN-005863,2024-10-07,EAST-03,Home & Kitchen,HOME-2001,1,34.73,0.73,CUST-00234,Returning,East,In-store
TXN-000857,2024-10-08,SOUTH-03,Apparel,APP-3001,4,99.61,0.35,CUST-00316,Returning,South,In-store
TXN-001149,2024-10-08,SOUTH-02,Sports,SPRT-5003,3,284.1,20.42,CUST-00693,Returning,South,In-store
TXN-001597,2024-10-08,SOUTH-02,Electronics,ELEC-1003,4,2377.6,0.77,CUST-00467,Returning,South,In-store
TXN-001647,2024-10-08,EAST-01,Electronics,ELEC-1004,1,38.74,3.14,CUST-00830,Returning,East,In-store
TXN-003554,2024-10-08,EAST-02,Beauty,BEAU-4002,5,90.76,19.33,CUST-01535,Returning,East,Online
TXN-003942,2024-10-08,WEST-01,Home & Kitchen,HOME-2001,2,56.94,18.63,CUST-00677,Returning,West,In-store
TXN-003950,2024-10-08,WEST-01,Apparel,APP-3001,1,22.52,9.9,CUST-01546,Returning,West,In-store
TXN-004147,2024-10-08,EAST-02,Electronics,ELEC-1004,6,239.94,0.0,CUST-00338,Returning,East,In-store
TXN-004175,2024-10-08,SOUTH-02,Electronics,ELEC-1002,2,178.63,0.2,CUST-01547,New,South,In-store
TXN-004326,2024-10-08,EAST-01,Sports,SPRT-5002,1,80.35,10.71,CUST-00980,Returning,East,Online
TXN-004801,2024-10-08,CENTRAL-01,Electronics,ELEC-1003,2,1196.51,0.12,CUST-01661,Returning,Central,In-store
TXN-005058,2024-10-08,EAST-01,Apparel,APP-3002,4,152.46,4.69,CUST-01567,Returning,East,In-store
TXN-005119,2024-10-08,CENTRAL-02,Beauty,BEAU-4004,2,17.98,0.0,CUST-00553,Returning,Central,In-store
TXN-005558,2024-10-08,EAST-01,Apparel,APP-3002,3,118.56,1.18,CUST-00163,Returning,East,In-store
TXN-000030,2024-10-09,NORTH-02,Home & Kitchen,HOME-2003,2,246.53,4.81,CUST-01132,Returning,North,In-store
TXN-000341,2024-10-09,EAST-02,Home & Kitchen,HOME-2004,3,59.97,0.0,CUST-01561,New,East,Online
TXN-000408,2024-10-09,EAST-02,Beauty,BEAU-4002,4,84.81,5.77,CUST-00127,Returning,East,In-store
TXN-001326,2024-10-09,CENTRAL-02,Apparel,APP-3001,5,124.95,0.0,CUST-00857,Returning,Central,Online
TXN-001627,2024-10-09,CENTRAL-03,Sports,SPRT-5002,6,539.94,0.0,CUST-01665,Returning,Central,Online
TXN-002736,2024-10-09,NORTH-01,Electronics,ELEC-1004,6,231.71,3.43,CUST-00253,Returning,North,In-store
TXN-003190,2024-10-09,CENTRAL-03,Home & Kitchen,HOME-2003,4,467.05,9.84,CUST-00096,Returning,Central,In-store
TXN-003485,2024-10-09,EAST-01,Beauty,BEAU-4002,5,112.5,0.0,CUST-01009,Returning,East,Online
TXN-003636,2024-10-09,NORTH-02,Electronics,ELEC-1004,1,39.91,0.19,CUST-01418,Returning,North,Online
TXN-005126,2024-10-09,SOUTH-01,Home & Kitchen,HOME-2001,2,59.02,15.66,CUST-00823,Returning,South,Online
TXN-005417,2024-10-09,NORTH-03,Electronics,ELEC-1003,2,1090.05,9.01,CUST-00194,New,North,Online
TXN-001063,2024-10-10,SOUTH-01,Apparel,APP-3001,1,24.37,2.46,CUST-00846,New,South,In-store
TXN-001907,2024-10-10,EAST-03,Home & Kitchen,HOME-2001,3,89.76,14.49,CUST-00175,New,East,Online
TXN-002217,2024-10-10,NORTH-02,Sports,SPRT-5004,2,49.16,16.68,CUST-00367,Returning,North,Online
TXN-000321,2024-10-11,WEST-03,Electronics,ELEC-1002,3,268.5,0.0,CUST-01373,Returning,West,In-store
TXN-000655,2024-10-11,WEST-02,Home & Kitchen,HOME-2002,1,63.35,19.8,CUST-01252,Returning,West,Online
TXN-002262,2024-10-11,EAST-03,Apparel,APP-3004,10,145.0,0.0,CUST-00514,Returning,East,In-store
TXN-003451,2024-10-11,WEST-02,Apparel,APP-3003,3,177.0,0.0,CUST-00008,New,West,In-store
TXN-003712,2024-10-11,CENTRAL-03,Apparel,APP-3002,8,319.91,0.0,CUST-00018,Returning,Central,In-store
TXN-003757,2024-10-11,EAST-01,Apparel,APP-3001,1,20.45,18.16,CUST-00558,Returning,East,Online
TXN-005294,2024-10-11,SOUTH-03,Sports,SPRT-5002,2,160.44,10.86,CUST-00923,Returning,South,Online
TXN-005406,2024-10-11,WEST-01,Apparel,APP-3003,3,174.17,1.6,CUST-00757,New,West,Online
TXN-005533,2024-10-11,WEST-03,Apparel,APP-3002,8,319.92,0.0,CUST-00743,Returning,West,Online
TXN-005840,2024-10-11,CENTRAL-01,Electronics,ELEC-1003,2,1116.02,6.84,CUST-00865,Returning,Central,In-store
TXN-000098,2024-10-12,EAST-02,Beauty,BEAU-4001,4,49.25,5.22,CUST-01409,Returning,East,Online
TXN-000714,2024-10-12,SOUTH-01,Apparel,APP-3002,2,75.0,6.22,CUST-01675,New,South,In-store
TXN-001009,2024-10-12,NORTH-03,Electronics,ELEC-1003,2,1188.64,0.78,CUST-01510,Returning,North,Online
TXN-001272,2024-10-12,WEST-01,Beauty,BEAU-4002,3,53.63,20.55,CUST-01270,Returning,West,In-store
TXN-002202,2024-10-12,SOUTH-01,Beauty,BEAU-4002,6,118.45,12.26,CUST-00441,Returning,South,In-store
TXN-003130,2024-10-12,CENTRAL-02,Home & Kitchen,HOME-2001,1,34.86,0.38,CUST-00579,New,Central,Online
TXN-004602,2024-10-12,NORTH-02,Home & Kitchen,HOME-2004,1,19.8,0.97,CUST-00848,Returning,North,In-store
TXN-005242,2024-10-12,CENTRAL-02,Apparel,APP-3003,2,113.69,3.65,CUST-01291,New,Central,In-store
TXN-005867,2024-10-12,EAST-01,Sports,SPRT-5002,10,816.89,9.22,CUST-00117,Returning,East,Online
TXN-000931,2024-10-13,NORTH-01,Electronics,ELEC-1002,3,247.09,7.98,CUST-00297,Returning,North,In-store
TXN-001006,2024-10-13,SOUTH-03,Electronics,ELEC-1001,3,676.26,9.83,CUST-00390,Returning,South,Online
TXN-001771,2024-10-13,SOUTH-02,Electronics,ELEC-1003,1,536.92,10.36,CUST-00611,New,South,Online
TXN-002315,2024-10-13,EAST-03,Electronics,ELEC-1004,5,187.44,6.26,CUST-00846,Returning,East,In-store
TXN-002439,2024-10-13,WEST-02,Home & Kitchen,HOME-2003,6,698.04,10.16,CUST-00256,Returning,West,In-store
TXN-002609,2024-10-13,NORTH-01,Apparel,APP-3003,8,472.0,0.0,CUST-00483,Returning,North,Online
TXN-003658,2024-10-13,WEST-02,Electronics,ELEC-1003,5,2561.1,14.49,CUST-01583,Returning,West,Online
TXN-005070,2024-10-13,WEST-02,Home & Kitchen,HOME-2004,1,17.97,10.13,CUST-01626,Returning,West,In-store
TXN-005324,2024-10-13,EAST-02,Electronics,ELEC-1002,5,447.5,0.0,CUST-00117,Returning,East,Online
TXN-005634,2024-10-13,CENTRAL-02,Apparel,APP-3002,3,108.98,9.16,CUST-01433,Returning,Central,Online
TXN-000405,2024-10-14,WEST-01,Apparel,APP-3002,4,146.31,8.53,CUST-00542,Returning,West,In-store
TXN-000557,2024-10-14,SOUTH-02,Home & Kitchen,HOME-2002,1,71.44,9.57,CUST-01244,Returning,South,Online
TXN-002060,2024-10-14,CENTRAL-03,Apparel,APP-3003,1,54.79,7.13,CUST-00506,Returning,Central,In-store
TXN-002065,2024-10-14,WEST-01,Sports,SPRT-5001,1,38.86,22.26,CUST-00330,New,West,In-store
TXN-002389,2024-10-14,NORTH-01,Home & Kitchen,HOME-2002,1,78.01,1.25,CUST-01611,Returning,North,In-store
TXN-002675,2024-10-14,SOUTH-03,Sports,SPRT-5002,2,140.75,21.8,CUST-00594,Returning,South,Online
TXN-003020,2024-10-14,CENTRAL-02,Apparel,APP-3002,8,290.94,9.06,CUST-01029,Returning,Central,In-store
TXN-003203,2024-10-14,NORTH-03,Beauty,BEAU-4004,3,25.63,4.96,CUST-00030,New,North,In-store
TXN-005362,2024-10-14,SOUTH-03,Home & Kitchen,HOME-2002,3,208.42,12.06,CUST-01620,Returning,South,Online
TXN-000530,2024-10-15,SOUTH-01,Apparel,APP-3002,2,76.52,4.33,CUST-00789,Returning,South,In-store
TXN-001578,2024-10-15,CENTRAL-03,Home & Kitchen,HOME-2001,1,34.99,0.0,CUST-00594,Returning,Central,In-store
TXN-005293,2024-10-15,EAST-01,Apparel,APP-3004,2,26.3,9.31,CUST-00175,Returning,East,In-store
TXN-005755,2024-10-15,NORTH-01,Apparel,APP-3003,3,161.45,8.79,CUST-00922,Returning,North,Online
TXN-000350,2024-10-16,WEST-01,Beauty,BEAU-4004,1,8.9,0.95,CUST-00694,Returning,West,Online
TXN-000774,2024-10-16,EAST-03,Apparel,APP-3003,6,337.19,4.75,CUST-00273,Returning,East,In-store
TXN-002080,2024-10-16,WEST-03,Sports,SPRT-5002,1,89.35,0.71,CUST-01331,New,West,In-store
TXN-003972,2024-10-16,CENTRAL-02,Beauty,BEAU-4001,2,25.92,0.22,CUST-00280,Returning,Central,In-store
TXN-004102,2024-10-16,SOUTH-01,Home & Kitchen,HOME-2002,3,187.66,20.82,CUST-00998,Returning,South,Online
TXN-004468,2024-10-16,SOUTH-01,Electronics,ELEC-1004,2,79.98,0.0,CUST-00504,New,South,Online
TXN-004647,2024-10-16,WEST-01,Electronics,ELEC-1004,2,61.23,23.45,CUST-00621,Returning,West,Online
TXN-004895,2024-10-16,WEST-01,Sports,SPRT-5001,4,140.39,29.79,CUST-01628,Returning,West,Online
TXN-005424,2024-10-16,SOUTH-02,Beauty,BEAU-4002,1,22.38,0.52,CUST-01415,New,South,Online
TXN-000988,2024-10-17,WEST-01,Sports,SPRT-5004,3,88.5,0.0,CUST-00533,New,West,Online
TXN-001740,2024-10-17,SOUTH-02,Apparel,APP-3003,2,99.39,15.77,CUST-00661,Returning,South,In-store
TXN-002130,2024-10-17,WEST-02,Beauty,BEAU-4001,1,11.63,10.48,CUST-01599,Returning,West,In-store
TXN-002337,2024-10-17,WEST-02,Apparel,APP-3001,1,24.99,0.0,CUST-00490,Returning,West,Online
TXN-002469,2024-10-17,NORTH-02,Electronics,ELEC-1001,1,219.41,12.23,CUST-01006,Returning,North,Online
TXN-002697,2024-10-17,EAST-02,Sports,SPRT-5001,2,89.93,10.05,CUST-00177,Returning,East,In-store
TXN-005626,2024-10-17,WEST-01,Beauty,BEAU-4003,1,31.07,11.22,CUST-01004,Returning,West,Online
TXN-001704,2024-10-18,SOUTH-03,Sports,SPRT-5002,4,357.42,0.7,CUST-01182,Returning,South,In-store
TXN-002834,2024-10-18,SOUTH-01,Apparel,APP-3003,4,210.05,11.0,CUST-00501,Returning,South,In-store
TXN-003218,2024-10-18,WEST-02,Electronics,ELEC-1004,4,111.29,30.43,CUST-00034,Returning,West,In-store
TXN-003332,2024-10-18,CENTRAL-03,Electronics,ELEC-1003,10,5680.84,5.16,CUST-01341,Returning,Central,Online
TXN-003594,2024-10-18,CENTRAL-03,Apparel,APP-3004,2,27.42,5.44,CUST-00639,Returning,Central,In-store
TXN-003799,2024-10-18,SOUTH-02,Electronics,ELEC-1003,10,5985.91,0.07,CUST-00844,Returning,South,In-store
TXN-004183,2024-10-18,SOUTH-03,Electronics,ELEC-1001,1,233.67,6.53,CUST-00160,Returning,South,In-store
TXN-004340,2024-10-18,WEST-01,Electronics,ELEC-1003,1,527.8,11.89,CUST-01773,Returning,West,Online
TXN-005582,2024-10-18,SOUTH-01,Apparel,APP-3003,5,295.0,0.0,CUST-01581,Returning,South,In-store
TXN-000225,2024-10-19,CENTRAL-01,Beauty,BEAU-4002,2,45.0,0.0,CUST-00269,New,Central,In-store
TXN-000493,2024-10-19,CENTRAL-01,Electronics,ELEC-1003,2,1186.17,0.99,CUST-01104,New,Central,In-store
TXN-000616,2024-10-19,CENTRAL-02,Sports,SPRT-5002,8,641.46,10.9,CUST-00511,Returning,Central,Online
TXN-001146,2024-10-19,WEST-03,Home & Kitchen,HOME-2003,2,209.75,19.01,CUST-01707,New,West,In-store
TXN-001860,2024-10-19,WEST-01,Sports,SPRT-5002,1,87.27,3.02,CUST-01189,Returning,West,In-store
TXN-002447,2024-10-19,SOUTH-02,Apparel,APP-3003,6,322.95,8.77,CUST-00647,New,South,In-store
TXN-003197,2024-10-19,SOUTH-02,Apparel,APP-3004,3,40.95,5.85,CUST-00826,New,South,Online
TXN-003906,2024-10-19,NORTH-01,Beauty,BEAU-4003,1,32.24,7.9,CUST-00373,Returning,North,In-store
TXN-004422,2024-10-19,WEST-03,Apparel,APP-3004,2,22.97,20.79,CUST-01036,Returning,West,In-store
TXN-004562,2024-10-19,EAST-01,Beauty,BEAU-4004,1,7.48,16.84,CUST-01454,Returning,East,Online
TXN-005458,2024-10-19,SOUTH-02,Home & Kitchen,HOME-2001,2,69.98,0.0,CUST-01640,New,South,In-store
TXN-005880,2024-10-19,CENTRAL-03,Home & Kitchen,HOME-2002,1,58.95,25.38,CUST-01432,Returning,Central,In-store
TXN-000756,2024-10-20,NORTH-01,Home & Kitchen,HOME-2004,4,71.86,10.13,CUST-00532,New,North,Online
TXN-000969,2024-10-20,WEST-02,Home & Kitchen,HOME-2003,2,257.41,0.61,CUST-00391,Returning,West,Online
TXN-001158,2024-10-20,EAST-02,Home & Kitchen,HOME-2002,2,149.67,5.27,CUST-01715,New,East,In-store
TXN-003316,2024-10-20,SOUTH-03,Home & Kitchen,HOME-2002,1,76.02,3.77,CUST-01168,Returning,South,In-store
TXN-004595,2024-10-20,WEST-01,Home & Kitchen,HOME-2002,5,294.56,25.43,CUST-00914,New,West,In-store
TXN-004842,2024-10-20,EAST-02,Home & Kitchen,HOME-2001,1,26.09,25.44,CUST-00892,Returning,East,Online
TXN-000089,2024-10-21,EAST-02,Sports,SPRT-5004,1,27.16,7.93,CUST-01136,Returning,East,Online
TXN-000410,2024-10-21,SOUTH-01,Sports,SPRT-5002,2,162.62,9.64,CUST-00657,Returning,South,In-store
TXN-001266,2024-10-21,SOUTH-02,Apparel,APP-3001,1,24.99,0.0,CUST-01573,New,South,In-store
TXN-001694,2024-10-21,SOUTH-03,Sports,SPRT-5004,1,28.19,4.45,CUST-00938,Returning,South,In-store
TXN-003095,2024-10-21,CENTRAL-03,Apparel,APP-3004,4,42.56,26.63,CUST-00034,Returning,Central,In-store
TXN-003860,2024-10-21,WEST-03,Electronics,ELEC-1002,5,435.15,2.76,CUST-00940,Returning,West,Online
TXN-004613,2024-10-21,CENTRAL-03,Electronics,ELEC-1003,3,1530.18,14.85,CUST-00191,New,Central,In-store
TXN-005501,2024-10-21,NORTH-03,Beauty,BEAU-4003,2,63.4,9.43,CUST-00978,Returning,North,In-store
TXN-000549,2024-10-22,WEST-02,Sports,SPRT-5003,4,432.51,9.14,CUST-01004,Returning,West,In-store
TXN-000866,2024-10-22,NORTH-01,Electronics,ELEC-1004,1,39.99,0.0,CUST-01461,New,North,In-store
TXN-001362,2024-10-22,WEST-01,Electronics,ELEC-1001,10,2499.9,0.0,CUST-00952,Returning,West,In-store
TXN-001883,2024-10-22,SOUTH-03,Beauty,BEAU-4001,1,12.34,5.02,CUST-00365,Returning,South,In-store
TXN-002333,2024-10-22,NORTH-03,Beauty,BEAU-4001,1,12.99,0.0,CUST-01343,Returning,North,In-store
TXN-002362,2024-10-22,WEST-01,Apparel,APP-3003,5,295.0,0.0,CUST-00896,Returning,West,In-store
TXN-002537,2024-10-22,CENTRAL-03,Apparel,APP-3002,3,107.96,10.01,CUST-00428,Returning,Central,In-store
TXN-002583,2024-10-22,EAST-02,Electronics,ELEC-1002,1,75.28,15.89,CUST-01628,Returning,East,Online
TXN-002806,2024-10-22,NORTH-02,Electronics,ELEC-1003,4,2145.21,10.47,CUST-00737,Returning,North,In-store
TXN-002923,2024-10-22,NORTH-03,Home & Kitchen,HOME-2003,4,467.92,9.67,CUST-00614,New,North,In-store
TXN-004832,2024-10-22,NORTH-01,Sports,SPRT-5002,5,322.01,28.44,CUST-01177,Returning,North,Online
TXN-000303,2024-10-23,WEST-02,Home & Kitchen,HOME-2003,2,233.2,9.96,CUST-00378,Returning,West,Online
TXN-000496,2024-10-23,WEST-01,Home & Kitchen,HOME-2003,4,473.66,8.56,CUST-01322,Returning,West,In-store
TXN-000746,2024-10-23,NORTH-02,Beauty,BEAU-4003,4,138.2,1.29,CUST-01603,Returning,North,Online
TXN-001449,2024-10-23,CENTRAL-01,Electronics,ELEC-1003,3,1678.31,6.61,CUST-01176,Returning,Central,In-store
TXN-001935,2024-10-23,SOUTH-01,Beauty,BEAU-4004,1,8.49,5.56,CUST-01536,Returning,South,In-store
TXN-003751,2024-10-23,SOUTH-03,Apparel,APP-3001,1,21.05,15.78,CUST-01190,Returning,South,Online
TXN-004589,2024-10-23,WEST-01,Apparel,APP-3001,3,58.21,22.35,CUST-00708,Returning,West,In-store
TXN-004742,2024-10-23,EAST-03,Sports,SPRT-5001,1,42.1,15.78,CUST-01759,New,East,In-store
TXN-005187,2024-10-23,WEST-01,Sports,SPRT-5004,6,152.71,13.73,CUST-00339,Returning,West,Online
TXN-005441,2024-10-23,NORTH-02,Electronics,ELEC-1002,1,75.62,15.5,CUST-00027,Returning,North,Online
TXN-005701,2024-10-23,CENTRAL-02,Electronics,ELEC-1003,2,1130.25,5.65,CUST-00163,Returning,Central,Online
TXN-001000,2024-10-24,SOUTH-02,Home & Kitchen,HOME-2004,8,136.42,14.7,CUST-01583,Returning,South,Online
TXN-001501,2024-10-24,NORTH-01,Sports,SPRT-5003,1,119.0,0.0,CUST-01575,New,North,In-store
TXN-001683,2024-10-24,NORTH-01,Sports,SPRT-5003,5,595.0,0.0,CUST-00272,Returning,North,Online
TXN-002090,2024-10-24,WEST-01,Apparel,APP-3003,1,53.83,8.76,CUST-00327,New,West,In-store
TXN-002123,2024-10-24,SOUTH-03,Apparel,APP-3004,5,56.78,21.68,CUST-01326,Returning,South,In-store
TXN-002960,2024-10-24,CENTRAL-01,Apparel,APP-3003,2,79.96,32.24,CUST-01788,Returning,Central,In-store
TXN-003135,2024-10-24,EAST-02,Electronics,ELEC-1002,1,66.29,25.94,CUST-01718,Returning,East,In-store
TXN-005344,2024-10-24,CENTRAL-02,Home & Kitchen,HOME-2004,3,55.63,7.24,CUST-01414,New,Central,In-store
TXN-005557,2024-10-24,CENTRAL-01,Apparel,APP-3004,8,111.25,4.09,CUST-01537,Returning,Central,Online
TXN-000561,2024-10-25,CENTRAL-01,Sports,SPRT-5003,2,180.24,24.27,CUST-01396,New,Central,In-store
TXN-001885,2024-10-25,EAST-03,Apparel,APP-3003,2,117.91,0.08,CUST-00448,Returning,East,Online
TXN-002271,2024-10-25,NORTH-01,Apparel,APP-3001,2,49.98,0.0,CUST-01005,Returning,North,In-store
TXN-002376,2024-10-25,SOUTH-01,Home & Kitchen,HOME-2004,1,18.03,9.8,CUST-00892,Returning,South,In-store
TXN-002811,2024-10-25,NORTH-01,Beauty,BEAU-4002,1,22.5,0.0,CUST-00579,Returning,North,Online
TXN-004287,2024-10-25,SOUTH-01,Sports,SPRT-5001,1,46.01,7.96,CUST-00124,Returning,South,Online
TXN-004378,2024-10-25,SOUTH-03,Apparel,APP-3003,8,448.57,4.96,CUST-01551,Returning,South,Online
TXN-000318,2024-10-26,EAST-01,Sports,SPRT-5001,2,98.69,1.29,CUST-00254,Returning,East,In-store
TXN-001526,2024-10-26,SOUTH-03,Apparel,APP-3003,2,91.34,22.59,CUST-01784,Returning,South,In-store
TXN-003179,2024-10-26,CENTRAL-03,Beauty,BEAU-4003,1,34.47,1.5,CUST-00559,Returning,Central,In-store
TXN-003293,2024-10-26,SOUTH-03,Apparel,APP-3002,2,79.98,0.0,CUST-00204,New,South,In-store
TXN-004229,2024-10-26,NORTH-02,Electronics,ELEC-1002,2,145.2,18.88,CUST-00775,Returning,North,In-store
TXN-000448,2024-10-27,EAST-02,Apparel,APP-3003,2,108.01,8.47,CUST-01740,New,East,In-store
TXN-001366,2024-10-27,SOUTH-03,Sports,SPRT-5002,8,679.24,5.65,CUST-00442,Returning,South,In-store
TXN-001806,2024-10-27,SOUTH-02,Apparel,APP-3003,2,102.52,13.12,CUST-00081,Returning,South,In-store
TXN-002005,2024-10-27,CENTRAL-03,Home & Kitchen,HOME-2001,1,33.05,5.53,CUST-00589,Returning,Central,In-store
TXN-002401,2024-10-27,EAST-03,Apparel,APP-3004,1,12.17,16.05,CUST-01658,New,East,Online
TXN-003347,2024-10-27,NORTH-03,Beauty,BEAU-4002,4,81.73,9.19,CUST-00484,Returning,North,In-store
TXN-003538,2024-10-27,EAST-03,Beauty,BEAU-4002,1,22.5,0.0,CUST-00626,New,East,In-store
TXN-005864,2024-10-27,SOUTH-01,Electronics,ELEC-1001,1,224.85,10.06,CUST-00073,Returning,South,In-store
TXN-001224,2024-10-28,NORTH-03,Home & Kitchen,HOME-2004,2,38.34,4.11,CUST-00444,New,North,In-store
TXN-002346,2024-10-28,SOUTH-02,Apparel,APP-3003,4,219.68,6.92,CUST-01418,Returning,South,Online
TXN-002746,2024-10-28,SOUTH-01,Apparel,APP-3004,4,52.09,10.19,CUST-00641,New,South,In-store
TXN-003478,2024-10-28,NORTH-01,Electronics,ELEC-1001,6,1352.23,9.85,CUST-01068,Returning,North,Online
TXN-003707,2024-10-28,NORTH-01,Beauty,BEAU-4003,2,69.7,0.43,CUST-00155,New,North,In-store
TXN-004321,2024-10-28,NORTH-03,Apparel,APP-3004,2,27.42,5.46,CUST-00846,Returning,North,In-store
TXN-005961,2024-10-28,EAST-02,Home & Kitchen,HOME-2001,1,24.77,29.21,CUST-01281,Returning,East,In-store
TXN-000047,2024-10-29,SOUTH-03,Sports,SPRT-5001,10,428.67,14.25,CUST-00351,Returning,South,Online
TXN-000067,2024-10-29,WEST-02,Sports,SPRT-5003,1,92.02,22.67,CUST-01326,Returning,West,In-store
TXN-000704,2024-10-29,SOUTH-01,Sports,SPRT-5003,1,117.8,1.01,CUST-00843,Returning,South,In-store
TXN-001661,2024-10-29,NORTH-01,Apparel,APP-3003,3,177.0,0.0,CUST-01247,New,North,Online
TXN-005269,2024-10-29,SOUTH-02,Home & Kitchen,HOME-2002,1,71.02,10.1,CUST-01048,Returning,South,In-store
TXN-005658,2024-10-29,EAST-01,Home & Kitchen,HOME-2001,1,29.55,15.55,CUST-00861,Returning,East,In-store
TXN-005947,2024-10-29,WEST-02,Beauty,BEAU-4003,3,83.09,20.87,CUST-01428,Returning,West,In-store
TXN-001391,2024-10-30,NORTH-01,Sports,SPRT-5002,3,241.26,10.64,CUST-01332,New,North,Online
TXN-002880,2024-10-30,NORTH-03,Home & Kitchen,HOME-2001,1,33.98,2.89,CUST-01767,Returning,North,Online
TXN-003489,2024-10-30,EAST-03,Sports,SPRT-5004,3,75.24,14.98,CUST-01518,Returning,East,In-store
TXN-004054,2024-10-30,WEST-03,Electronics,ELEC-1003,5,2382.73,20.44,CUST-00652,New,West,Online
TXN-004093,2024-10-30,WEST-03,Beauty,BEAU-4004,1,8.99,0.0,CUST-00102,New,West,Online
TXN-004720,2024-10-30,EAST-02,Apparel,APP-3003,1,53.32,9.63,CUST-00213,Returning,East,Online
TXN-004819,2024-10-30,EAST-03,Electronics,ELEC-1004,1,34.68,13.28,CUST-00914,Returning,East,In-store
TXN-001497,2024-10-31,NORTH-02,Home & Kitchen,HOME-2004,1,19.32,3.33,CUST-00531,Returning,North,Online
TXN-002161,2024-10-31,EAST-03,Beauty,BEAU-4004,3,26.01,3.56,CUST-00340,Returning,East,In-store
TXN-002651,2024-10-31,WEST-02,Apparel,APP-3004,3,43.5,0.0,CUST-01485,New,West,In-store
TXN-002841,2024-10-31,CENTRAL-01,Apparel,APP-3002,1,37.74,5.62,CUST-01545,Returning,Central,In-store
TXN-004806,2024-10-31,NORTH-03,Electronics,ELEC-1001,3,721.46,3.8,CUST-01073,Returning,North,In-store
TXN-004982,2024-10-31,NORTH-01,Home & Kitchen,HOME-2001,6,209.24,0.33,CUST-01525,Returning,North,Online
TXN-000077,2024-11-01,WEST-03,Electronics,ELEC-1003,2,1085.14,9.42,CUST-00664,New,West,In-store
TXN-000190,2024-11-01,NORTH-02,Electronics,ELEC-1004,2,79.93,0.07,CUST-00704,Returning,North,Online
TXN-002570,2024-11-01,WEST-02,Electronics,ELEC-1002,3,263.35,1.92,CUST-01162,New,West,In-store
TXN-002803,2024-11-01,SOUTH-01,Home & Kitchen,HOME-2004,2,39.88,0.26,CUST-00804,Returning,South,Online
TXN-003091,2024-11-01,EAST-02,Home & Kitchen,HOME-2004,5,90.09,9.86,CUST-01150,Returning,East,Online
TXN-003318,2024-11-01,NORTH-01,Apparel,APP-3001,10,204.73,18.08,CUST-01628,Returning,North,In-store
TXN-004693,2024-11-01,NORTH-02,Beauty,BEAU-4001,3,38.87,0.25,CUST-00563,Returning,North,Online
TXN-005230,2024-11-01,SOUTH-01,Home & Kitchen,HOME-2003,1,129.5,0.0,CUST-01626,Returning,South,In-store
TXN-005516,2024-11-01,EAST-01,Beauty,BEAU-4004,2,17.93,0.27,CUST-01649,Returning,East,Online
TXN-005553,2024-11-01,WEST-02,Home & Kitchen,HOME-2003,1,127.37,1.65,CUST-00179,Returning,West,In-store
TXN-000272,2024-11-02,EAST-01,Home & Kitchen,HOME-2003,2,255.92,1.19,CUST-01696,New,East,In-store
TXN-001664,2024-11-02,NORTH-01,Apparel,APP-3004,1,14.38,0.85,CUST-01182,Returning,North,In-store
TXN-001697,2024-11-02,SOUTH-03,Apparel,APP-3003,2,82.66,29.95,CUST-00973,New,South,In-store
TXN-002370,2024-11-02,WEST-01,Sports,SPRT-5004,1,28.24,4.25,CUST-01018,Returning,West,Online
TXN-002574,2024-11-02,WEST-01,Sports,SPRT-5004,3,87.78,0.82,CUST-01418,Returning,West,In-store
TXN-003529,2024-11-02,EAST-01,Home & Kitchen,HOME-2001,1,34.44,1.56,CUST-00820,New,East,In-store
TXN-004713,2024-11-02,CENTRAL-02,Beauty,BEAU-4004,1,8.18,9.06,CUST-00488,Returning,Central,In-store
TXN-005260,2024-11-02,CENTRAL-01,Sports,SPRT-5003,3,290.67,18.58,CUST-00534,Returning,Central,Online
TXN-000468,2024-11-03,WEST-03,Electronics,ELEC-1004,5,172.01,13.97,CUST-00596,Returning,West,In-store
TXN-000485,2024-11-03,CENTRAL-02,Electronics,ELEC-1004,2,79.94,0.06,CUST-01666,Returning,Central,In-store
TXN-002830,2024-11-03,NORTH-02,Home & Kitchen,HOME-2001,3,74.61,28.92,CUST-01678,New,North,In-store
TXN-003303,2024-11-03,EAST-02,Electronics,ELEC-1003,4,2396.0,0.0,CUST-00821,New,East,In-store
TXN-004560,2024-11-03,NORTH-03,Electronics,ELEC-1002,6,432.49,19.46,CUST-00293,Returning,North,In-store
TXN-004934,2024-11-03,WEST-02,Apparel,APP-3003,3,158.22,10.61,CUST-00104,Returning,West,Online
TXN-000138,2024-11-04,WEST-02,Sports,SPRT-5001,1,49.99,0.0,CUST-01315,New,West,Online
TXN-000732,2024-11-04,WEST-01,Sports,SPRT-5003,3,351.9,1.43,CUST-00835,Returning,West,In-store
TXN-001463,2024-11-04,WEST-03,Home & Kitchen,HOME-2004,1,16.49,17.5,CUST-00908,Returning,West,In-store
TXN-001537,2024-11-04,EAST-02,Electronics,ELEC-1003,5,2284.38,23.73,CUST-00995,Returning,East,In-store
TXN-002142,2024-11-04,CENTRAL-01,Home & Kitchen,HOME-2003,2,240.43,7.17,CUST-01290,Returning,Central,In-store
TXN-002182,2024-11-04,WEST-02,Apparel,APP-3001,1,19.68,21.23,CUST-01700,Returning,West,Online
TXN-000924,2024-11-05,WEST-02,Electronics,ELEC-1003,2,1040.66,13.13,CUST-01475,Returning,West,In-store
TXN-001333,2024-11-05,WEST-02,Electronics,ELEC-1004,1,33.64,15.88,CUST-00881,Returning,West,Online
TXN-001466,2024-11-05,SOUTH-01,Apparel,APP-3003,1,59.0,0.0,CUST-00769,Returning,South,In-store
TXN-001692,2024-11-05,EAST-01,Home & Kitchen,HOME-2001,5,128.34,26.64,CUST-00879,Returning,East,Online
TXN-001846,2024-11-05,SOUTH-03,Beauty,BEAU-4003,3,90.17,14.12,CUST-00011,New,South,In-store
TXN-003225,2024-11-05,CENTRAL-03,Beauty,BEAU-4003,2,69.78,0.31,CUST-01353,Returning,Central,In-store
TXN-004155,2024-11-05,WEST-01,Beauty,BEAU-4001,5,54.73,15.74,CUST-00416,Returning,West,In-store
TXN-000275,2024-11-06,SOUTH-01,Apparel,APP-3002,3,104.85,12.61,CUST-00472,Returning,South,In-store
TXN-001136,2024-11-06,WEST-01,Electronics,ELEC-1002,5,447.5,0.0,CUST-00254,Returning,West,In-store
TXN-003624,2024-11-06,EAST-03,Apparel,APP-3004,1,13.53,6.71,CUST-00671,New,East,In-store
TXN-000271,2024-11-07,CENTRAL-03,Electronics,ELEC-1002,3,255.4,4.88,CUST-00851,Returning,Central,Online
TXN-001304,2024-11-07,CENTRAL-02,Home & Kitchen,HOME-2001,5,148.97,14.85,CUST-00589,Returning,Central,In-store
TXN-001351,2024-11-07,WEST-02,Apparel,APP-3001,1,23.7,5.16,CUST-01123,New,West,Online
TXN-002825,2024-11-07,EAST-02,Home & Kitchen,HOME-2001,2,58.6,16.26,CUST-00207,Returning,East,In-store
TXN-003213,2024-11-07,NORTH-02,Beauty,BEAU-4003,5,166.79,4.69,CUST-00979,New,North,In-store
TXN-003274,2024-11-07,EAST-01,Sports,SPRT-5004,1,24.05,18.48,CUST-01233,Returning,East,In-store
TXN-003797,2024-11-07,WEST-01,Electronics,ELEC-1004,3,119.97,0.0,CUST-01623,Returning,West,In-store
TXN-004299,2024-11-07,CENTRAL-03,Home & Kitchen,HOME-2002,1,75.62,4.28,CUST-01798,Returning,Central,In-store
TXN-005279,2024-11-07,NORTH-01,Apparel,APP-3004,1,13.02,10.18,CUST-01397,New,North,In-store
TXN-000227,2024-11-08,CENTRAL-02,Apparel,APP-3004,1,11.17,22.99,CUST-01231,New,Central,In-store
TXN-000307,2024-11-08,EAST-01,Beauty,BEAU-4004,1,8.56,4.77,CUST-00573,Returning,East,Online
TXN-001094,2024-11-08,WEST-01,Home & Kitchen,HOME-2001,3,83.4,20.54,CUST-01588,New,West,In-store
TXN-001116,2024-11-08,CENTRAL-01,Electronics,ELEC-1002,2,168.58,5.82,CUST-01183,Returning,Central,In-store
TXN-001127,2024-11-08,NORTH-03,Electronics,ELEC-1003,2,1186.42,0.97,CUST-01793,Returning,North,In-store
TXN-005525,2024-11-08,NORTH-03,Electronics,ELEC-1004,1,30.22,24.42,CUST-00341,Returning,North,In-store
TXN-001735,2024-11-09,CENTRAL-01,Electronics,ELEC-1002,2,174.49,2.52,CUST-01416,New,Central,In-store
TXN-002641,2024-11-09,CENTRAL-02,Home & Kitchen,HOME-2001,3,79.2,24.55,CUST-01596,Returning,Central,In-store
TXN-003487,2024-11-09,SOUTH-01,Home & Kitchen,HOME-2001,1,34.99,0.0,CUST-01051,Returning,South,Online
TXN-004342,2024-11-09,NORTH-01,Home & Kitchen,HOME-2003,3,383.56,1.27,CUST-01030,Returning,North,In-store
TXN-000155,2024-11-10,CENTRAL-01,Home & Kitchen,HOME-2002,1,62.95,20.31,CUST-00724,Returning,Central,Online
TXN-001041,2024-11-10,WEST-01,Apparel,APP-3002,3,118.17,1.5,CUST-00500,Returning,West,Online
TXN-001660,2024-11-10,WEST-02,Beauty,BEAU-4003,5,157.16,10.2,CUST-01698,Returning,West,In-store
TXN-003859,2024-11-10,WEST-03,Sports,SPRT-5004,2,52.16,11.6,CUST-00758,New,West,In-store
TXN-005091,2024-11-10,EAST-01,Sports,SPRT-5003,5,498.5,16.22,CUST-00870,Returning,East,Online
TXN-005195,2024-11-10,NORTH-03,Beauty,BEAU-4002,6,121.63,9.91,CUST-00492,Returning,North,In-store
TXN-005483,2024-11-10,CENTRAL-01,Beauty,BEAU-4001,1,11.58,10.82,CUST-00469,Returning,Central,In-store
TXN-001689,2024-11-11,CENTRAL-03,Apparel,APP-3003,4,172.15,27.06,CUST-00188,New,Central,In-store
TXN-001820,2024-11-11,CENTRAL-02,Beauty,BEAU-4001,1,11.83,8.9,CUST-01105,Returning,Central,Online
TXN-003909,2024-11-11,EAST-01,Electronics,ELEC-1001,2,449.52,10.09,CUST-00502,New,East,Online
TXN-004643,2024-11-11,EAST-03,Electronics,ELEC-1004,1,39.99,0.0,CUST-01685,Returning,East,Online
TXN-005527,2024-11-11,CENTRAL-02,Sports,SPRT-5004,1,28.3,4.06,CUST-01456,Returning,Central,Online
TXN-000934,2024-11-12,WEST-03,Sports,SPRT-5002,4,324.25,9.92,CUST-01131,Returning,West,Online
TXN-001849,2024-11-12,WEST-01,Apparel,APP-3002,1,39.99,0.0,CUST-00401,New,West,In-store
TXN-001887,2024-11-12,SOUTH-01,Electronics,ELEC-1004,1,39.99,0.0,CUST-00730,New,South,In-store
TXN-002910,2024-11-12,CENTRAL-02,Home & Kitchen,HOME-2003,1,90.62,30.02,CUST-01203,New,Central,In-store
TXN-004520,2024-11-12,WEST-02,Beauty,BEAU-4004,10,79.85,11.18,CUST-01714,Returning,West,In-store
TXN-004749,2024-11-12,SOUTH-03,Apparel,APP-3004,1,12.85,11.39,CUST-01110,Returning,South,Online
TXN-005062,2024-11-12,WEST-01,Home & Kitchen,HOME-2002,1,71.11,9.99,CUST-00806,Returning,West,Online
TXN-005556,2024-11-12,SOUTH-02,Home & Kitchen,HOME-2004,6,112.92,5.85,CUST-00651,Returning,South,Online
TXN-001088,2024-11-13,WEST-01,Home & Kitchen,HOME-2001,4,104.06,25.65,CUST-00827,Returning,West,In-store
TXN-003111,2024-11-13,SOUTH-03,Sports,SPRT-5004,1,26.3,10.84,CUST-01264,Returning,South,In-store
TXN-003367,2024-11-13,WEST-03,Electronics,ELEC-1003,4,2396.0,0.0,CUST-01673,Returning,West,In-store
TXN-004062,2024-11-13,SOUTH-01,Electronics,ELEC-1003,5,2705.55,9.66,CUST-00955,New,South,In-store
TXN-004897,2024-11-13,WEST-01,Home & Kitchen,HOME-2002,1,72.69,7.99,CUST-00125,New,West,Online
TXN-005994,2024-11-13,CENTRAL-03,Apparel,APP-3004,1,14.23,1.85,CUST-01721,New,Central,In-store
TXN-001153,2024-11-14,WEST-01,Apparel,APP-3001,1,24.79,0.81,CUST-00205,New,West,In-store
TXN-001813,2024-11-14,NORTH-03,Electronics,ELEC-1002,8,716.0,0.0,CUST-00522,Returning,North,Online
TXN-001879,2024-11-14,CENTRAL-01,Apparel,APP-3004,3,41.69,4.15,CUST-00628,Returning,Central,In-store
TXN-003089,2024-11-14,NORTH-02,Electronics,ELEC-1003,3,1438.18,19.97,CUST-01542,New,North,In-store
TXN-003795,2024-11-14,NORTH-01,Beauty,BEAU-4004,1,8.99,0.0,CUST-00212,Returning,North,In-store
TXN-004799,2024-11-14,EAST-03,Sports,SPRT-5002,2,152.0,15.54,CUST-00589,Returning,East,In-store
TXN-005094,2024-11-14,CENTRAL-02,Beauty,BEAU-4003,2,70.0,0.0,CUST-00772,Returning,Central,In-store
TXN-000142,2024-11-15,CENTRAL-01,Sports,SPRT-5003,6,710.96,0.43,CUST-01388,New,Central,In-store
TXN-000157,2024-11-15,SOUTH-01,Sports,SPRT-5001,1,47.36,5.27,CUST-00376,New,South,In-store
TXN-000263,2024-11-15,CENTRAL-03,Home & Kitchen,HOME-2003,1,125.3,3.24,CUST-01753,Returning,Central,In-store
TXN-000300,2024-11-15,NORTH-01,Apparel,APP-3004,4,42.33,27.01,CUST-00943,Returning,North,In-store
TXN-001180,2024-11-15,EAST-01,Apparel,APP-3002,3,108.39,9.65,CUST-00892,Returning,East,Online
TXN-001431,2024-11-15,NORTH-01,Home & Kitchen,HOME-2002,3,237.0,0.0,CUST-01252,Returning,North,Online
TXN-001572,2024-11-15,WEST-02,Sports,SPRT-5002,1,87.89,2.33,CUST-00045,Returning,West,In-store
TXN-002424,2024-11-15,SOUTH-03,Home & Kitchen,HOME-2004,2,39.96,0.06,CUST-00959,New,South,In-store
TXN-002638,2024-11-15,SOUTH-02,Apparel,APP-3001,3,53.2,29.04,CUST-00869,Returning,South,In-store
TXN-003208,2024-11-15,EAST-02,Beauty,BEAU-4003,2,66.09,5.59,CUST-01354,New,East,Online
TXN-004646,2024-11-15,WEST-01,Electronics,ELEC-1004,1,37.41,6.46,CUST-01673,Returning,West,Online
TXN-005232,2024-11-15,CENTRAL-01,Home & Kitchen,HOME-2004,1,18.71,6.4,CUST-00070,New,Central,Online
TXN-000852,2024-11-16,EAST-03,Beauty,BEAU-4002,2,39.85,11.44,CUST-00080,New,East,In-store
TXN-001600,2024-11-16,EAST-02,Electronics,ELEC-1002,2,168.34,5.95,CUST-00919,Returning,East,In-store
TXN-003157,2024-11-16,CENTRAL-02,Electronics,ELEC-1001,6,1499.94,0.0,CUST-00614,Returning,Central,Online
TXN-004817,2024-11-16,NORTH-01,Beauty,BEAU-4003,5,149.74,14.43,CUST-00711,Returning,North,In-store
TXN-004942,2024-11-16,NORTH-02,Beauty,BEAU-4004,8,71.92,0.0,CUST-00519,Returning,North,Online
TXN-005137,2024-11-16,SOUTH-01,Sports,SPRT-5001,2,82.74,17.24,CUST-01328,Returning,South,In-store
TXN-005431,2024-11-16,NORTH-02,Beauty,BEAU-4003,1,34.89,0.32,CUST-00812,Returning,North,In-store
TXN-005700,2024-11-16,NORTH-03,Home & Kitchen,HOME-2003,3,336.64,13.35,CUST-00313,Returning,North,In-store
TXN-000218,2024-11-17,NORTH-03,Beauty,BEAU-4003,4,118.12,15.63,CUST-01061,Returning,North,In-store
TXN-003463,2024-11-17,SOUTH-01,Electronics,ELEC-1002,1,74.78,16.45,CUST-01471,Returning,South,In-store
TXN-003595,2024-11-17,CENTRAL-02,Electronics,ELEC-1002,4,306.01,14.52,CUST-00996,New,Central,Online
TXN-003837,2024-11-17,EAST-01,Electronics,ELEC-1004,3,94.94,20.86,CUST-00974,Returning,East,In-store
TXN-004044,2024-11-17,CENTRAL-02,Apparel,APP-3001,8,171.17,14.38,CUST-00431,Returning,Central,In-store
TXN-004095,2024-11-17,SOUTH-01,Home & Kitchen,HOME-2001,1,29.85,14.7,CUST-00033,Returning,South,Online
TXN-004363,2024-11-17,SOUTH-03,Home & Kitchen,HOME-2003,4,493.71,4.69,CUST-01391,New,South,Online
TXN-004662,2024-11-17,SOUTH-01,Home & Kitchen,HOME-2003,1,129.5,0.0,CUST-00078,Returning,South,In-store
TXN-004974,2024-11-17,WEST-01,Home & Kitchen,HOME-2001,1,30.5,12.83,CUST-01760,New,West,In-store
TXN-005247,2024-11-17,WEST-01,Apparel,APP-3001,3,67.24,10.31,CUST-00801,New,West,Online
TXN-005578,2024-11-17,WEST-01,Electronics,ELEC-1003,1,480.02,19.86,CUST-00915,New,West,Online
TXN-005629,2024-11-17,EAST-01,Apparel,APP-3002,1,37.15,7.1,CUST-01367,Returning,East,In-store
TXN-001542,2024-11-18,NORTH-03,Sports,SPRT-5004,2,46.48,21.23,CUST-00984,Returning,North,In-store
TXN-001733,2024-11-18,CENTRAL-03,Home & Kitchen,HOME-2002,6,356.37,24.82,CUST-00355,Returning,Central,In-store
TXN-002359,2024-11-18,CENTRAL-02,Apparel,APP-3001,3,68.15,9.09,CUST-00828,Returning,Central,In-store
TXN-002668,2024-11-18,NORTH-03,Home & Kitchen,HOME-2004,1,19.08,4.56,CUST-01105,Returning,North,In-store
TXN-003232,2024-11-18,WEST-01,Home & Kitchen,HOME-2004,5,98.84,1.12,CUST-00068,Returning,West,In-store
TXN-003669,2024-11-18,EAST-02,Home & Kitchen,HOME-2003,3,388.5,0.0,CUST-01027,New,East,In-store
TXN-004184,2024-11-18,SOUTH-03,Home & Kitchen,HOME-2004,2,35.97,10.03,CUST-01698,Returning,South,Online
TXN-004331,2024-11-18,NORTH-02,Electronics,ELEC-1004,2,71.62,10.46,CUST-01699,Returning,North,Online
TXN-004555,2024-11-18,CENTRAL-03,Sports,SPRT-5004,2,59.0,0.0,CUST-00743,Returning,Central,Online
TXN-005565,2024-11-18,EAST-02,Apparel,APP-3001,1,24.9,0.37,CUST-00016,Returning,East,Online
TXN-005608,2024-11-18,EAST-01,Apparel,APP-3003,1,59.0,0.0,CUST-01774,Returning,East,In-store
TXN-000041,2024-11-19,EAST-03,Apparel,APP-3001,1,22.16,11.31,CUST-00681,New,East,In-store
TXN-000998,2024-11-19,CENTRAL-01,Home & Kitchen,HOME-2003,2,196.26,24.22,CUST-00282,New,Central,Online
TXN-001545,2024-11-19,SOUTH-01,Beauty,BEAU-4003,4,127.36,9.03,CUST-01515,Returning,South,In-store
TXN-002109,2024-11-19,CENTRAL-03,Beauty,BEAU-4003,2,55.15,21.22,CUST-01548,Returning,Central,Online
TXN-002148,2024-11-19,CENTRAL-02,Apparel,APP-3002,2,69.0,13.73,CUST-00100,Returning,Central,Online
TXN-003165,2024-11-19,SOUTH-01,Beauty,BEAU-4001,2,20.72,20.24,CUST-00576,Returning,South,Online
TXN-004101,2024-11-19,CENTRAL-03,Electronics,ELEC-1004,2,79.98,0.0,CUST-01292,Returning,Central,Online
TXN-004119,2024-11-19,WEST-02,Electronics,ELEC-1002,3,229.5,14.52,CUST-01436,New,West,In-store
TXN-005037,2024-11-19,EAST-03,Home & Kitchen,HOME-2001,1,27.53,21.33,CUST-00598,New,East,In-store
TXN-005100,2024-11-19,WEST-01,Electronics,ELEC-1002,3,242.77,9.58,CUST-01230,Returning,West,In-store
TXN-005508,2024-11-19,NORTH-01,Sports,SPRT-5001,2,86.89,13.09,CUST-00271,New,North,In-store
TXN-000508,2024-11-20,WEST-02,Apparel,APP-3001,3,59.71,20.36,CUST-00516,Returning,West,In-store
TXN-001582,2024-11-20,NORTH-03,Home & Kitchen,HOME-2004,2,39.65,0.82,CUST-00745,Returning,North,In-store
TXN-002650,2024-11-20,WEST-02,Apparel,APP-3004,1,14.45,0.32,CUST-01621,Returning,West,Online
TXN-003379,2024-11-20,SOUTH-03,Sports,SPRT-5003,2,212.6,10.67,CUST-00851,Returning,South,In-store
TXN-003966,2024-11-20,CENTRAL-03,Apparel,APP-3004,1,14.5,0.0,CUST-00614,Returning,Central,Online
TXN-004516,2024-11-20,WEST-02,Apparel,APP-3003,3,165.84,6.31,CUST-01056,Returning,West,In-store
TXN-005540,2024-11-20,WEST-03,Electronics,ELEC-1004,1,37.99,5.0,CUST-00896,Returning,West,Online
TXN-005891,2024-11-20,CENTRAL-03,Home & Kitchen,HOME-2004,2,29.71,25.69,CUST-01219,New,Central,Online
TXN-000422,2024-11-21,CENTRAL-01,Beauty,BEAU-4003,1,30.24,13.61,CUST-01087,Returning,Central,In-store
TXN-002201,2024-11-21,SOUTH-03,Sports,SPRT-5002,1,80.69,10.33,CUST-01784,Returning,South,In-store
TXN-003012,2024-11-21,NORTH-01,Apparel,APP-3002,4,127.54,20.27,CUST-01753,Returning,North,In-store
TXN-003787,2024-11-21,NORTH-03,Beauty,BEAU-4004,1,8.13,9.54,CUST-00104,Returning,North,Online
TXN-004163,2024-11-21,NORTH-01,Home & Kitchen,HOME-2001,1,33.6,3.97,CUST-00633,New,North,In-store
TXN-004837,2024-11-21,WEST-03,Electronics,ELEC-1004,3,93.55,22.02,CUST-00797,Returning,West,In-store
TXN-005165,2024-11-21,SOUTH-01,Sports,SPRT-5003,6,707.99,0.84,CUST-00935,Returning,South,In-store
TXN-005893,2024-11-21,NORTH-01,Electronics,ELEC-1002,10,895.0,0.0,CUST-01701,Returning,North,Online
TXN-000524,2024-11-22,EAST-03,Sports,SPRT-5003,2,232.74,2.21,CUST-00741,New,East,Online
TXN-001429,2024-11-22,EAST-03,Sports,SPRT-5003,5,541.48,8.99,CUST-01288,New,East,In-store
TXN-002226,2024-11-22,EAST-01,Home & Kitchen,HOME-2003,2,208.95,19.32,CUST-00254,Returning,East,In-store
TXN-002653,2024-11-22,WEST-01,Electronics,ELEC-1002,8,712.7,0.46,CUST-01143,Returning,West,In-store
TXN-004677,2024-11-22,EAST-01,Sports,SPRT-5001,3,127.17,15.2,CUST-00684,New,East,In-store
TXN-004878,2024-11-22,EAST-01,Beauty,BEAU-4001,1,10.91,15.99,CUST-00910,Returning,East,In-store
TXN-005511,2024-11-22,SOUTH-01,Electronics,ELEC-1001,2,499.98,0.0,CUST-00008,Returning,South,In-store
TXN-001305,2024-11-23,NORTH-02,Beauty,BEAU-4003,2,66.02,5.69,CUST-00310,Returning,North,Online
TXN-001696,2024-11-23,SOUTH-02,Home & Kitchen,HOME-2004,2,36.02,9.91,CUST-00490,Returning,South,In-store
TXN-001701,2024-11-23,CENTRAL-03,Beauty,BEAU-4002,2,44.52,1.07,CUST-01332,Returning,Central,In-store
TXN-003927,2024-11-23,NORTH-01,Beauty,BEAU-4004,3,24.18,10.34,CUST-01597,Returning,North,In-store
TXN-004921,2024-11-23,SOUTH-01,Apparel,APP-3003,2,111.57,5.45,CUST-00170,New,South,Online
TXN-004943,2024-11-23,NORTH-02,Home & Kitchen,HOME-2004,1,17.66,11.67,CUST-00886,Returning,North,In-store
TXN-005448,2024-11-23,EAST-01,Electronics,ELEC-1003,1,560.69,6.4,CUST-01215,Returning,East,In-store
TXN-000270,2024-11-24,WEST-03,Home & Kitchen,HOME-2004,2,39.28,1.76,CUST-01201,Returning,West,In-store
TXN-000517,2024-11-24,CENTRAL-01,Apparel,APP-3003,1,58.26,1.26,CUST-01541,New,Central,In-store
TXN-001033,2024-11-24,SOUTH-03,Sports,SPRT-5004,5,111.07,24.7,CUST-00178,New,South,Online
TXN-001237,2024-11-24,SOUTH-03,Apparel,APP-3003,1,57.79,2.05,CUST-00067,Returning,South,In-store
TXN-001533,2024-11-24,EAST-02,Electronics,ELEC-1003,2,1143.86,4.52,CUST-01451,New,East,In-store
TXN-003046,2024-11-24,NORTH-03,Apparel,APP-3002,2,79.98,0.0,CUST-00983,Returning,North,In-store
TXN-003182,2024-11-24,EAST-03,Electronics,ELEC-1003,1,434.58,27.45,CUST-00368,Returning,East,Online
TXN-003932,2024-11-24,EAST-02,Beauty,BEAU-4001,1,12.99,0.0,CUST-00894,Returning,East,Online
TXN-003945,2024-11-24,CENTRAL-02,Home & Kitchen,HOME-2002,1,67.07,15.11,CUST-00357,Returning,Central,In-store
TXN-004743,2024-11-24,EAST-01,Home & Kitchen,HOME-2002,4,283.9,10.16,CUST-00115,Returning,East,In-store
TXN-005370,2024-11-24,CENTRAL-02,Home & Kitchen,HOME-2003,1,97.57,24.65,CUST-01595,Returning,Central,In-store
TXN-001164,2024-11-25,WEST-01,Sports,SPRT-5003,3,343.06,3.9,CUST-01756,Returning,West,In-store
TXN-002477,2024-11-25,CENTRAL-03,Beauty,BEAU-4003,3,94.19,10.3,CUST-00666,Returning,Central,In-store
TXN-002718,2024-11-25,NORTH-03,Home & Kitchen,HOME-2004,3,59.97,0.0,CUST-00726,New,North,In-store
TXN-003284,2024-11-25,WEST-01,Sports,SPRT-5001,3,149.97,0.0,CUST-00169,Returning,West,In-store
TXN-003849,2024-11-25,WEST-03,Electronics,ELEC-1003,3,1440.13,19.86,CUST-00211,Returning,West,In-store
TXN-004197,2024-11-25,NORTH-03,Beauty,BEAU-4001,1,11.03,15.1,CUST-01125,Returning,North,In-store
TXN-004618,2024-11-25,EAST-01,Beauty,BEAU-4002,2,37.87,15.84,CUST-01186,Returning,East,In-store
TXN-005407,2024-11-25,NORTH-02,Apparel,APP-3003,2,97.96,16.99,CUST-00192,Returning,North,In-store
TXN-000762,2024-11-26,CENTRAL-01,Apparel,APP-3001,6,149.94,0.0,CUST-01786,Returning,Central,In-store
TXN-001384,2024-11-26,CENTRAL-03,Apparel,APP-3003,1,58.82,0.3,CUST-01731,New,Central,Online
TXN-002454,2024-11-26,EAST-03,Apparel,APP-3004,2,28.76,0.81,CUST-00321,Returning,East,In-store
TXN-002988,2024-11-26,EAST-01,Beauty,BEAU-4001,1,12.99,0.0,CUST-01641,Returning,East,In-store
TXN-004906,2024-11-26,WEST-01,Home & Kitchen,HOME-2003,2,248.87,3.91,CUST-01521,New,West,Online
TXN-005004,2024-11-26,SOUTH-02,Sports,SPRT-5001,1,44.77,10.43,CUST-00117,Returning,South,In-store
TXN-005484,2024-11-26,SOUTH-02,Home & Kitchen,HOME-2003,1,128.7,0.62,CUST-00366,Returning,South,Online
TXN-001004,2024-11-27,WEST-02,Electronics,ELEC-1004,1,36.28,9.29,CUST-00976,Returning,West,In-store
TXN-001791,2024-11-27,SOUTH-03,Home & Kitchen,HOME-2002,4,313.95,0.65,CUST-00091,Returning,South,In-store
TXN-002406,2024-11-27,SOUTH-01,Beauty,BEAU-4003,1,34.81,0.55,CUST-00977,New,South,In-store
TXN-002548,2024-11-27,SOUTH-03,Beauty,BEAU-4002,2,44.8,0.45,CUST-01288,Returning,South,In-store
TXN-002709,2024-11-27,WEST-03,Home & Kitchen,HOME-2004,1,19.99,0.0,CUST-00795,Returning,West,Online
TXN-002932,2024-11-27,NORTH-02,Home & Kitchen,HOME-2003,1,107.8,16.75,CUST-01254,Returning,North,In-store
TXN-003122,2024-11-27,NORTH-03,Apparel,APP-3004,1,12.94,10.79,CUST-00031,Returning,North,Online
TXN-003132,2024-11-27,NORTH-02,Sports,SPRT-5002,1,85.79,4.67,CUST-01127,Returning,North,In-store
TXN-003426,2024-11-27,NORTH-01,Home & Kitchen,HOME-2004,1,19.78,1.05,CUST-01190,Returning,North,In-store
TXN-005129,2024-11-27,EAST-02,Home & Kitchen,HOME-2001,3,94.54,9.94,CUST-01651,Returning,East,In-store
TXN-005392,2024-11-27,NORTH-02,Home & Kitchen,HOME-2003,2,234.95,9.29,CUST-00899,Returning,North,Online
TXN-000112,2024-11-28,CENTRAL-01,Beauty,BEAU-4001,2,22.5,13.39,CUST-00268,Returning,Central,Online
TXN-001884,2024-11-28,CENTRAL-01,Sports,SPRT-5001,1,49.99,0.0,CUST-00052,New,Central,Online
TXN-002410,2024-11-28,CENTRAL-02,Beauty,BEAU-4001,3,38.97,0.0,CUST-01611,Returning,Central,In-store
TXN-002940,2024-11-28,CENTRAL-02,Home & Kitchen,HOME-2001,1,25.07,28.34,CUST-00919,Returning,Central,In-store
TXN-005200,2024-11-28,SOUTH-03,Electronics,ELEC-1004,2,79.09,1.11,CUST-00089,Returning,South,Online
TXN-005679,2024-11-28,SOUTH-01,Electronics,ELEC-1003,4,2137.43,10.79,CUST-00104,Returning,South,In-store
TXN-001178,2024-11-29,SOUTH-01,Apparel,APP-3002,6,203.21,15.31,CUST-00885,New,South,In-store
TXN-001581,2024-11-29,NORTH-02,Electronics,ELEC-1002,8,687.86,3.93,CUST-00063,New,North,Online
TXN-001795,2024-11-29,WEST-03,Sports,SPRT-5004,1,29.04,1.57,CUST-00792,Returning,West,Online
TXN-001834,2024-11-29,WEST-02,Beauty,BEAU-4003,1,35.0,0.0,CUST-01444,Returning,West,In-store
TXN-001869,2024-11-29,WEST-02,Electronics,ELEC-1004,1,33.64,15.88,CUST-01356,Returning,West,Online
TXN-003729,2024-11-29,WEST-02,Beauty,BEAU-4004,1,8.18,9.01,CUST-00583,New,West,In-store
TXN-003951,2024-11-29,NORTH-03,Apparel,APP-3001,1,22.62,9.49,CUST-00301,Returning,North,In-store
TXN-004585,2024-11-29,NORTH-01,Electronics,ELEC-1004,2,68.9,13.85,CUST-00289,Returning,North,In-store
TXN-004892,2024-11-29,NORTH-01,Apparel,APP-3002,2,76.68,4.13,CUST-00300,Returning,North,In-store
TXN-005180,2024-11-29,WEST-01,Home & Kitchen,HOME-2003,3,388.5,0.0,CUST-00773,New,West,Online
TXN-000183,2024-11-30,NORTH-01,Sports,SPRT-5004,2,49.64,15.87,CUST-01475,Returning,North,Online
TXN-000426,2024-11-30,WEST-01,Home & Kitchen,HOME-2003,4,518.0,0.0,CUST-00969,New,West,Online
TXN-000432,2024-11-30,EAST-03,Home & Kitchen,HOME-2001,1,34.8,0.53,CUST-00310,Returning,East,Online
TXN-003777,2024-11-30,WEST-02,Sports,SPRT-5001,6,223.24,25.57,CUST-00189,Returning,West,Online
TXN-003847,2024-11-30,WEST-02,Beauty,BEAU-4002,1,22.5,0.0,CUST-00875,New,West,Online
TXN-004376,2024-11-30,CENTRAL-02,Home & Kitchen,HOME-2004,5,80.15,19.81,CUST-00893,Returning,Central,In-store
TXN-005288,2024-11-30,WEST-02,Apparel,APP-3001,10,247.01,1.16,CUST-00186,Returning,West,In-store
TXN-005395,2024-11-30,WEST-02,Apparel,APP-3003,2,99.44,15.73,CUST-01241,New,West,In-store
TXN-005895,2024-11-30,SOUTH-01,Electronics,ELEC-1001,1,178.59,28.56,CUST-00388,New,South,In-store
TXN-000328,2024-12-01,EAST-01,Beauty,BEAU-4002,5,101.42,9.85,CUST-00960,New,East,In-store
TXN-000709,2024-12-01,EAST-01,Electronics,ELEC-1004,4,134.82,15.71,CUST-01404,Returning,East,Online
TXN-003477,2024-12-01,NORTH-01,Home & Kitchen,HOME-2001,4,125.86,10.08,CUST-01685,Returning,North,Online
TXN-003651,2024-12-01,CENTRAL-02,Sports,SPRT-5001,2,99.98,0.0,CUST-00025,Returning,Central,In-store
TXN-003816,2024-12-01,EAST-01,Electronics,ELEC-1003,1,599.0,0.0,CUST-01422,Returning,East,In-store
TXN-004958,2024-12-01,NORTH-01,Apparel,APP-3002,6,238.23,0.71,CUST-01666,Returning,North,In-store
TXN-004995,2024-12-01,WEST-03,Apparel,APP-3003,3,124.93,29.42,CUST-01539,Returning,West,Online
TXN-005752,2024-12-01,WEST-01,Beauty,BEAU-4001,3,36.4,6.59,CUST-01660,Returning,West,In-store
TXN-005904,2024-12-01,SOUTH-03,Electronics,ELEC-1003,2,1058.32,11.66,CUST-00855,Returning,South,In-store
TXN-000343,2024-12-02,NORTH-03,Beauty,BEAU-4004,3,24.5,9.14,CUST-00323,Returning,North,Online
TXN-000634,2024-12-02,EAST-03,Sports,SPRT-5004,5,143.51,2.71,CUST-00167,Returning,East,In-store
TXN-001301,2024-12-02,EAST-01,Beauty,BEAU-4003,2,60.16,14.06,CUST-01480,Returning,East,Online
TXN-002851,2024-12-02,CENTRAL-01,Sports,SPRT-5004,2,58.38,1.05,CUST-01099,Returning,Central,In-store
TXN-004323,2024-12-02,WEST-03,Electronics,ELEC-1001,2,408.56,18.28,CUST-00948,Returning,West,Online
TXN-004448,2024-12-02,WEST-03,Home & Kitchen,HOME-2002,2,158.0,0.0,CUST-01072,Returning,West,In-store
TXN-004759,2024-12-02,SOUTH-03,Beauty,BEAU-4004,5,40.69,9.49,CUST-00821,Returning,South,Online
TXN-005993,2024-12-02,NORTH-01,Sports,SPRT-5004,3,86.98,1.72,CUST-01024,Returning,North,In-store
TXN-000201,2024-12-03,EAST-01,Electronics,ELEC-1003,3,1534.08,14.63,CUST-00024,New,East,In-store
TXN-000514,2024-12-03,SOUTH-03,Sports,SPRT-5004,2,59.0,0.0,CUST-01361,Returning,South,In-store
TXN-000964,2024-12-03,NORTH-02,Home & Kitchen,HOME-2002,1,69.85,11.58,CUST-00177,Returning,North,In-store
TXN-002200,2024-12-03,NORTH-01,Apparel,APP-3004,3,38.77,10.87,CUST-00843,Returning,North,In-store
TXN-002732,2024-12-03,EAST-01,Home & Kitchen,HOME-2003,2,207.34,19.95,CUST-00027,Returning,East,In-store
TXN-002974,2024-12-03,NORTH-01,Sports,SPRT-5001,2,99.63,0.35,CUST-00333,New,North,In-store
TXN-003606,2024-12-03,EAST-03,Electronics,ELEC-1002,3,265.33,1.18,CUST-01177,Returning,East,In-store
TXN-004582,2024-12-03,NORTH-01,Apparel,APP-3001,3,74.97,0.0,CUST-01783,New,North,In-store
TXN-004703,2024-12-03,NORTH-02,Apparel,APP-3001,1,24.76,0.93,CUST-01263,Returning,North,Online
TXN-005051,2024-12-03,NORTH-01,Beauty,BEAU-4003,2,70.0,0.0,CUST-01706,Returning,North,Online
TXN-004367,2024-12-04,EAST-03,Apparel,APP-3001,1,24.19,3.2,CUST-00251,Returning,East,In-store
TXN-000256,2024-12-05,WEST-02,Sports,SPRT-5003,3,324.99,8.97,CUST-00283,New,West,In-store
TXN-001718,2024-12-05,CENTRAL-01,Home & Kitchen,HOME-2003,4,518.0,0.0,CUST-00121,Returning,Central,In-store
TXN-002283,2024-12-05,CENTRAL-02,Apparel,APP-3004,6,87.0,0.0,CUST-00691,Returning,Central,In-store
TXN-002506,2024-12-05,WEST-01,Beauty,BEAU-4003,3,104.82,0.17,CUST-00525,Returning,West,In-store
TXN-004623,2024-12-05,CENTRAL-01,Home & Kitchen,HOME-2002,4,311.03,1.57,CUST-00059,Returning,Central,In-store
TXN-000454,2024-12-06,EAST-03,Apparel,APP-3002,1,39.89,0.24,CUST-00718,Returning,East,Online
TXN-000526,2024-12-06,CENTRAL-03,Home & Kitchen,HOME-2002,8,631.72,0.04,CUST-00766,Returning,Central,Online
TXN-001651,2024-12-06,EAST-03,Home & Kitchen,HOME-2001,2,62.58,10.57,CUST-00189,Returning,East,Online
TXN-002100,2024-12-06,EAST-03,Home & Kitchen,HOME-2001,4,128.94,7.87,CUST-01015,New,East,In-store
TXN-002799,2024-12-06,SOUTH-03,Sports,SPRT-5001,8,299.56,25.1,CUST-00763,Returning,South,In-store
TXN-003607,2024-12-06,CENTRAL-01,Beauty,BEAU-4002,2,43.98,2.26,CUST-01370,Returning,Central,Online
TXN-003715,2024-12-06,EAST-03,Sports,SPRT-5001,1,44.53,10.92,CUST-01567,Returning,East,Online
TXN-004244,2024-12-06,SOUTH-02,Apparel,APP-3004,1,12.07,16.78,CUST-01784,Returning,South,Online
TXN-005738,2024-12-06,WEST-01,Home & Kitchen,HOME-2004,5,99.95,0.0,CUST-00450,Returning,West,In-store
TXN-000360,2024-12-07,EAST-02,Electronics,ELEC-1001,3,716.72,4.43,CUST-00198,New,East,Online
TXN-001053,2024-12-07,CENTRAL-03,Sports,SPRT-5003,2,227.35,4.47,CUST-00601,Returning,Central,In-store
TXN-001864,2024-12-07,EAST-03,Apparel,APP-3003,10,555.58,5.83,CUST-01201,Returning,East,Online
TXN-002229,2024-12-07,EAST-02,Sports,SPRT-5002,1,89.37,0.69,CUST-01580,Returning,East,Online
TXN-003648,2024-12-07,EAST-02,Home & Kitchen,HOME-2003,1,108.72,16.04,CUST-00777,Returning,East,In-store
TXN-003946,2024-12-07,SOUTH-01,Electronics,ELEC-1003,2,952.46,20.5,CUST-00665,Returning,South,Online
TXN-004092,2024-12-07,SOUTH-03,Apparel,APP-3003,3,176.35,0.37,CUST-00773,Returning,South,Online
TXN-004364,2024-12-07,EAST-02,Home & Kitchen,HOME-2003,5,645.69,0.28,CUST-00104,Returning,East,In-store
TXN-005494,2024-12-07,WEST-03,Sports,SPRT-5004,8,212.48,9.97,CUST-01270,Returning,West,In-store
TXN-005536,2024-12-07,SOUTH-03,Apparel,APP-3004,8,112.13,3.34,CUST-00177,Returning,South,In-store
TXN-000438,2024-12-08,WEST-02,Home & Kitchen,HOME-2002,1,70.5,10.76,CUST-01366,Returning,West,In-store
TXN-000644,2024-12-08,WEST-02,Home & Kitchen,HOME-2004,2,34.44,13.85,CUST-01232,Returning,West,In-store
TXN-000797,2024-12-08,NORTH-02,Electronics,ELEC-1001,1,249.99,0.0,CUST-01001,Returning,North,In-store
TXN-001540,2024-12-08,EAST-02,Electronics,ELEC-1003,2,1170.68,2.28,CUST-01057,Returning,East,In-store
TXN-002381,2024-12-08,NORTH-02,Apparel,APP-3004,3,32.06,26.3,CUST-00462,Returning,North,In-store
TXN-003035,2024-12-08,CENTRAL-03,Sports,SPRT-5003,1,108.28,9.01,CUST-01520,Returning,Central,Online
TXN-003319,2024-12-08,CENTRAL-02,Electronics,ELEC-1002,8,671.05,6.28,CUST-00209,New,Central,Online
TXN-004434,2024-12-08,EAST-03,Apparel,APP-3004,8,95.75,17.46,CUST-00026,Returning,East,In-store
TXN-005621,2024-12-08,SOUTH-02,Apparel,APP-3003,6,344.53,2.68,CUST-00923,Returning,South,In-store
TXN-005824,2024-12-08,CENTRAL-03,Home & Kitchen,HOME-2002,3,213.76,9.81,CUST-00347,Returning,Central,Online
TXN-000060,2024-12-09,SOUTH-02,Beauty,BEAU-4001,2,25.98,0.0,CUST-01042,New,South,Online
TXN-000691,2024-12-09,CENTRAL-01,Beauty,BEAU-4003,3,103.06,1.85,CUST-00498,New,Central,Online
TXN-000886,2024-12-09,EAST-02,Sports,SPRT-5002,10,899.9,0.0,CUST-01381,Returning,East,In-store
TXN-001495,2024-12-09,EAST-01,Beauty,BEAU-4004,2,17.2,4.32,CUST-01336,Returning,East,Online
TXN-002094,2024-12-09,EAST-01,Beauty,BEAU-4004,8,52.82,26.56,CUST-00956,Returning,East,In-store
TXN-002343,2024-12-09,SOUTH-03,Home & Kitchen,HOME-2004,1,19.06,4.65,CUST-01367,Returning,South,In-store
TXN-002393,2024-12-09,CENTRAL-01,Apparel,APP-3001,2,44.88,10.2,CUST-01544,Returning,Central,Online
TXN-003195,2024-12-09,NORTH-01,Home & Kitchen,HOME-2001,2,69.65,0.47,CUST-00254,Returning,North,In-store
TXN-003209,2024-12-09,SOUTH-02,Sports,SPRT-5003,2,226.21,4.96,CUST-01184,Returning,South,In-store
TXN-004108,2024-12-09,WEST-01,Sports,SPRT-5002,5,449.95,0.0,CUST-00389,Returning,West,In-store
TXN-004392,2024-12-09,SOUTH-01,Apparel,APP-3002,4,146.67,8.31,CUST-01633,Returning,South,In-store
TXN-004747,2024-12-09,EAST-03,Home & Kitchen,HOME-2004,2,35.58,11.01,CUST-00632,Returning,East,In-store
TXN-005682,2024-12-09,WEST-02,Home & Kitchen,HOME-2001,1,27.09,22.57,CUST-01104,Returning,West,In-store
TXN-000871,2024-12-10,CENTRAL-01,Electronics,ELEC-1004,3,119.97,0.0,CUST-01684,New,Central,In-store
TXN-001815,2024-12-10,NORTH-02,Beauty,BEAU-4001,1,11.01,15.23,CUST-01723,New,North,In-store
TXN-001817,2024-12-10,EAST-01,Beauty,BEAU-4004,2,17.98,0.0,CUST-00144,New,East,In-store
TXN-001990,2024-12-10,NORTH-03,Beauty,BEAU-4004,3,26.83,0.52,CUST-00258,Returning,North,In-store
TXN-002780,2024-12-10,SOUTH-02,Electronics,ELEC-1004,4,143.72,10.15,CUST-00842,Returning,South,In-store
TXN-003895,2024-12-10,SOUTH-01,Beauty,BEAU-4003,2,69.72,0.4,CUST-01401,Returning,South,Online
TXN-004110,2024-12-10,CENTRAL-03,Apparel,APP-3001,5,99.08,20.71,CUST-00472,Returning,Central,Online
TXN-004724,2024-12-10,SOUTH-03,Sports,SPRT-5002,2,143.46,20.29,CUST-01546,Returning,South,Online
TXN-004952,2024-12-10,SOUTH-02,Electronics,ELEC-1001,4,937.13,6.28,CUST-00902,Returning,South,Online
TXN-005496,2024-12-10,NORTH-03,Apparel,APP-3003,4,232.98,1.28,CUST-00272,Returning,North,In-store
TXN-005702,2024-12-10,CENTRAL-02,Home & Kitchen,HOME-2001,1,28.7,17.98,CUST-01030,Returning,Central,Online
TXN-000544,2024-12-11,SOUTH-03,Apparel,APP-3004,2,29.0,0.0,CUST-00344,Returning,South,In-store
TXN-001262,2024-12-11,NORTH-03,Home & Kitchen,HOME-2003,4,518.0,0.0,CUST-01424,Returning,North,In-store
TXN-001915,2024-12-11,EAST-03,Sports,SPRT-5001,3,140.5,6.32,CUST-00393,Returning,East,In-store
TXN-001943,2024-12-11,CENTRAL-01,Home & Kitchen,HOME-2003,5,509.24,21.35,CUST-01246,Returning,Central,In-store
TXN-003692,2024-12-11,SOUTH-03,Apparel,APP-3004,1,12.21,15.81,CUST-00242,Returning,South,In-store
TXN-004150,2024-12-11,CENTRAL-02,Beauty,BEAU-4003,2,70.0,0.0,CUST-01186,Returning,Central,Online
TXN-004161,2024-12-11,CENTRAL-01,Apparel,APP-3004,10,145.0,0.0,CUST-00775,Returning,Central,In-store
TXN-000014,2024-12-12,EAST-01,Electronics,ELEC-1001,1,227.65,8.94,CUST-00614,Returning,East,In-store
TXN-000308,2024-12-12,EAST-02,Beauty,BEAU-4001,3,33.06,15.16,CUST-01789,New,East,In-store
TXN-001255,2024-12-12,EAST-03,Beauty,BEAU-4003,2,70.0,0.0,CUST-01156,Returning,East,In-store
TXN-002134,2024-12-12,WEST-03,Beauty,BEAU-4001,3,38.97,0.0,CUST-01118,Returning,West,Online
TXN-003553,2024-12-12,WEST-03,Apparel,APP-3004,2,29.0,0.0,CUST-01503,Returning,West,In-store
TXN-004105,2024-12-12,CENTRAL-01,Electronics,ELEC-1002,4,340.92,4.77,CUST-00828,Returning,Central,Online
TXN-004841,2024-12-12,NORTH-02,Home & Kitchen,HOME-2004,1,19.99,0.0,CUST-00355,Returning,North,Online
TXN-004964,2024-12-12,NORTH-03,Home & Kitchen,HOME-2002,3,237.0,0.0,CUST-01610,Returning,North,In-store
TXN-005081,2024-12-12,WEST-03,Electronics,ELEC-1004,2,63.05,21.17,CUST-01559,Returning,West,In-store
TXN-005125,2024-12-12,WEST-02,Apparel,APP-3003,2,103.67,12.14,CUST-01624,Returning,West,In-store
TXN-005901,2024-12-12,SOUTH-03,Beauty,BEAU-4002,3,64.84,3.95,CUST-00383,Returning,South,In-store
TXN-000165,2024-12-13,SOUTH-02,Apparel,APP-3004,2,22.04,23.99,CUST-00079,New,South,In-store
TXN-002855,2024-12-13,WEST-01,Electronics,ELEC-1003,6,2898.37,19.36,CUST-00175,Returning,West,In-store
TXN-003499,2024-12-13,NORTH-03,Beauty,BEAU-4001,5,53.34,17.88,CUST-01524,Returning,North,In-store
TXN-000282,2024-12-14,WEST-03,Electronics,ELEC-1002,5,383.43,14.32,CUST-01231,Returning,West,In-store
TXN-000639,2024-12-14,CENTRAL-03,Home & Kitchen,HOME-2002,2,147.15,6.87,CUST-01486,New,Central,In-store
TXN-001678,2024-12-14,CENTRAL-03,Beauty,BEAU-4001,2,25.04,3.62,CUST-00359,New,Central,Online
TXN-002288,2024-12-14,CENTRAL-03,Home & Kitchen,HOME-2002,3,237.0,0.0,CUST-00707,New,Central,In-store
TXN-002917,2024-12-14,NORTH-03,Electronics,ELEC-1004,2,79.98,0.0,CUST-01683,Returning,North,In-store
TXN-003104,2024-12-14,CENTRAL-03,Sports,SPRT-5002,2,179.98,0.0,CUST-00689,New,Central,In-store
TXN-003447,2024-12-14,CENTRAL-01,Electronics,ELEC-1002,1,82.93,7.34,CUST-00758,Returning,Central,In-store
TXN-003450,2024-12-14,WEST-03,Electronics,ELEC-1002,4,307.59,14.08,CUST-00051,Returning,West,In-store
TXN-004968,2024-12-14,WEST-01,Electronics,ELEC-1003,2,1098.28,8.32,CUST-00198,Returning,West,Online
TXN-005131,2024-12-14,EAST-01,Beauty,BEAU-4003,2,61.68,11.89,CUST-00580,New,East,In-store
TXN-005633,2024-12-14,CENTRAL-01,Apparel,APP-3003,2,115.28,2.31,CUST-00391,Returning,Central,In-store
TXN-000447,2024-12-15,WEST-02,Electronics,ELEC-1002,2,177.57,0.8,CUST-01438,Returning,West,In-store
TXN-001758,2024-12-15,CENTRAL-03,Beauty,BEAU-4003,2,70.0,0.0,CUST-01305,New,Central,Online
TXN-001984,2024-12-15,WEST-02,Apparel,APP-3004,3,41.49,4.63,CUST-00715,Returning,West,In-store
TXN-003679,2024-12-15,WEST-01,Sports,SPRT-5004,8,201.37,14.68,CUST-00667,Returning,West,In-store
TXN-005573,2024-12-15,SOUTH-02,Sports,SPRT-5001,2,91.35,8.63,CUST-00094,Returning,South,In-store
TXN-000682,2024-12-16,CENTRAL-01,Home & Kitchen,HOME-2003,2,259.0,0.0,CUST-00474,Returning,Central,In-store
TXN-003065,2024-12-16,CENTRAL-01,Home & Kitchen,HOME-2002,2,142.93,9.54,CUST-01436,Returning,Central,In-store
TXN-003470,2024-12-16,NORTH-02,Home & Kitchen,HOME-2002,4,297.34,5.91,CUST-00248,Returning,North,In-store
TXN-005111,2024-12-16,WEST-01,Beauty,BEAU-4003,1,33.27,4.93,CUST-00238,Returning,West,In-store
TXN-000996,2024-12-17,SOUTH-02,Home & Kitchen,HOME-2002,5,377.02,4.55,CUST-00145,Returning,South,In-store
TXN-001328,2024-12-17,SOUTH-03,Apparel,APP-3003,5,276.16,6.39,CUST-01153,Returning,South,In-store
TXN-001949,2024-12-17,EAST-01,Beauty,BEAU-4001,1,11.51,11.43,CUST-01662,Returning,East,In-store
TXN-002287,2024-12-17,CENTRAL-01,Apparel,APP-3002,1,39.99,0.0,CUST-01141,New,Central,In-store
TXN-002637,2024-12-17,CENTRAL-02,Apparel,APP-3001,1,24.52,1.86,CUST-01216,New,Central,In-store
TXN-002868,2024-12-17,CENTRAL-02,Electronics,ELEC-1004,2,74.84,6.42,CUST-01213,Returning,Central,Online
TXN-003297,2024-12-17,WEST-03,Apparel,APP-3002,2,73.81,7.71,CUST-01434,New,West,In-store
TXN-003429,2024-12-17,CENTRAL-01,Sports,SPRT-5002,2,157.96,12.23,CUST-00460,Returning,Central,In-store
TXN-003976,2024-12-17,WEST-01,Beauty,BEAU-4004,4,31.22,13.18,CUST-01361,Returning,West,Online
TXN-004650,2024-12-17,NORTH-01,Apparel,APP-3004,1,12.32,15.04,CUST-00786,Returning,North,In-store
TXN-005169,2024-12-17,SOUTH-01,Sports,SPRT-5002,4,327.36,9.06,CUST-00737,Returning,South,In-store
TXN-001392,2024-12-18,EAST-01,Sports,SPRT-5003,1,95.97,19.35,CUST-00916,Returning,East,In-store
TXN-001435,2024-12-18,NORTH-03,Apparel,APP-3002,4,128.09,19.93,CUST-00648,Returning,North,In-store
TXN-001831,2024-12-18,SOUTH-03,Beauty,BEAU-4003,1,32.62,6.8,CUST-00006,Returning,South,In-store
TXN-002656,2024-12-18,NORTH-01,Electronics,ELEC-1004,2,76.6,4.23,CUST-00645,Returning,North,In-store
TXN-002854,2024-12-18,NORTH-02,Beauty,BEAU-4003,5,175.0,0.0,CUST-00950,Returning,North,Online
TXN-003452,2024-12-18,NORTH-03,Sports,SPRT-5002,3,231.39,14.29,CUST-01682,New,North,Online
TXN-003736,2024-12-18,CENTRAL-03,Electronics,ELEC-1004,2,79.98,0.0,CUST-01110,Returning,Central,Online
TXN-000234,2024-12-19,WEST-02,Apparel,APP-3002,3,101.43,15.45,CUST-00253,Returning,West,Online
TXN-003916,2024-12-19,EAST-01,Sports,SPRT-5003,4,411.06,13.64,CUST-00716,New,East,In-store
TXN-004115,2024-12-19,NORTH-02,Home & Kitchen,HOME-2002,6,474.0,0.0,CUST-00736,New,North,Online
TXN-004494,2024-12-19,EAST-01,Beauty,BEAU-4001,3,38.8,0.43,CUST-01716,New,East,In-store
TXN-005325,2024-12-19,WEST-02,Electronics,ELEC-1002,1,67.79,24.26,CUST-00325,Returning,West,In-store
TXN-005338,2024-12-19,NORTH-01,Sports,SPRT-5001,5,229.01,8.38,CUST-01582,Returning,North,Online
TXN-000264,2024-12-20,WEST-03,Beauty,BEAU-4001,3,33.49,14.06,CUST-00852,Returning,West,In-store
TXN-003519,2024-12-20,WEST-03,Apparel,APP-3004,1,13.17,9.14,CUST-01530,Returning,West,Online
TXN-004279,2024-12-20,SOUTH-02,Home & Kitchen,HOME-2004,5,99.95,0.0,CUST-00341,Returning,South,In-store
TXN-004858,2024-12-20,WEST-03,Home & Kitchen,HOME-2002,5,313.37,20.67,CUST-00725,Returning,West,In-store
TXN-004947,2024-12-20,SOUTH-02,Electronics,ELEC-1003,6,3578.13,0.44,CUST-00616,New,South,In-store
TXN-005299,2024-12-20,CENTRAL-03,Beauty,BEAU-4004,1,8.99,0.0,CUST-00934,Returning,Central,In-store
TXN-005383,2024-12-20,NORTH-01,Sports,SPRT-5001,2,94.09,5.89,CUST-00449,Returning,North,In-store
TXN-005926,2024-12-20,NORTH-02,Electronics,ELEC-1004,4,153.68,3.93,CUST-00591,New,North,In-store
TXN-005969,2024-12-20,WEST-01,Apparel,APP-3002,10,399.9,0.0,CUST-00147,Returning,West,In-store
TXN-000333,2024-12-21,SOUTH-03,Electronics,ELEC-1004,3,119.51,0.38,CUST-01254,Returning,South,In-store
TXN-001012,2024-12-21,SOUTH-03,Sports,SPRT-5003,1,100.12,15.86,CUST-00372,Returning,South,Online
TXN-001859,2024-12-21,NORTH-01,Electronics,ELEC-1001,4,894.86,10.51,CUST-00125,Returning,North,In-store
TXN-002152,2024-12-21,EAST-01,Apparel,APP-3004,1,13.02,10.19,CUST-00069,New,East,In-store
TXN-002431,2024-12-21,WEST-03,Sports,SPRT-5003,3,337.68,5.41,CUST-01726,New,West,Online
TXN-002610,2024-12-21,NORTH-03,Beauty,BEAU-4003,3,86.26,17.85,CUST-01066,Returning,North,Online
TXN-002815,2024-12-21,WEST-01,Beauty,BEAU-4001,2,23.19,10.75,CUST-00345,New,West,In-store
TXN-003436,2024-12-21,WEST-02,Home & Kitchen,HOME-2001,1,34.95,0.12,CUST-00283,Returning,West,In-store
TXN-002072,2024-12-22,WEST-03,Apparel,APP-3001,3,74.97,0.0,CUST-01182,Returning,West,Online
TXN-003076,2024-12-22,CENTRAL-02,Apparel,APP-3004,1,13.23,8.73,CUST-00849,Returning,Central,Online
TXN-004404,2024-12-22,CENTRAL-02,Apparel,APP-3004,1,13.92,4.0,CUST-01563,New,Central,Online
TXN-004442,2024-12-22,WEST-03,Home & Kitchen,HOME-2003,3,355.37,8.53,CUST-01733,New,West,Online
TXN-004490,2024-12-22,NORTH-02,Beauty,BEAU-4003,3,96.02,8.55,CUST-00268,Returning,North,In-store
TXN-000126,2024-12-23,SOUTH-03,Home & Kitchen,HOME-2004,5,99.95,0.0,CUST-00054,Returning,South,Online
TXN-001838,2024-12-23,SOUTH-01,Home & Kitchen,HOME-2003,2,248.12,4.2,CUST-00791,Returning,South,In-store
TXN-002054,2024-12-23,CENTRAL-01,Electronics,ELEC-1003,2,956.85,20.13,CUST-00932,Returning,Central,In-store
TXN-002095,2024-12-23,EAST-03,Home & Kitchen,HOME-2004,1,19.91,0.42,CUST-00957,New,East,Online
TXN-002256,2024-12-23,WEST-01,Beauty,BEAU-4002,5,112.5,0.0,CUST-00287,Returning,West,In-store
TXN-002776,2024-12-23,NORTH-02,Apparel,APP-3003,3,152.48,13.85,CUST-01660,Returning,North,In-store
TXN-003350,2024-12-23,WEST-03,Home & Kitchen,HOME-2001,3,100.7,4.07,CUST-01219,Returning,West,In-store
TXN-003375,2024-12-23,EAST-01,Apparel,APP-3004,1,14.11,2.66,CUST-00135,New,East,In-store
TXN-005022,2024-12-23,CENTRAL-03,Apparel,APP-3002,2,72.18,9.76,CUST-00805,New,Central,In-store
TXN-005513,2024-12-23,CENTRAL-01,Apparel,APP-3002,2,73.35,8.29,CUST-00170,Returning,Central,Online
TXN-001550,2024-12-24,WEST-03,Apparel,APP-3003,2,118.0,0.0,CUST-01209,New,West,In-store
TXN-001649,2024-12-24,EAST-02,Electronics,ELEC-1004,6,215.74,10.09,CUST-01108,Returning,East,In-store
TXN-003333,2024-12-24,CENTRAL-02,Apparel,APP-3004,5,61.44,15.25,CUST-00583,Returning,Central,In-store
TXN-004663,2024-12-24,WEST-02,Apparel,APP-3001,6,149.94,0.0,CUST-00395,Returning,West,In-store
TXN-005869,2024-12-24,CENTRAL-03,Home & Kitchen,HOME-2001,6,209.15,0.38,CUST-01538,New,Central,Online
TXN-000216,2024-12-25,SOUTH-01,Sports,SPRT-5002,3,239.62,11.24,CUST-01760,Returning,South,In-store
TXN-001642,2024-12-25,EAST-01,Apparel,APP-3004,1,11.5,20.71,CUST-00973,Returning,East,Online
TXN-001750,2024-12-25,SOUTH-01,Sports,SPRT-5004,2,57.73,2.16,CUST-01464,Returning,South,In-store
TXN-001895,2024-12-25,WEST-01,Home & Kitchen,HOME-2001,1,34.99,0.0,CUST-00435,Returning,West,Online
TXN-003219,2024-12-25,WEST-01,Electronics,ELEC-1003,1,596.52,0.41,CUST-00676,Returning,West,In-store
TXN-003733,2024-12-25,CENTRAL-01,Beauty,BEAU-4003,1,31.36,10.4,CUST-01135,Returning,Central,In-store
TXN-004176,2024-12-25,EAST-01,Beauty,BEAU-4004,3,26.71,0.97,CUST-00164,New,East,Online
TXN-005152,2024-12-25,SOUTH-02,Sports,SPRT-5004,5,147.5,0.0,CUST-01691,New,South,Online
TXN-005530,2024-12-25,WEST-03,Apparel,APP-3002,3,107.28,10.58,CUST-00484,Returning,West,Online
TXN-000812,2024-12-26,WEST-02,Beauty,BEAU-4003,6,196.83,6.27,CUST-01138,Returning,West,In-store
TXN-002107,2024-12-26,WEST-03,Electronics,ELEC-1004,4,159.96,0.0,CUST-01735,Returning,West,In-store
TXN-002541,2024-12-26,WEST-03,Beauty,BEAU-4002,1,21.2,5.76,CUST-00849,Returning,West,In-store
TXN-003434,2024-12-26,SOUTH-03,Home & Kitchen,HOME-2002,1,67.76,14.23,CUST-01699,Returning,South,Online
TXN-003474,2024-12-26,CENTRAL-02,Home & Kitchen,HOME-2004,3,51.13,14.75,CUST-01225,Returning,Central,In-store
TXN-004435,2024-12-26,WEST-02,Beauty,BEAU-4003,1,34.72,0.81,CUST-01645,Returning,West,In-store
TXN-005309,2024-12-26,CENTRAL-02,Beauty,BEAU-4002,2,35.72,20.63,CUST-00333,Returning,Central,Online
TXN-000034,2024-12-27,SOUTH-02,Home & Kitchen,HOME-2003,1,116.77,9.83,CUST-00135,Returning,South,Online
TXN-000594,2024-12-27,CENTRAL-03,Home & Kitchen,HOME-2001,1,31.04,11.3,CUST-01224,Returning,Central,Online
TXN-002212,2024-12-27,CENTRAL-02,Electronics,ELEC-1002,1,82.14,8.23,CUST-00266,Returning,Central,In-store
TXN-003601,2024-12-27,NORTH-03,Sports,SPRT-5002,2,179.98,0.0,CUST-01090,Returning,North,In-store
TXN-004008,2024-12-27,CENTRAL-03,Home & Kitchen,HOME-2004,1,16.48,17.57,CUST-01448,Returning,Central,In-store
TXN-004058,2024-12-27,CENTRAL-02,Beauty,BEAU-4004,1,8.99,0.0,CUST-01490,Returning,Central,In-store
TXN-004127,2024-12-27,SOUTH-03,Apparel,APP-3003,3,150.34,15.06,CUST-00391,Returning,South,Online
TXN-004767,2024-12-27,SOUTH-02,Electronics,ELEC-1004,5,190.2,4.88,CUST-00421,Returning,South,In-store
TXN-005337,2024-12-27,CENTRAL-01,Sports,SPRT-5003,1,112.03,5.86,CUST-00152,Returning,Central,Online
TXN-005982,2024-12-27,SOUTH-03,Home & Kitchen,HOME-2002,5,351.84,10.93,CUST-00256,Returning,South,In-store
TXN-000101,2024-12-28,SOUTH-03,Sports,SPRT-5003,3,321.45,9.96,CUST-01566,Returning,South,In-store
TXN-000752,2024-12-28,CENTRAL-02,Beauty,BEAU-4004,1,8.91,0.86,CUST-01663,Returning,Central,Online
TXN-004993,2024-12-28,WEST-01,Apparel,APP-3002,1,36.45,8.84,CUST-00381,New,West,In-store
TXN-005528,2024-12-28,CENTRAL-01,Beauty,BEAU-4003,6,194.92,7.18,CUST-01222,Returning,Central,In-store
TXN-005539,2024-12-28,EAST-02,Sports,SPRT-5002,2,177.88,1.17,CUST-00390,Returning,East,In-store
TXN-000023,2024-12-29,NORTH-02,Apparel,APP-3004,1,12.95,10.7,CUST-01112,Returning,North,In-store
TXN-000179,2024-12-29,NORTH-03,Electronics,ELEC-1003,3,1585.16,11.79,CUST-00302,Returning,North,In-store
TXN-000465,2024-12-29,SOUTH-02,Apparel,APP-3001,2,44.91,10.15,CUST-00290,New,South,Online
TXN-000977,2024-12-29,CENTRAL-02,Sports,SPRT-5004,4,94.68,19.77,CUST-01703,Returning,Central,In-store
TXN-002273,2024-12-29,CENTRAL-02,Beauty,BEAU-4003,6,176.02,16.18,CUST-00623,Returning,Central,In-store
TXN-002318,2024-12-29,NORTH-03,Electronics,ELEC-1002,1,85.25,4.75,CUST-00890,New,North,In-store
TXN-002625,2024-12-29,EAST-01,Home & Kitchen,HOME-2003,1,101.32,21.76,CUST-01220,Returning,East,In-store
TXN-003509,2024-12-29,NORTH-02,Beauty,BEAU-4004,1,6.87,23.63,CUST-01121,Returning,North,In-store
TXN-003619,2024-12-29,WEST-02,Apparel,APP-3002,4,158.07,1.18,CUST-00023,Returning,West,In-store
TXN-004884,2024-12-29,SOUTH-03,Home & Kitchen,HOME-2001,3,94.79,9.7,CUST-00564,Returning,South,In-store
TXN-005182,2024-12-29,WEST-03,Sports,SPRT-5003,4,431.45,9.36,CUST-01510,Returning,West,Online
TXN-005318,2024-12-29,CENTRAL-03,Home & Kitchen,HOME-2001,1,30.21,13.67,CUST-00095,Returning,Central,Online
TXN-005764,2024-12-29,NORTH-01,Apparel,APP-3002,3,94.62,21.13,CUST-01122,Returning,North,Online
TXN-005775,2024-12-29,SOUTH-03,Beauty,BEAU-4004,3,26.88,0.33,CUST-01447,Returning,South,In-store
TXN-005826,2024-12-29,WEST-03,Beauty,BEAU-4001,4,51.45,0.98,CUST-00049,Returning,West,Online
TXN-000249,2024-12-30,NORTH-02,Electronics,ELEC-1001,1,247.54,0.98,CUST-00504,Returning,North,In-store
TXN-000412,2024-12-30,NORTH-02,Apparel,APP-3002,2,71.12,11.08,CUST-00492,Returning,North,Online
TXN-000720,2024-12-30,NORTH-02,Apparel,APP-3001,1,22.56,9.73,CUST-01220,Returning,North,In-store
TXN-000864,2024-12-30,CENTRAL-02,Beauty,BEAU-4002,2,45.0,0.0,CUST-01070,Returning,Central,In-store
TXN-001717,2024-12-30,CENTRAL-03,Electronics,ELEC-1002,3,244.87,8.8,CUST-01609,Returning,Central,In-store
TXN-003901,2024-12-30,WEST-03,Home & Kitchen,HOME-2003,1,114.62,11.49,CUST-01619,Returning,West,In-store
TXN-004277,2024-12-30,CENTRAL-01,Home & Kitchen,HOME-2002,1,79.0,0.0,CUST-01693,Returning,Central,In-store
TXN-004565,2024-12-30,CENTRAL-02,Apparel,APP-3001,3,74.97,0.0,CUST-00486,New,Central,In-store
TXN-005038,2024-12-30,EAST-02,Apparel,APP-3002,4,114.14,28.64,CUST-00847,Returning,East,Online
TXN-005358,2024-12-30,NORTH-02,Home & Kitchen,HOME-2003,1,93.1,28.1,CUST-00592,Returning,North,In-store
TXN-005534,2024-12-30,SOUTH-03,Beauty,BEAU-4004,5,41.97,6.64,CUST-01070,Returning,South,Online
TXN-000552,2024-12-31,EAST-01,Electronics,ELEC-1004,2,79.98,0.0,CUST-00356,New,East,In-store
TXN-001983,2024-12-31,WEST-02,Home & Kitchen,HOME-2001,2,65.46,6.45,CUST-01561,Returning,West,In-store
TXN-003103,2024-12-31,NORTH-03,Apparel,APP-3003,2,116.88,0.95,CUST-01796,Returning,North,In-store
TXN-003521,2024-12-31,CENTRAL-01,Apparel,APP-3001,1,24.99,0.0,CUST-00853,Returning,Central,In-store
TXN-004389,2024-12-31,SOUTH-03,Apparel,APP-3003,4,224.83,4.73,CUST-00326,New,South,Online
TXN-004815,2024-12-31,CENTRAL-03,Electronics,ELEC-1002,1,73.2,18.21,CUST-00961,Returning,Central,Online
TXN-004938,2024-12-31,WEST-01,Sports,SPRT-5001,2,90.03,9.95,CUST-01533,New,West,Online
TXN-005965,2024-12-31,WEST-02,Sports,SPRT-5004,3,83.76,5.36,CUST-01225,Returning,West,Online
TXN-000853,2025-01-01,NORTH-02,Home & Kitchen,HOME-2004,1,19.99,0.0,CUST-00724,Returning,North,In-store
TXN-001274,2025-01-01,CENTRAL-01,Apparel,APP-3003,2,118.0,0.0,CUST-01557,Returning,Central,In-store
TXN-002120,2025-01-01,CENTRAL-01,Beauty,BEAU-4002,2,40.49,10.02,CUST-01246,Returning,Central,Online
TXN-002582,2025-01-01,NORTH-03,Apparel,APP-3004,1,13.14,9.38,CUST-01135,Returning,North,In-store
TXN-003852,2025-01-01,WEST-03,Sports,SPRT-5001,2,80.43,19.55,CUST-00921,New,West,In-store
TXN-004159,2025-01-01,NORTH-03,Electronics,ELEC-1004,4,141.31,11.66,CUST-00368,Returning,North,In-store
TXN-004306,2025-01-01,EAST-03,Sports,SPRT-5004,3,76.96,13.04,CUST-00469,Returning,East,In-store
TXN-004751,2025-01-01,EAST-02,Home & Kitchen,HOME-2004,8,118.39,25.97,CUST-00424,Returning,East,Online
TXN-001476,2025-01-02,NORTH-03,Electronics,ELEC-1003,3,1699.25,5.44,CUST-00732,Returning,North,In-store
TXN-001511,2025-01-02,EAST-01,Electronics,ELEC-1004,4,155.43,2.83,CUST-00143,Returning,East,In-store
TXN-001671,2025-01-02,SOUTH-03,Apparel,APP-3003,1,45.07,23.6,CUST-00522,Returning,South,In-store
TXN-002034,2025-01-02,CENTRAL-01,Apparel,APP-3003,6,321.03,9.31,CUST-00290,Returning,Central,In-store
TXN-002056,2025-01-02,EAST-02,Electronics,ELEC-1003,3,1729.23,3.77,CUST-00637,Returning,East,Online
TXN-002525,2025-01-02,WEST-03,Apparel,APP-3002,3,100.28,16.41,CUST-01402,New,West,In-store
TXN-003397,2025-01-02,SOUTH-01,Apparel,APP-3002,2,62.71,21.59,CUST-01750,New,South,In-store
TXN-005519,2025-01-02,WEST-01,Apparel,APP-3001,2,49.98,0.0,CUST-00536,Returning,West,In-store
TXN-001711,2025-01-03,SOUTH-03,Apparel,APP-3004,2,20.07,30.8,CUST-00019,Returning,South,Online
TXN-002336,2025-01-03,NORTH-01,Apparel,APP-3003,1,56.04,5.01,CUST-01604,Returning,North,In-store
TXN-002630,2025-01-03,CENTRAL-02,Beauty,BEAU-4001,1,10.28,20.88,CUST-00714,Returning,Central,Online
TXN-003372,2025-01-03,SOUTH-02,Beauty,BEAU-4003,4,140.0,0.0,CUST-00573,Returning,South,Online
TXN-004030,2025-01-03,WEST-01,Electronics,ELEC-1004,2,64.66,19.15,CUST-00720,Returning,West,In-store
TXN-005875,2025-01-03,EAST-03,Beauty,BEAU-4004,2,15.24,15.26,CUST-00675,Returning,East,In-store
TXN-000713,2025-01-04,WEST-02,Beauty,BEAU-4002,1,22.26,1.09,CUST-00400,New,West,In-store
TXN-001040,2025-01-04,WEST-03,Beauty,BEAU-4003,1,35.0,0.0,CUST-00344,Returning,West,Online
TXN-001098,2025-01-04,SOUTH-03,Electronics,ELEC-1004,5,171.02,14.47,CUST-00289,Returning,South,Online
TXN-001442,2025-01-04,CENTRAL-01,Electronics,ELEC-1001,1,249.99,0.0,CUST-00730,Returning,Central,In-store
TXN-001900,2025-01-04,SOUTH-02,Sports,SPRT-5002,1,65.79,26.9,CUST-00100,Returning,South,Online
TXN-002906,2025-01-04,NORTH-03,Home & Kitchen,HOME-2001,2,62.94,10.06,CUST-00679,Returning,North,In-store
TXN-003154,2025-01-04,CENTRAL-02,Electronics,ELEC-1003,4,1938.02,19.11,CUST-00170,Returning,Central,In-store
TXN-003827,2025-01-04,CENTRAL-03,Beauty,BEAU-4003,4,102.07,27.09,CUST-01270,Returning,Central,In-store
TXN-004114,2025-01-04,WEST-01,Electronics,ELEC-1003,2,1145.77,4.36,CUST-01023,Returning,West,Online
TXN-000151,2025-01-05,NORTH-03,Home & Kitchen,HOME-2003,1,128.42,0.83,CUST-00685,Returning,North,In-store
TXN-001058,2025-01-05,NORTH-02,Home & Kitchen,HOME-2003,2,259.0,0.0,CUST-01748,Returning,North,In-store
TXN-001684,2025-01-05,NORTH-01,Beauty,BEAU-4004,1,8.99,0.0,CUST-00251,Returning,North,In-store
TXN-001985,2025-01-05,NORTH-03,Electronics,ELEC-1001,1,249.42,0.23,CUST-01424,Returning,North,In-store
TXN-002680,2025-01-05,WEST-03,Apparel,APP-3003,3,167.73,5.24,CUST-01734,Returning,West,Online
TXN-004004,2025-01-05,NORTH-03,Electronics,ELEC-1003,4,1944.49,18.84,CUST-01426,Returning,North,In-store
TXN-004449,2025-01-05,NORTH-02,Apparel,APP-3001,1,22.29,10.8,CUST-00671,Returning,North,Online
TXN-004768,2025-01-05,NORTH-01,Apparel,APP-3002,1,36.19,9.5,CUST-00621,Returning,North,Online
TXN-004781,2025-01-05,WEST-02,Apparel,APP-3002,2,72.91,8.84,CUST-01361,Returning,West,Online
TXN-000009,2025-01-06,SOUTH-02,Home & Kitchen,HOME-2004,3,44.38,25.99,CUST-01437,Returning,South,In-store
TXN-000022,2025-01-06,NORTH-02,Apparel,APP-3001,4,86.31,13.65,CUST-01427,Returning,North,In-store
TXN-000131,2025-01-06,WEST-03,Electronics,ELEC-1002,1,88.66,0.94,CUST-01540,Returning,West,In-store
TXN-000961,2025-01-06,NORTH-01,Sports,SPRT-5001,1,41.29,17.4,CUST-01763,Returning,North,Online
TXN-001903,2025-01-06,CENTRAL-03,Apparel,APP-3001,1,24.99,0.0,CUST-00225,Returning,Central,Online
TXN-002186,2025-01-06,WEST-03,Home & Kitchen,HOME-2001,1,34.67,0.91,CUST-00826,Returning,West,In-store
TXN-003277,2025-01-06,SOUTH-01,Home & Kitchen,HOME-2001,1,34.3,1.99,CUST-00098,Returning,South,In-store
TXN-005761,2025-01-06,WEST-01,Sports,SPRT-5003,6,679.69,4.8,CUST-00143,Returning,West,Online
TXN-003206,2025-01-07,NORTH-03,Sports,SPRT-5004,1,29.13,1.27,CUST-00572,Returning,North,In-store
TXN-004770,2025-01-07,SOUTH-02,Electronics,ELEC-1003,2,1192.49,0.46,CUST-01601,New,South,Online
TXN-004773,2025-01-07,SOUTH-03,Electronics,ELEC-1001,1,212.88,14.85,CUST-01757,Returning,South,Online
TXN-005352,2025-01-07,SOUTH-03,Electronics,ELEC-1002,2,158.06,11.7,CUST-00396,Returning,South,In-store
TXN-001027,2025-01-08,EAST-03,Sports,SPRT-5002,3,267.0,1.1,CUST-01509,Returning,East,In-store
TXN-001050,2025-01-08,CENTRAL-02,Sports,SPRT-5002,2,146.29,18.72,CUST-00936,Returning,Central,In-store
TXN-001999,2025-01-08,NORTH-03,Apparel,APP-3002,1,39.47,1.3,CUST-00358,Returning,North,In-store
TXN-002132,2025-01-08,NORTH-01,Beauty,BEAU-4002,4,89.07,1.03,CUST-00109,Returning,North,In-store
TXN-004194,2025-01-08,CENTRAL-01,Apparel,APP-3001,2,45.03,9.89,CUST-00446,Returning,Central,Online
TXN-004365,2025-01-08,CENTRAL-01,Beauty,BEAU-4001,1,10.36,20.21,CUST-01584,New,Central,Online
TXN-004571,2025-01-08,SOUTH-01,Beauty,BEAU-4001,2,23.09,11.14,CUST-00734,Returning,South,In-store
TXN-005010,2025-01-08,NORTH-02,Apparel,APP-3003,6,288.75,18.43,CUST-00509,Returning,North,In-store
TXN-005861,2025-01-08,WEST-03,Home & Kitchen,HOME-2003,10,1233.58,4.74,CUST-00288,Returning,West,In-store
TXN-000134,2025-01-09,NORTH-03,Electronics,ELEC-1003,10,5334.81,10.94,CUST-01361,Returning,North,In-store
TXN-000194,2025-01-09,WEST-03,Electronics,ELEC-1001,3,671.47,10.47,CUST-01260,New,West,In-store
TXN-000260,2025-01-09,WEST-03,Beauty,BEAU-4003,1,30.03,14.19,CUST-00720,Returning,West,Online
TXN-000345,2025-01-09,NORTH-03,Beauty,BEAU-4002,3,67.06,0.64,CUST-00619,Returning,North,Online
TXN-002658,2025-01-09,NORTH-03,Electronics,ELEC-1001,2,420.44,15.91,CUST-00779,Returning,North,In-store
TXN-002998,2025-01-09,SOUTH-02,Apparel,APP-3003,3,162.35,8.28,CUST-00784,Returning,South,Online
TXN-005843,2025-01-09,CENTRAL-03,Apparel,APP-3001,8,198.16,0.88,CUST-00429,New,Central,In-store
TXN-000443,2025-01-10,SOUTH-03,Electronics,ELEC-1002,2,156.37,12.64,CUST-01428,Returning,South,In-store
TXN-001168,2025-01-10,EAST-02,Apparel,APP-3001,1,24.99,0.0,CUST-01270,Returning,East,Online
TXN-001828,2025-01-10,CENTRAL-01,Beauty,BEAU-4003,3,100.37,4.41,CUST-01030,Returning,Central,In-store
TXN-002011,2025-01-10,CENTRAL-03,Electronics,ELEC-1001,8,1999.92,0.0,CUST-00638,Returning,Central,In-store
TXN-002555,2025-01-10,EAST-02,Apparel,APP-3002,6,239.94,0.0,CUST-01526,New,East,In-store
TXN-003224,2025-01-10,EAST-03,Sports,SPRT-5002,1,85.12,5.41,CUST-00559,Returning,East,Online
TXN-004698,2025-01-10,EAST-01,Apparel,APP-3001,1,23.74,4.99,CUST-00079,Returning,East,In-store
TXN-004845,2025-01-10,EAST-01,Home & Kitchen,HOME-2001,3,86.91,17.2,CUST-00348,Returning,East,Online
TXN-000062,2025-01-11,NORTH-02,Beauty,BEAU-4004,1,8.99,0.02,CUST-00431,Returning,North,In-store
TXN-000399,2025-01-11,WEST-02,Apparel,APP-3002,5,199.95,0.0,CUST-01264,Returning,West,In-store
TXN-000538,2025-01-11,EAST-01,Home & Kitchen,HOME-2003,2,234.75,9.36,CUST-00830,Returning,East,In-store
TXN-000775,2025-01-11,WEST-01,Apparel,APP-3002,1,39.99,0.0,CUST-01788,Returning,West,In-store
TXN-001428,2025-01-11,WEST-01,Apparel,APP-3002,3,103.37,13.84,CUST-01063,Returning,West,In-store
TXN-001636,2025-01-11,NORTH-02,Apparel,APP-3003,2,103.57,12.23,CUST-01261,Returning,North,In-store
TXN-001930,2025-01-11,SOUTH-02,Beauty,BEAU-4002,1,21.37,5.02,CUST-00995,Returning,South,Online
TXN-002594,2025-01-11,WEST-03,Home & Kitchen,HOME-2004,3,47.53,20.74,CUST-01168,Returning,West,In-store
TXN-002738,2025-01-11,CENTRAL-02,Sports,SPRT-5003,2,238.0,0.0,CUST-00531,Returning,Central,In-store
TXN-003993,2025-01-11,WEST-03,Electronics,ELEC-1001,1,234.99,6.0,CUST-00874,Returning,West,In-store
TXN-005191,2025-01-11,NORTH-03,Beauty,BEAU-4001,3,35.82,8.08,CUST-00628,Returning,North,In-store
TXN-005545,2025-01-11,SOUTH-03,Electronics,ELEC-1001,4,993.25,0.67,CUST-00520,New,South,In-store
TXN-000205,2025-01-12,CENTRAL-01,Electronics,ELEC-1002,1,89.5,0.0,CUST-00781,Returning,Central,Online
TXN-000531,2025-01-12,CENTRAL-01,Electronics,ELEC-1002,4,319.86,10.65,CUST-00953,New,Central,In-store
TXN-001356,2025-01-12,NORTH-01,Apparel,APP-3004,2,27.82,4.08,CUST-01511,Returning,North,In-store
TXN-001819,2025-01-12,SOUTH-03,Beauty,BEAU-4001,3,36.57,6.15,CUST-01364,Returning,South,In-store
TXN-002810,2025-01-12,SOUTH-03,Electronics,ELEC-1003,2,997.95,16.7,CUST-01573,Returning,South,In-store
TXN-002844,2025-01-12,EAST-02,Apparel,APP-3001,1,22.34,10.6,CUST-01263,Returning,East,Online
TXN-003368,2025-01-12,WEST-02,Beauty,BEAU-4001,1,12.39,4.61,CUST-00622,Returning,West,In-store
TXN-003437,2025-01-12,NORTH-02,Apparel,APP-3003,1,46.83,20.63,CUST-01219,Returning,North,In-store
TXN-003639,2025-01-12,WEST-01,Beauty,BEAU-4004,4,34.46,4.17,CUST-00747,Returning,West,In-store
TXN-003814,2025-01-12,WEST-03,Beauty,BEAU-4002,3,54.69,18.98,CUST-00557,Returning,West,In-store
TXN-005179,2025-01-12,WEST-02,Sports,SPRT-5002,4,292.61,18.71,CUST-00928,Returning,West,In-store
TXN-001357,2025-01-13,WEST-01,Electronics,ELEC-1001,1,241.81,3.27,CUST-00975,Returning,West,In-store
TXN-001486,2025-01-13,SOUTH-02,Electronics,ELEC-1004,8,285.39,10.79,CUST-01209,Returning,South,In-store
TXN-001700,2025-01-13,SOUTH-02,Electronics,ELEC-1001,2,498.59,0.28,CUST-00840,Returning,South,Online
TXN-004024,2025-01-13,CENTRAL-01,Apparel,APP-3003,6,298.94,15.55,CUST-00263,New,Central,In-store
TXN-005114,2025-01-13,EAST-02,Home & Kitchen,HOME-2003,1,124.07,4.19,CUST-00082,Returning,East,Online
TXN-000995,2025-01-14,SOUTH-01,Electronics,ELEC-1004,1,36.52,8.67,CUST-00104,Returning,South,Online
TXN-003148,2025-01-14,NORTH-01,Home & Kitchen,HOME-2002,1,79.0,0.0,CUST-00827,Returning,North,In-store
TXN-003584,2025-01-14,CENTRAL-01,Electronics,ELEC-1004,3,83.78,30.17,CUST-01206,Returning,Central,In-store
TXN-004502,2025-01-14,SOUTH-03,Sports,SPRT-5001,6,295.02,1.64,CUST-01619,Returning,South,In-store
TXN-004566,2025-01-14,SOUTH-03,Home & Kitchen,HOME-2003,3,382.9,1.44,CUST-00007,Returning,South,In-store
TXN-005728,2025-01-14,EAST-01,Sports,SPRT-5004,1,26.04,11.74,CUST-00053,Returning,East,Online
TXN-005731,2025-01-14,NORTH-03,Beauty,BEAU-4003,2,62.81,10.27,CUST-00927,Returning,North,Online
TXN-005768,2025-01-14,CENTRAL-03,Home & Kitchen,HOME-2004,2,38.47,3.78,CUST-00668,Returning,Central,In-store
TXN-001140,2025-01-15,WEST-03,Apparel,APP-3002,3,108.73,9.37,CUST-01200,Returning,West,Online
TXN-002129,2025-01-15,EAST-01,Home & Kitchen,HOME-2004,2,35.9,10.19,CUST-00274,New,East,In-store
TXN-002441,2025-01-15,CENTRAL-02,Electronics,ELEC-1003,1,574.67,4.06,CUST-01234,Returning,Central,Online
TXN-003024,2025-01-15,WEST-01,Apparel,APP-3003,4,226.13,4.18,CUST-00604,New,West,In-store
TXN-003093,2025-01-15,SOUTH-03,Apparel,APP-3004,6,82.33,5.37,CUST-00654,Returning,South,In-store
TXN-003198,2025-01-15,NORTH-01,Sports,SPRT-5002,2,142.6,20.77,CUST-01721,Returning,North,In-store
TXN-003250,2025-01-15,SOUTH-01,Home & Kitchen,HOME-2002,3,212.85,10.19,CUST-00910,Returning,South,In-store
TXN-000058,2025-01-16,NORTH-03,Apparel,APP-3004,6,87.0,0.0,CUST-00830,Returning,North,Online
TXN-001518,2025-01-16,CENTRAL-03,Beauty,BEAU-4004,3,24.66,8.58,CUST-01700,Returning,Central,In-store
TXN-002114,2025-01-16,CENTRAL-01,Electronics,ELEC-1001,2,493.49,1.3,CUST-01719,Returning,Central,Online
TXN-003081,2025-01-16,CENTRAL-01,Apparel,APP-3004,1,14.48,0.14,CUST-00631,Returning,Central,In-store
TXN-003363,2025-01-16,WEST-02,Electronics,ELEC-1001,3,597.28,20.36,CUST-01707,Returning,West,Online
TXN-003467,2025-01-16,WEST-01,Electronics,ELEC-1004,3,108.38,9.66,CUST-00037,Returning,West,In-store
TXN-004015,2025-01-16,NORTH-01,Home & Kitchen,HOME-2001,5,174.95,0.0,CUST-01574,Returning,North,In-store
TXN-004508,2025-01-16,NORTH-03,Apparel,APP-3002,2,79.98,0.0,CUST-00267,Returning,North,Online
TXN-004537,2025-01-16,WEST-02,Apparel,APP-3002,2,72.19,9.74,CUST-01600,Returning,West,In-store
TXN-004641,2025-01-16,NORTH-02,Electronics,ELEC-1001,1,248.22,0.71,CUST-00407,Returning,North,Online
TXN-005952,2025-01-16,SOUTH-03,Home & Kitchen,HOME-2001,2,68.72,1.8,CUST-01052,Returning,South,Online
TXN-001411,2025-01-17,EAST-02,Home & Kitchen,HOME-2001,1,34.99,0.0,CUST-00637,Returning,East,In-store
TXN-001863,2025-01-17,EAST-03,Electronics,ELEC-1001,1,238.72,4.51,CUST-01498,Returning,East,In-store
TXN-002210,2025-01-17,CENTRAL-03,Beauty,BEAU-4004,2,17.27,3.93,CUST-01800,New,Central,In-store
TXN-003746,2025-01-17,EAST-03,Beauty,BEAU-4003,3,94.86,9.65,CUST-00282,Returning,East,In-store
TXN-004252,2025-01-17,EAST-03,Electronics,ELEC-1001,1,249.99,0.0,CUST-00221,Returning,East,In-store
TXN-004276,2025-01-17,NORTH-02,Electronics,ELEC-1001,1,217.6,12.96,CUST-00817,Returning,North,In-store
TXN-004505,2025-01-17,SOUTH-02,Home & Kitchen,HOME-2004,4,73.48,8.11,CUST-00233,Returning,South,In-store
TXN-005005,2025-01-17,CENTRAL-02,Electronics,ELEC-1002,4,349.86,2.27,CUST-00344,Returning,Central,Online
TXN-005209,2025-01-17,SOUTH-03,Home & Kitchen,HOME-2004,4,65.66,17.88,CUST-01793,Returning,South,In-store
TXN-000877,2025-01-18,SOUTH-03,Apparel,APP-3002,3,119.97,0.0,CUST-00099,Returning,South,Online
TXN-001288,2025-01-18,EAST-03,Electronics,ELEC-1003,2,1175.66,1.86,CUST-01683,Returning,East,In-store
TXN-001294,2025-01-18,SOUTH-02,Home & Kitchen,HOME-2003,2,259.0,0.0,CUST-01691,Returning,South,In-store
TXN-002465,2025-01-18,WEST-02,Electronics,ELEC-1002,3,265.37,1.17,CUST-00631,Returning,West,Online
TXN-002575,2025-01-18,WEST-03,Apparel,APP-3002,1,27.62,30.94,CUST-00904,Returning,West,In-store
TXN-003706,2025-01-18,WEST-01,Apparel,APP-3003,1,44.66,24.3,CUST-01293,Returning,West,In-store
TXN-004425,2025-01-18,EAST-02,Home & Kitchen,HOME-2004,1,19.99,0.0,CUST-01787,Returning,East,In-store
TXN-000191,2025-01-19,WEST-02,Home & Kitchen,HOME-2004,2,39.26,1.8,CUST-01259,Returning,West,Online
TXN-000838,2025-01-19,EAST-01,Electronics,ELEC-1004,2,79.98,0.0,CUST-00887,New,East,Online
TXN-001135,2025-01-19,EAST-03,Sports,SPRT-5001,1,44.22,11.55,CUST-00975,Returning,East,In-store
TXN-003227,2025-01-19,WEST-03,Electronics,ELEC-1003,3,1618.7,9.92,CUST-01075,Returning,West,In-store
TXN-003675,2025-01-19,NORTH-03,Beauty,BEAU-4001,1,12.88,0.83,CUST-01756,Returning,North,Online
TXN-004446,2025-01-19,SOUTH-01,Beauty,BEAU-4004,1,8.07,10.2,CUST-00513,New,South,Online
TXN-004531,2025-01-19,WEST-01,Apparel,APP-3002,4,148.08,7.43,CUST-00903,Returning,West,In-store
TXN-004771,2025-01-19,EAST-03,Beauty,BEAU-4001,5,51.99,19.95,CUST-01247,Returning,East,In-store
TXN-005249,2025-01-19,SOUTH-03,Sports,SPRT-5003,4,355.14,25.39,CUST-01517,Returning,South,Online
TXN-005707,2025-01-19,CENTRAL-02,Electronics,ELEC-1002,4,316.77,11.52,CUST-00843,Returning,Central,Online
TXN-005987,2025-01-19,EAST-01,Beauty,BEAU-4004,3,22.97,14.83,CUST-01085,New,East,Online
TXN-000793,2025-01-20,SOUTH-02,Home & Kitchen,HOME-2002,1,65.33,17.31,CUST-00032,Returning,South,In-store
TXN-001479,2025-01-20,WEST-01,Apparel,APP-3003,3,171.75,2.97,CUST-00343,Returning,West,Online
TXN-001496,2025-01-20,EAST-02,Apparel,APP-3002,3,114.67,4.42,CUST-00565,Returning,East,Online
TXN-001616,2025-01-20,SOUTH-03,Home & Kitchen,HOME-2003,2,235.44,9.1,CUST-01241,Returning,South,Online
TXN-003125,2025-01-20,NORTH-02,Apparel,APP-3001,1,22.5,9.95,CUST-01504,New,North,In-store
TXN-003557,2025-01-20,CENTRAL-02,Beauty,BEAU-4002,5,99.81,11.28,CUST-01736,Returning,Central,In-store
TXN-004501,2025-01-20,SOUTH-03,Electronics,ELEC-1002,2,178.66,0.19,CUST-00613,Returning,South,In-store
TXN-004615,2025-01-20,CENTRAL-03,Home & Kitchen,HOME-2003,2,257.46,0.6,CUST-00072,Returning,Central,In-store
TXN-004753,2025-01-20,SOUTH-03,Apparel,APP-3001,1,24.99,0.0,CUST-00602,New,South,In-store
TXN-004784,2025-01-20,NORTH-01,Sports,SPRT-5004,3,79.35,10.34,CUST-01384,Returning,North,In-store
TXN-004962,2025-01-20,WEST-02,Beauty,BEAU-4004,1,8.99,0.01,CUST-01373,Returning,West,In-store
TXN-005479,2025-01-20,SOUTH-03,Apparel,APP-3004,2,21.87,24.59,CUST-00805,Returning,South,Online
TXN-005690,2025-01-20,WEST-01,Home & Kitchen,HOME-2002,6,419.39,11.52,CUST-00398,Returning,West,Online
TXN-000106,2025-01-21,WEST-02,Sports,SPRT-5003,5,515.07,13.43,CUST-00973,Returning,West,In-store
TXN-000257,2025-01-21,EAST-01,Home & Kitchen,HOME-2002,2,150.92,4.48,CUST-00924,New,East,In-store
TXN-001199,2025-01-21,WEST-02,Beauty,BEAU-4004,1,8.55,4.89,CUST-01589,New,West,Online
TXN-001290,2025-01-21,NORTH-01,Electronics,ELEC-1003,5,2995.0,0.0,CUST-00804,Returning,North,Online
TXN-001682,2025-01-21,CENTRAL-02,Home & Kitchen,HOME-2003,1,115.93,10.48,CUST-00413,New,Central,In-store
TXN-001738,2025-01-21,NORTH-02,Home & Kitchen,HOME-2002,4,310.52,1.73,CUST-00342,Returning,North,Online
TXN-001921,2025-01-21,CENTRAL-01,Electronics,ELEC-1003,1,599.0,0.0,CUST-00496,Returning,Central,In-store
TXN-002018,2025-01-21,NORTH-01,Electronics,ELEC-1003,2,1198.0,0.0,CUST-00001,Returning,North,In-store
TXN-003057,2025-01-21,NORTH-02,Beauty,BEAU-4001,1,11.17,14.04,CUST-00322,Returning,North,Online
TXN-004120,2025-01-21,NORTH-01,Electronics,ELEC-1001,3,749.97,0.0,CUST-00199,New,North,Online
TXN-004322,2025-01-21,SOUTH-02,Beauty,BEAU-4004,3,26.75,0.82,CUST-00684,Returning,South,In-store
TXN-004478,2025-01-21,EAST-02,Home & Kitchen,HOME-2003,8,866.42,16.37,CUST-01310,New,East,Online
TXN-004570,2025-01-21,SOUTH-03,Electronics,ELEC-1003,3,1792.46,0.25,CUST-01096,New,South,In-store
TXN-005845,2025-01-21,EAST-01,Apparel,APP-3001,2,45.19,9.59,CUST-00904,Returning,East,In-store
TXN-000595,2025-01-22,NORTH-03,Apparel,APP-3002,2,75.46,5.65,CUST-01255,Returning,North,In-store
TXN-000690,2025-01-22,SOUTH-02,Apparel,APP-3002,2,63.16,21.03,CUST-01409,Returning,South,In-store
TXN-000811,2025-01-22,NORTH-03,Apparel,APP-3004,3,41.57,4.44,CUST-01513,Returning,North,In-store
TXN-002504,2025-01-22,EAST-01,Electronics,ELEC-1003,3,1703.22,5.22,CUST-01257,Returning,East,Online
TXN-003897,2025-01-22,WEST-01,Electronics,ELEC-1001,3,749.97,0.0,CUST-00453,Returning,West,Online
TXN-004142,2025-01-22,WEST-03,Beauty,BEAU-4004,4,35.96,0.0,CUST-01460,Returning,West,In-store
TXN-000471,2025-01-23,WEST-02,Electronics,ELEC-1001,1,249.99,0.0,CUST-01310,Returning,West,In-store
TXN-000647,2025-01-23,WEST-03,Sports,SPRT-5002,6,539.94,0.0,CUST-00109,Returning,West,In-store
TXN-002719,2025-01-23,NORTH-01,Beauty,BEAU-4001,3,38.97,0.0,CUST-00233,Returning,North,In-store
TXN-003254,2025-01-23,CENTRAL-02,Apparel,APP-3004,1,10.04,30.75,CUST-00570,New,Central,In-store
TXN-005568,2025-01-23,NORTH-02,Beauty,BEAU-4002,1,21.22,5.7,CUST-00557,Returning,North,Online
TXN-005781,2025-01-23,WEST-01,Sports,SPRT-5003,1,102.09,14.21,CUST-00516,Returning,West,In-store
TXN-000327,2025-01-24,NORTH-03,Home & Kitchen,HOME-2003,1,90.55,30.07,CUST-00799,Returning,North,In-store
TXN-000516,2025-01-24,SOUTH-01,Home & Kitchen,HOME-2002,1,75.66,4.23,CUST-00502,Returning,South,In-store
TXN-000850,2025-01-24,WEST-01,Sports,SPRT-5004,1,28.33,3.96,CUST-00316,Returning,West,In-store
TXN-001337,2025-01-24,SOUTH-03,Home & Kitchen,HOME-2003,1,118.86,8.21,CUST-00543,Returning,South,Online
TXN-003914,2025-01-24,NORTH-02,Apparel,APP-3003,2,117.66,0.28,CUST-00623,Returning,North,In-store
TXN-004424,2025-01-24,WEST-02,Home & Kitchen,HOME-2002,1,71.48,9.52,CUST-01380,Returning,West,In-store
TXN-005675,2025-01-24,EAST-01,Apparel,APP-3003,8,412.73,12.56,CUST-01006,Returning,East,In-store
TXN-001323,2025-01-25,SOUTH-03,Sports,SPRT-5001,1,47.96,4.06,CUST-00733,Returning,South,In-store
TXN-001370,2025-01-25,NORTH-02,Apparel,APP-3003,2,87.38,25.95,CUST-00450,Returning,North,In-store
TXN-002115,2025-01-25,WEST-01,Electronics,ELEC-1001,2,460.81,7.83,CUST-00941,New,West,In-store
TXN-002796,2025-01-25,WEST-03,Home & Kitchen,HOME-2003,5,521.28,19.49,CUST-01517,Returning,West,In-store
TXN-003038,2025-01-25,WEST-02,Sports,SPRT-5003,6,704.91,1.27,CUST-00628,Returning,West,In-store
TXN-004152,2025-01-25,NORTH-01,Apparel,APP-3004,5,64.98,10.37,CUST-01216,Returning,North,In-store
TXN-004610,2025-01-25,CENTRAL-03,Electronics,ELEC-1002,10,819.08,8.48,CUST-01143,Returning,Central,Online
TXN-004814,2025-01-25,NORTH-01,Beauty,BEAU-4002,2,31.5,29.99,CUST-00736,Returning,North,In-store
TXN-000911,2025-01-26,CENTRAL-02,Sports,SPRT-5003,1,117.74,1.06,CUST-01402,Returning,Central,In-store
TXN-001377,2025-01-26,SOUTH-01,Sports,SPRT-5002,1,89.92,0.08,CUST-01184,Returning,South,In-store
TXN-001726,2025-01-26,CENTRAL-01,Beauty,BEAU-4001,1,11.36,12.56,CUST-00601,Returning,Central,Online
TXN-002021,2025-01-26,NORTH-03,Apparel,APP-3001,4,79.71,20.26,CUST-01720,New,North,In-store
TXN-002171,2025-01-26,CENTRAL-02,Sports,SPRT-5001,5,239.74,4.08,CUST-01491,New,Central,Online
TXN-003037,2025-01-26,SOUTH-02,Sports,SPRT-5001,1,39.8,20.38,CUST-01449,Returning,South,Online
TXN-003114,2025-01-26,EAST-02,Electronics,ELEC-1003,2,1198.0,0.0,CUST-01518,Returning,East,In-store
TXN-004479,2025-01-26,CENTRAL-03,Sports,SPRT-5001,5,239.17,4.31,CUST-01049,Returning,Central,Online
TXN-005515,2025-01-26,NORTH-03,Apparel,APP-3001,5,118.45,5.2,CUST-01519,New,North,In-store
TXN-005623,2025-01-26,NORTH-02,Beauty,BEAU-4004,8,58.06,19.27,CUST-00804,Returning,North,Online
TXN-005792,2025-01-26,EAST-03,Home & Kitchen,HOME-2001,6,209.94,0.0,CUST-00799,Returning,East,Online
TXN-001473,2025-01-27,WEST-02,Apparel,APP-3003,2,118.0,0.0,CUST-01412,Returning,West,In-store
TXN-001595,2025-01-27,NORTH-03,Beauty,BEAU-4002,2,38.57,14.28,CUST-00703,New,North,Online
TXN-001931,2025-01-27,SOUTH-02,Sports,SPRT-5004,6,160.22,9.48,CUST-00145,Returning,South,Online
TXN-002970,2025-01-27,WEST-03,Apparel,APP-3002,1,39.95,0.11,CUST-00819,Returning,West,In-store
TXN-003072,2025-01-27,CENTRAL-01,Beauty,BEAU-4001,2,23.55,9.37,CUST-01287,New,Central,Online
TXN-003391,2025-01-27,CENTRAL-03,Electronics,ELEC-1003,2,1197.31,0.06,CUST-01055,Returning,Central,Online
TXN-003559,2025-01-27,SOUTH-02,Apparel,APP-3002,6,212.58,11.4,CUST-01392,Returning,South,In-store
TXN-005657,2025-01-27,SOUTH-03,Beauty,BEAU-4001,3,38.97,0.0,CUST-01485,Returning,South,In-store
TXN-000283,2025-01-28,EAST-01,Sports,SPRT-5004,10,285.13,3.35,CUST-00471,Returning,East,Online
TXN-002312,2025-01-28,NORTH-03,Electronics,ELEC-1004,1,34.55,13.6,CUST-01400,Returning,North,Online
TXN-003546,2025-01-28,CENTRAL-01,Apparel,APP-3001,5,116.85,6.49,CUST-01518,Returning,Central,In-store
TXN-003887,2025-01-28,NORTH-01,Electronics,ELEC-1001,1,236.6,5.36,CUST-00053,Returning,North,In-store
TXN-003940,2025-01-28,EAST-01,Apparel,APP-3003,8,470.73,0.27,CUST-01174,New,East,In-store
TXN-004073,2025-01-28,SOUTH-01,Home & Kitchen,HOME-2004,4,76.14,4.78,CUST-01031,Returning,South,In-store
TXN-004274,2025-01-28,SOUTH-01,Electronics,ELEC-1003,2,1175.15,1.91,CUST-00901,New,South,Online
TXN-005041,2025-01-28,CENTRAL-03,Beauty,BEAU-4002,4,89.8,0.22,CUST-00227,Returning,Central,In-store
TXN-005124,2025-01-28,CENTRAL-02,Apparel,APP-3003,2,117.11,0.75,CUST-01123,Returning,Central,In-store
TXN-001023,2025-01-29,EAST-01,Apparel,APP-3001,2,44.7,10.57,CUST-01148,New,East,Online
TXN-001060,2025-01-29,CENTRAL-01,Home & Kitchen,HOME-2004,3,59.19,1.31,CUST-01645,Returning,Central,In-store
TXN-001104,2025-01-29,WEST-02,Home & Kitchen,HOME-2001,1,31.86,8.96,CUST-00974,Returning,West,Online
TXN-001314,2025-01-29,EAST-03,Sports,SPRT-5002,4,355.76,1.17,CUST-00296,Returning,East,Online
TXN-002138,2025-01-29,WEST-02,Apparel,APP-3003,2,118.0,0.0,CUST-00989,Returning,West,In-store
TXN-002963,2025-01-29,EAST-02,Home & Kitchen,HOME-2001,2,53.24,23.93,CUST-01797,New,East,In-store
TXN-003590,2025-01-29,WEST-03,Beauty,BEAU-4004,5,44.48,1.05,CUST-00969,Returning,West,In-store
TXN-003620,2025-01-29,SOUTH-02,Electronics,ELEC-1003,1,593.13,0.98,CUST-01021,Returning,South,In-store
TXN-004192,2025-01-29,CENTRAL-02,Sports,SPRT-5004,1,28.37,3.83,CUST-00107,New,Central,In-store
TXN-005460,2025-01-29,EAST-01,Sports,SPRT-5003,2,215.69,9.37,CUST-01705,Returning,East,In-store
TXN-000170,2025-01-30,NORTH-03,Apparel,APP-3001,4,99.75,0.21,CUST-01019,Returning,North,Online
TXN-000184,2025-01-30,WEST-01,Electronics,ELEC-1001,1,245.94,1.62,CUST-00369,Returning,West,In-store
TXN-000452,2025-01-30,EAST-01,Beauty,BEAU-4001,4,49.35,5.02,CUST-00247,Returning,East,Online
TXN-000504,2025-01-30,EAST-02,Sports,SPRT-5001,3,148.65,0.88,CUST-01141,Returning,East,In-store
TXN-002579,2025-01-30,CENTRAL-03,Sports,SPRT-5003,3,354.65,0.66,CUST-00059,Returning,Central,Online
TXN-002996,2025-01-30,EAST-01,Apparel,APP-3001,2,44.73,10.51,CUST-00889,Returning,East,In-store
TXN-003829,2025-01-30,CENTRAL-03,Apparel,APP-3002,1,34.2,14.47,CUST-00546,Returning,Central,In-store
TXN-004080,2025-01-30,NORTH-03,Apparel,APP-3004,5,61.61,15.02,CUST-01299,Returning,North,In-store
TXN-004143,2025-01-30,SOUTH-01,Sports,SPRT-5004,5,132.41,10.23,CUST-01067,Returning,South,In-store
TXN-004160,2025-01-30,EAST-02,Electronics,ELEC-1002,3,236.38,11.96,CUST-01281,Returning,East,Online
TXN-004177,2025-01-30,NORTH-01,Sports,SPRT-5004,2,50.62,14.21,CUST-01161,Returning,North,Online
TXN-001363,2025-01-31,SOUTH-02,Beauty,BEAU-4003,4,128.58,8.16,CUST-00289,Returning,South,Online
TXN-002321,2025-01-31,NORTH-02,Electronics,ELEC-1002,4,346.04,3.34,CUST-01152,Returning,North,In-store
TXN-002339,2025-01-31,CENTRAL-02,Apparel,APP-3004,1,12.55,13.47,CUST-00003,New,Central,Online
TXN-005134,2025-01-31,SOUTH-02,Beauty,BEAU-4001,5,63.59,2.09,CUST-01407,Returning,South,In-store
TXN-005245,2025-01-31,EAST-01,Home & Kitchen,HOME-2004,2,38.06,4.81,CUST-00508,Returning,East,In-store
TXN-005637,2025-01-31,SOUTH-03,Home & Kitchen,HOME-2003,2,253.67,2.06,CUST-00661,Returning,South,In-store
TXN-000566,2025-02-01,EAST-03,Apparel,APP-3003,1,59.0,0.0,CUST-01447,Returning,East,Online
TXN-000881,2025-02-01,EAST-02,Apparel,APP-3001,6,143.91,4.02,CUST-00086,Returning,East,Online
TXN-001122,2025-02-01,SOUTH-02,Sports,SPRT-5004,1,27.13,8.02,CUST-00133,Returning,South,In-store
TXN-001792,2025-02-01,WEST-02,Apparel,APP-3001,2,45.77,8.42,CUST-01398,Returning,West,In-store
TXN-003697,2025-02-01,NORTH-02,Electronics,ELEC-1002,3,268.5,0.0,CUST-00135,Returning,North,In-store
TXN-003918,2025-02-01,CENTRAL-01,Sports,SPRT-5004,1,29.46,0.14,CUST-01424,Returning,Central,In-store
TXN-004348,2025-02-01,NORTH-02,Apparel,APP-3001,1,20.86,16.54,CUST-00930,New,North,Online
TXN-004403,2025-02-01,CENTRAL-02,Beauty,BEAU-4001,1,12.99,0.0,CUST-01377,Returning,Central,In-store
TXN-004667,2025-02-01,WEST-03,Apparel,APP-3004,5,69.17,4.59,CUST-01625,New,West,In-store
TXN-005291,2025-02-01,NORTH-01,Home & Kitchen,HOME-2003,6,684.43,11.91,CUST-01418,Returning,North,In-store
TXN-000688,2025-02-02,SOUTH-02,Home & Kitchen,HOME-2004,1,19.09,4.52,CUST-00164,Returning,South,Online
TXN-001445,2025-02-02,NORTH-01,Home & Kitchen,HOME-2001,3,88.59,15.61,CUST-01637,Returning,North,In-store
TXN-001951,2025-02-02,CENTRAL-03,Beauty,BEAU-4004,1,8.99,0.0,CUST-00960,Returning,Central,Online
TXN-002491,2025-02-02,CENTRAL-02,Beauty,BEAU-4003,1,31.29,10.61,CUST-00081,Returning,Central,Online
TXN-003000,2025-02-02,EAST-02,Electronics,ELEC-1003,1,438.2,26.84,CUST-00944,Returning,East,In-store
TXN-004920,2025-02-02,WEST-02,Apparel,APP-3003,1,58.6,0.67,CUST-01015,Returning,West,Online
TXN-005981,2025-02-02,NORTH-02,Apparel,APP-3001,5,111.83,10.5,CUST-00815,Returning,North,Online
TXN-000349,2025-02-03,EAST-03,Sports,SPRT-5001,1,43.1,13.78,CUST-01179,Returning,East,Online
TXN-001423,2025-02-03,NORTH-02,Beauty,BEAU-4002,6,122.3,9.41,CUST-00612,Returning,North,Online
TXN-002093,2025-02-03,WEST-02,Sports,SPRT-5004,5,139.83,5.2,CUST-00015,Returning,West,Online
TXN-003120,2025-02-03,CENTRAL-01,Sports,SPRT-5004,2,50.85,13.82,CUST-01707,Returning,Central,In-store
TXN-004067,2025-02-03,WEST-01,Apparel,APP-3004,10,128.75,11.21,CUST-01103,Returning,West,In-store
TXN-005117,2025-02-03,SOUTH-02,Electronics,ELEC-1002,4,339.3,5.22,CUST-00480,Returning,South,Online
TXN-000589,2025-02-04,EAST-01,Home & Kitchen,HOME-2003,4,509.99,1.55,CUST-00687,New,East,Online
TXN-001235,2025-02-04,NORTH-03,Home & Kitchen,HOME-2001,4,120.48,13.92,CUST-01143,Returning,North,Online
TXN-002153,2025-02-04,WEST-01,Apparel,APP-3001,10,249.9,0.0,CUST-01257,Returning,West,In-store
TXN-005736,2025-02-04,CENTRAL-02,Electronics,ELEC-1003,1,595.43,0.6,CUST-00885,Returning,Central,Online
TXN-005927,2025-02-04,CENTRAL-01,Apparel,APP-3001,8,198.4,0.76,CUST-01373,Returning,Central,In-store
TXN-001024,2025-02-05,CENTRAL-03,Beauty,BEAU-4001,5,64.95,0.0,CUST-01670,Returning,Central,In-store
TXN-001346,2025-02-05,NORTH-03,Home & Kitchen,HOME-2004,1,19.17,4.11,CUST-00676,Returning,North,In-store
TXN-005290,2025-02-05,SOUTH-03,Home & Kitchen,HOME-2001,2,65.51,6.39,CUST-00597,New,South,Online
TXN-001801,2025-02-06,SOUTH-01,Sports,SPRT-5003,3,340.2,4.7,CUST-01743,New,South,In-store
TXN-002444,2025-02-06,WEST-01,Sports,SPRT-5004,1,22.34,24.27,CUST-01288,Returning,West,In-store
TXN-003903,2025-02-06,CENTRAL-02,Apparel,APP-3001,3,74.34,0.85,CUST-00964,Returning,Central,Online
TXN-004840,2025-02-06,NORTH-02,Home & Kitchen,HOME-2002,4,311.78,1.34,CUST-00140,Returning,North,In-store
TXN-005143,2025-02-06,SOUTH-03,Apparel,APP-3002,3,90.11,24.89,CUST-00667,Returning,South,Online
TXN-005475,2025-02-06,SOUTH-02,Electronics,ELEC-1002,2,171.35,4.27,CUST-00872,Returning,South,In-store
TXN-000744,2025-02-07,NORTH-02,Home & Kitchen,HOME-2002,4,316.0,0.0,CUST-00427,New,North,In-store
TXN-000800,2025-02-07,WEST-02,Sports,SPRT-5004,3,74.6,15.71,CUST-01690,New,West,Online
TXN-001126,2025-02-07,SOUTH-01,Apparel,APP-3002,2,63.73,20.32,CUST-01761,Returning,South,Online
TXN-001844,2025-02-07,SOUTH-02,Home & Kitchen,HOME-2004,1,19.99,0.0,CUST-00170,Returning,South,Online
TXN-003142,2025-02-07,WEST-03,Electronics,ELEC-1004,5,187.4,6.28,CUST-00309,Returning,West,In-store
TXN-004223,2025-02-07,NORTH-01,Apparel,APP-3003,3,177.0,0.0,CUST-00857,Returning,North,Online
TXN-001143,2025-02-08,EAST-03,Beauty,BEAU-4002,1,21.07,6.37,CUST-00469,Returning,East,Online
TXN-002061,2025-02-08,NORTH-03,Home & Kitchen,HOME-2002,3,211.41,10.8,CUST-01603,Returning,North,Online
TXN-002386,2025-02-08,SOUTH-01,Home & Kitchen,HOME-2003,8,1004.18,3.07,CUST-01451,Returning,South,In-store
TXN-003957,2025-02-08,WEST-01,Sports,SPRT-5002,8,662.46,7.98,CUST-00523,New,West,In-store
TXN-004592,2025-02-08,NORTH-03,Beauty,BEAU-4001,1,12.59,3.11,CUST-01242,Returning,North,Online
TXN-005252,2025-02-08,EAST-03,Home & Kitchen,HOME-2004,10,199.9,0.0,CUST-00371,Returning,East,In-store
TXN-005564,2025-02-08,EAST-02,Sports,SPRT-5002,2,143.87,20.06,CUST-01352,Returning,East,In-store
TXN-005790,2025-02-08,NORTH-03,Beauty,BEAU-4004,6,53.6,0.63,CUST-00132,Returning,North,In-store
TXN-000758,2025-02-09,SOUTH-03,Home & Kitchen,HOME-2002,1,79.0,0.0,CUST-00075,Returning,South,Online
TXN-000813,2025-02-09,EAST-02,Apparel,APP-3003,1,46.69,20.86,CUST-01533,Returning,East,In-store
TXN-001405,2025-02-09,NORTH-03,Home & Kitchen,HOME-2001,3,101.24,3.55,CUST-01011,Returning,North,Online
TXN-001775,2025-02-09,SOUTH-01,Home & Kitchen,HOME-2001,2,69.26,1.02,CUST-01552,Returning,South,In-store
TXN-004867,2025-02-09,NORTH-02,Apparel,APP-3002,2,79.98,0.0,CUST-01160,Returning,North,In-store
TXN-005450,2025-02-09,NORTH-03,Beauty,BEAU-4004,1,8.99,0.0,CUST-00489,Returning,North,In-store
TXN-005644,2025-02-09,NORTH-02,Home & Kitchen,HOME-2003,3,388.5,0.0,CUST-01444,Returning,North,Online
TXN-005654,2025-02-09,CENTRAL-03,Home & Kitchen,HOME-2002,4,271.69,14.02,CUST-00465,Returning,Central,In-store
TXN-005732,2025-02-09,EAST-03,Apparel,APP-3004,1,13.24,8.72,CUST-00887,Returning,East,Online
TXN-001763,2025-02-10,WEST-03,Electronics,ELEC-1002,1,80.25,10.34,CUST-01463,Returning,West,In-store
TXN-002560,2025-02-10,SOUTH-02,Home & Kitchen,HOME-2004,5,88.99,10.97,CUST-01506,Returning,South,In-store
TXN-002648,2025-02-10,WEST-02,Electronics,ELEC-1003,3,1494.11,16.86,CUST-00965,Returning,West,In-store
TXN-004182,2025-02-10,CENTRAL-03,Sports,SPRT-5003,3,284.55,20.3,CUST-00206,Returning,Central,In-store
TXN-004954,2025-02-10,CENTRAL-03,Home & Kitchen,HOME-2002,2,158.0,0.0,CUST-00867,Returning,Central,Online
TXN-005021,2025-02-10,CENTRAL-01,Beauty,BEAU-4002,2,45.0,0.0,CUST-01800,Returning,Central,Online
TXN-005561,2025-02-10,SOUTH-03,Electronics,ELEC-1004,1,35.95,10.1,CUST-00838,Returning,South,Online
TXN-000628,2025-02-11,SOUTH-01,Home & Kitchen,HOME-2003,3,388.5,0.0,CUST-00998,Returning,South,In-store
TXN-000694,2025-02-11,WEST-01,Beauty,BEAU-4004,2,17.86,0.69,CUST-00641,Returning,West,In-store
TXN-000733,2025-02-11,CENTRAL-03,Apparel,APP-3003,2,93.65,20.63,CUST-00463,New,Central,Online
TXN-000937,2025-02-11,CENTRAL-02,Electronics,ELEC-1002,1,78.99,11.74,CUST-01298,Returning,Central,In-store
TXN-001270,2025-02-11,EAST-03,Sports,SPRT-5002,3,269.97,0.0,CUST-01360,Returning,East,Online
TXN-001594,2025-02-11,WEST-01,Home & Kitchen,HOME-2004,3,49.86,16.86,CUST-00236,Returning,West,In-store
TXN-002764,2025-02-11,SOUTH-03,Electronics,ELEC-1002,3,268.5,0.0,CUST-01462,Returning,South,In-store
TXN-003272,2025-02-11,SOUTH-02,Apparel,APP-3003,2,118.0,0.0,CUST-00299,Returning,South,Online
TXN-003435,2025-02-11,EAST-01,Beauty,BEAU-4004,2,17.98,0.0,CUST-01176,Returning,East,In-store
TXN-004880,2025-02-11,NORTH-02,Sports,SPRT-5003,3,352.68,1.21,CUST-01386,Returning,North,Online
TXN-005371,2025-02-11,NORTH-01,Home & Kitchen,HOME-2004,3,59.97,0.0,CUST-01653,Returning,North,Online
TXN-005769,2025-02-11,WEST-02,Apparel,APP-3003,1,57.74,2.14,CUST-01287,Returning,West,In-store
TXN-000073,2025-02-12,WEST-03,Electronics,ELEC-1004,3,119.97,0.0,CUST-00033,Returning,West,In-store
TXN-000373,2025-02-12,SOUTH-01,Apparel,APP-3003,4,232.71,1.39,CUST-00272,Returning,South,In-store
TXN-000392,2025-02-12,NORTH-01,Apparel,APP-3001,5,106.82,14.51,CUST-01150,Returning,North,In-store
TXN-002113,2025-02-12,WEST-01,Home & Kitchen,HOME-2004,2,38.15,4.57,CUST-01076,New,West,In-store
TXN-002249,2025-02-12,CENTRAL-02,Beauty,BEAU-4004,10,86.11,4.22,CUST-01340,Returning,Central,In-store
TXN-003579,2025-02-12,WEST-03,Home & Kitchen,HOME-2001,5,158.5,9.4,CUST-00164,Returning,West,In-store
TXN-004353,2025-02-12,CENTRAL-02,Home & Kitchen,HOME-2002,1,77.46,1.95,CUST-01572,New,Central,In-store
TXN-004769,2025-02-12,EAST-02,Beauty,BEAU-4003,3,93.19,11.25,CUST-00273,Returning,East,In-store
TXN-005154,2025-02-12,EAST-01,Home & Kitchen,HOME-2003,4,518.0,0.0,CUST-00311,Returning,East,Online
TXN-000258,2025-02-13,EAST-01,Apparel,APP-3003,3,173.31,2.08,CUST-00418,Returning,East,Online
TXN-000640,2025-02-13,CENTRAL-01,Electronics,ELEC-1004,3,119.97,0.0,CUST-01299,Returning,Central,Online
TXN-000789,2025-02-13,NORTH-01,Sports,SPRT-5003,1,119.0,0.0,CUST-01419,Returning,North,In-store
TXN-003388,2025-02-13,EAST-01,Home & Kitchen,HOME-2003,10,1283.85,0.86,CUST-01205,Returning,East,In-store
TXN-003965,2025-02-13,EAST-03,Apparel,APP-3001,8,181.56,9.19,CUST-00578,Returning,East,In-store
TXN-004014,2025-02-13,SOUTH-03,Home & Kitchen,HOME-2003,3,351.85,9.43,CUST-00595,Returning,South,In-store
TXN-004039,2025-02-13,EAST-01,Beauty,BEAU-4001,3,38.97,0.0,CUST-00537,Returning,East,Online
TXN-005786,2025-02-13,EAST-01,Home & Kitchen,HOME-2003,1,116.91,9.72,CUST-01233,Returning,East,Online
TXN-000352,2025-02-14,EAST-02,Beauty,BEAU-4004,4,31.02,13.73,CUST-00929,Returning,East,In-store
TXN-001154,2025-02-14,SOUTH-03,Electronics,ELEC-1001,2,478.71,4.25,CUST-01243,New,South,In-store
TXN-002487,2025-02-14,EAST-02,Electronics,ELEC-1003,4,2396.0,0.0,CUST-00250,Returning,East,In-store
TXN-002749,2025-02-14,CENTRAL-01,Home & Kitchen,HOME-2003,4,491.57,5.1,CUST-00185,Returning,Central,In-store
TXN-004616,2025-02-14,CENTRAL-01,Home & Kitchen,HOME-2004,1,19.9,0.46,CUST-00128,Returning,Central,In-store
TXN-000884,2025-02-15,CENTRAL-01,Home & Kitchen,HOME-2003,1,117.24,9.47,CUST-00477,Returning,Central,In-store
TXN-001487,2025-02-15,WEST-03,Electronics,ELEC-1002,1,89.5,0.0,CUST-00752,New,West,In-store
TXN-001968,2025-02-15,NORTH-03,Apparel,APP-3002,2,66.41,16.97,CUST-00661,Returning,North,Online
TXN-002692,2025-02-15,WEST-02,Home & Kitchen,HOME-2002,5,309.34,21.69,CUST-00915,Returning,West,Online
TXN-002819,2025-02-15,SOUTH-03,Electronics,ELEC-1003,1,541.57,9.59,CUST-00396,Returning,South,In-store
TXN-004091,2025-02-15,CENTRAL-01,Sports,SPRT-5003,2,235.14,1.2,CUST-00328,New,Central,In-store
TXN-004457,2025-02-15,NORTH-03,Sports,SPRT-5001,10,457.34,8.51,CUST-00760,New,North,Online
TXN-005122,2025-02-15,EAST-03,Electronics,ELEC-1002,1,89.5,0.0,CUST-01342,Returning,East,In-store
TXN-005678,2025-02-15,NORTH-01,Apparel,APP-3001,3,74.97,0.0,CUST-00451,Returning,North,In-store
TXN-005992,2025-02-15,NORTH-02,Electronics,ELEC-1001,1,244.54,2.18,CUST-01623,Returning,North,Online
TXN-000511,2025-02-16,CENTRAL-03,Apparel,APP-3004,3,40.22,7.54,CUST-00709,New,Central,In-store
TXN-002141,2025-02-16,SOUTH-03,Home & Kitchen,HOME-2004,1,19.07,4.61,CUST-01044,Returning,South,In-store
TXN-002771,2025-02-16,WEST-03,Apparel,APP-3001,1,24.12,3.5,CUST-00510,Returning,West,In-store
TXN-002870,2025-02-16,CENTRAL-02,Beauty,BEAU-4004,1,6.75,24.89,CUST-01270,Returning,Central,In-store
TXN-003698,2025-02-16,SOUTH-02,Apparel,APP-3004,5,71.91,0.81,CUST-00722,Returning,South,In-store
TXN-004064,2025-02-16,WEST-02,Electronics,ELEC-1001,5,1117.13,10.63,CUST-00003,Returning,West,Online
TXN-004550,2025-02-16,SOUTH-01,Electronics,ELEC-1004,3,94.72,21.05,CUST-01658,Returning,South,Online
TXN-005584,2025-02-16,NORTH-03,Beauty,BEAU-4002,1,22.11,1.72,CUST-01383,Returning,North,Online
TXN-000499,2025-02-17,NORTH-02,Electronics,ELEC-1003,1,599.0,0.0,CUST-00158,New,North,In-store
TXN-002282,2025-02-17,WEST-03,Apparel,APP-3001,3,56.36,24.82,CUST-00301,Returning,West,Online
TXN-002683,2025-02-17,CENTRAL-02,Electronics,ELEC-1003,2,951.06,20.61,CUST-00617,Returning,Central,Online
TXN-003439,2025-02-17,CENTRAL-02,Home & Kitchen,HOME-2002,1,72.08,8.76,CUST-00506,Returning,Central,In-store
TXN-003683,2025-02-17,NORTH-02,Sports,SPRT-5003,3,315.14,11.73,CUST-00686,New,North,In-store
TXN-003922,2025-02-17,CENTRAL-03,Electronics,ELEC-1001,2,499.98,0.0,CUST-01405,Returning,Central,In-store
TXN-005518,2025-02-17,CENTRAL-03,Sports,SPRT-5004,1,26.52,10.09,CUST-00525,Returning,Central,In-store
TXN-005825,2025-02-17,WEST-01,Apparel,APP-3004,6,86.96,0.05,CUST-00051,Returning,West,In-store
TXN-001460,2025-02-18,CENTRAL-02,Apparel,APP-3003,3,161.57,8.72,CUST-01296,Returning,Central,In-store
TXN-002258,2025-02-18,CENTRAL-02,Electronics,ELEC-1001,1,201.58,19.36,CUST-00300,Returning,Central,In-store
TXN-005918,2025-02-18,CENTRAL-01,Electronics,ELEC-1004,5,180.14,9.91,CUST-00326,Returning,Central,Online
TXN-000017,2025-02-19,EAST-03,Home & Kitchen,HOME-2004,3,54.18,9.65,CUST-00267,Returning,East,In-store
TXN-000298,2025-02-19,NORTH-02,Apparel,APP-3003,2,95.35,19.19,CUST-00643,New,North,In-store
TXN-000865,2025-02-19,SOUTH-01,Apparel,APP-3003,1,53.34,9.59,CUST-01318,Returning,South,In-store
TXN-001271,2025-02-19,SOUTH-03,Electronics,ELEC-1003,1,540.42,9.78,CUST-01580,Returning,South,Online
TXN-003560,2025-02-19,NORTH-03,Home & Kitchen,HOME-2004,2,33.61,15.93,CUST-00657,Returning,North,In-store
TXN-003614,2025-02-19,SOUTH-01,Sports,SPRT-5002,5,446.81,0.7,CUST-00865,Returning,South,In-store
TXN-004027,2025-02-19,EAST-02,Electronics,ELEC-1002,2,139.66,21.98,CUST-00955,Returning,East,In-store
TXN-004085,2025-02-19,SOUTH-02,Home & Kitchen,HOME-2001,1,28.08,19.75,CUST-01644,New,South,In-store
TXN-004271,2025-02-19,EAST-03,Sports,SPRT-5003,1,105.3,11.51,CUST-01335,Returning,East,In-store
TXN-004272,2025-02-19,SOUTH-02,Home & Kitchen,HOME-2004,2,39.53,1.12,CUST-01393,Returning,South,Online
TXN-005289,2025-02-19,EAST-02,Apparel,APP-3004,2,29.0,0.0,CUST-01710,New,East,In-store
TXN-005866,2025-02-19,NORTH-02,Home & Kitchen,HOME-2002,6,410.41,13.42,CUST-00974,Returning,North,Online
TXN-000219,2025-02-20,CENTRAL-01,Home & Kitchen,HOME-2002,1,78.27,0.92,CUST-01014,New,Central,In-store
TXN-001529,2025-02-20,CENTRAL-01,Electronics,ELEC-1002,2,167.72,6.3,CUST-00810,New,Central,In-store
TXN-001547,2025-02-20,CENTRAL-03,Electronics,ELEC-1002,1,70.48,21.25,CUST-01022,Returning,Central,In-store
TXN-003491,2025-02-20,SOUTH-02,Apparel,APP-3003,5,255.13,13.51,CUST-00627,Returning,South,In-store
TXN-003755,2025-02-20,SOUTH-03,Apparel,APP-3003,1,58.83,0.28,CUST-01368,Returning,South,In-store
TXN-003790,2025-02-20,WEST-01,Beauty,BEAU-4001,3,34.12,12.43,CUST-00525,Returning,West,Online
TXN-001065,2025-02-21,EAST-03,Beauty,BEAU-4003,1,35.0,0.0,CUST-00411,New,East,In-store
TXN-001213,2025-02-21,WEST-02,Sports,SPRT-5002,2,160.33,10.92,CUST-00515,Returning,West,Online
TXN-003239,2025-02-21,EAST-01,Beauty,BEAU-4002,3,51.37,23.89,CUST-01133,Returning,East,Online
TXN-003544,2025-02-21,WEST-01,Electronics,ELEC-1004,3,104.11,13.22,CUST-00160,Returning,West,In-store
TXN-003779,2025-02-21,WEST-01,Sports,SPRT-5001,1,48.5,2.98,CUST-01234,Returning,West,In-store
TXN-003926,2025-02-21,NORTH-01,Electronics,ELEC-1001,1,238.58,4.56,CUST-00394,Returning,North,In-store
TXN-004330,2025-02-21,NORTH-01,Home & Kitchen,HOME-2002,5,394.32,0.17,CUST-00732,Returning,North,In-store
TXN-004739,2025-02-21,WEST-01,Apparel,APP-3004,2,29.0,0.0,CUST-01481,Returning,West,In-store
TXN-004836,2025-02-21,CENTRAL-01,Electronics,ELEC-1002,2,127.14,28.97,CUST-00264,Returning,Central,Online
TXN-005686,2025-02-21,EAST-03,Home & Kitchen,HOME-2004,6,97.18,18.97,CUST-01127,Returning,East,In-store
TXN-005813,2025-02-21,SOUTH-03,Beauty,BEAU-4004,2,17.14,4.67,CUST-01309,Returning,South,In-store
TXN-005850,2025-02-21,EAST-03,Beauty,BEAU-4003,4,134.47,3.95,CUST-00248,Returning,East,In-store
TXN-000015,2025-02-22,WEST-01,Home & Kitchen,HOME-2003,1,129.5,0.0,CUST-00908,Returning,West,In-store
TXN-000127,2025-02-22,NORTH-02,Electronics,ELEC-1001,6,1047.58,30.16,CUST-00593,Returning,North,In-store
TXN-000301,2025-02-22,CENTRAL-03,Sports,SPRT-5002,2,179.81,0.1,CUST-00255,Returning,Central,Online
TXN-000402,2025-02-22,WEST-03,Apparel,APP-3004,1,14.5,0.0,CUST-01433,Returning,West,In-store
TXN-001201,2025-02-22,NORTH-03,Electronics,ELEC-1003,2,889.79,25.73,CUST-00400,Returning,North,In-store
TXN-001259,2025-02-22,EAST-02,Electronics,ELEC-1002,1,80.68,9.86,CUST-01008,New,East,In-store
TXN-001421,2025-02-22,NORTH-02,Beauty,BEAU-4003,4,129.44,7.54,CUST-01704,New,North,In-store
TXN-004369,2025-02-22,WEST-03,Apparel,APP-3002,3,102.42,14.63,CUST-00091,Returning,West,In-store
TXN-004733,2025-02-22,WEST-03,Home & Kitchen,HOME-2003,10,1289.22,0.45,CUST-00397,Returning,West,Online
TXN-005164,2025-02-22,WEST-03,Electronics,ELEC-1001,6,1284.3,14.38,CUST-01793,Returning,West,Online
TXN-005766,2025-02-22,WEST-01,Apparel,APP-3004,2,24.71,14.79,CUST-01007,Returning,West,Online
TXN-000020,2025-02-23,WEST-03,Home & Kitchen,HOME-2001,3,89.94,14.32,CUST-01278,Returning,West,Online
TXN-003018,2025-02-23,EAST-01,Beauty,BEAU-4004,5,44.72,0.5,CUST-01241,Returning,East,Online
TXN-003278,2025-02-23,WEST-02,Home & Kitchen,HOME-2004,1,19.51,2.42,CUST-01257,Returning,West,In-store
TXN-003323,2025-02-23,CENTRAL-02,Apparel,APP-3003,1,48.86,17.19,CUST-01148,Returning,Central,Online
TXN-003684,2025-02-23,CENTRAL-01,Home & Kitchen,HOME-2002,8,632.0,0.0,CUST-00569,Returning,Central,Online
TXN-004748,2025-02-23,EAST-03,Electronics,ELEC-1004,3,118.34,1.36,CUST-00828,Returning,East,In-store
TXN-005236,2025-02-23,EAST-01,Home & Kitchen,HOME-2002,1,63.42,19.72,CUST-01268,Returning,East,Online
TXN-001019,2025-02-24,WEST-01,Electronics,ELEC-1004,4,144.42,9.71,CUST-01198,Returning,West,Online
TXN-001779,2025-02-24,SOUTH-02,Electronics,ELEC-1004,1,30.25,24.36,CUST-00242,Returning,South,Online
TXN-003885,2025-02-24,EAST-01,Beauty,BEAU-4004,1,8.47,5.81,CUST-01589,Returning,East,In-store
TXN-004168,2025-02-24,EAST-03,Beauty,BEAU-4004,1,8.04,10.57,CUST-00899,Returning,East,In-store
TXN-005668,2025-02-24,SOUTH-02,Sports,SPRT-5004,4,118.0,0.0,CUST-01047,Returning,South,Online
TXN-001310,2025-02-25,CENTRAL-03,Sports,SPRT-5004,2,59.0,0.0,CUST-01761,Returning,Central,In-store
TXN-002211,2025-02-25,WEST-01,Apparel,APP-3001,1,22.52,9.9,CUST-00429,Returning,West,In-store
TXN-002921,2025-02-25,SOUTH-02,Beauty,BEAU-4001,1,11.73,9.7,CUST-01530,Returning,South,Online
TXN-004302,2025-02-25,WEST-02,Electronics,ELEC-1004,1,38.51,3.69,CUST-01167,Returning,West,In-store
TXN-004687,2025-02-25,NORTH-02,Apparel,APP-3003,6,311.62,11.97,CUST-00704,Returning,North,In-store
TXN-005306,2025-02-25,NORTH-02,Home & Kitchen,HOME-2003,1,110.15,14.95,CUST-00121,Returning,North,Online
TXN-005550,2025-02-25,WEST-02,Beauty,BEAU-4001,1,12.99,0.0,CUST-00611,Returning,West,In-store
TXN-005887,2025-02-25,WEST-02,Beauty,BEAU-4004,6,51.98,3.63,CUST-00196,Returning,West,Online
TXN-000245,2025-02-26,EAST-01,Sports,SPRT-5004,2,59.0,0.0,CUST-01347,Returning,East,Online
TXN-000250,2025-02-26,SOUTH-02,Electronics,ELEC-1001,1,206.24,17.5,CUST-01058,Returning,South,Online
TXN-001096,2025-02-26,WEST-02,Electronics,ELEC-1002,1,76.25,14.81,CUST-00021,Returning,West,Online
TXN-001108,2025-02-26,SOUTH-01,Apparel,APP-3002,2,71.56,10.53,CUST-00942,Returning,South,In-store
TXN-001716,2025-02-26,NORTH-02,Sports,SPRT-5003,1,97.42,18.14,CUST-00334,New,North,In-store
TXN-002640,2025-02-26,CENTRAL-03,Beauty,BEAU-4002,3,60.82,9.9,CUST-01044,Returning,Central,In-store
TXN-003149,2025-02-26,CENTRAL-03,Sports,SPRT-5003,1,112.88,5.14,CUST-01323,Returning,Central,In-store
TXN-003978,2025-02-26,CENTRAL-03,Beauty,BEAU-4003,4,132.55,5.32,CUST-00090,Returning,Central,In-store
TXN-004096,2025-02-26,CENTRAL-03,Beauty,BEAU-4001,5,64.95,0.0,CUST-01497,Returning,Central,In-store
TXN-005837,2025-02-26,NORTH-02,Electronics,ELEC-1002,1,72.93,18.52,CUST-00735,Returning,North,In-store
TXN-000088,2025-02-27,EAST-02,Apparel,APP-3004,1,12.91,10.97,CUST-01675,Returning,East,Online
TXN-000473,2025-02-27,WEST-03,Electronics,ELEC-1004,3,113.57,5.33,CUST-01409,Returning,West,In-store
TXN-000507,2025-02-27,NORTH-03,Apparel,APP-3001,2,49.74,0.48,CUST-00019,Returning,North,Online
TXN-000559,2025-02-27,NORTH-02,Apparel,APP-3004,4,57.95,0.08,CUST-00245,Returning,North,Online
TXN-000735,2025-02-27,NORTH-01,Beauty,BEAU-4001,5,64.71,0.37,CUST-01524,Returning,North,In-store
TXN-002673,2025-02-27,NORTH-02,Beauty,BEAU-4002,3,67.13,0.54,CUST-00229,New,North,In-store
TXN-002752,2025-02-27,CENTRAL-01,Apparel,APP-3001,3,60.62,19.14,CUST-00378,Returning,Central,In-store
TXN-003741,2025-02-27,SOUTH-03,Sports,SPRT-5002,1,73.56,18.25,CUST-01379,Returning,South,In-store
TXN-005814,2025-02-27,EAST-03,Home & Kitchen,HOME-2003,3,368.32,5.19,CUST-01255,Returning,East,Online
TXN-000935,2025-02-28,WEST-01,Electronics,ELEC-1002,5,445.74,0.39,CUST-00753,New,West,Online
TXN-001064,2025-02-28,WEST-01,Sports,SPRT-5004,3,88.5,0.0,CUST-00014,Returning,West,Online
TXN-001492,2025-02-28,NORTH-03,Apparel,APP-3003,1,52.63,10.8,CUST-01723,Returning,North,In-store
TXN-002092,2025-02-28,WEST-01,Home & Kitchen,HOME-2003,3,388.5,0.0,CUST-00155,Returning,West,In-store
TXN-003064,2025-02-28,SOUTH-03,Home & Kitchen,HOME-2001,3,73.58,29.9,CUST-01738,Returning,South,In-store
TXN-003288,2025-02-28,NORTH-03,Sports,SPRT-5002,3,213.96,20.75,CUST-00286,Returning,North,Online
TXN-003413,2025-02-28,SOUTH-02,Electronics,ELEC-1002,2,179.0,0.0,CUST-01644,Returning,South,In-store
TXN-003568,2025-02-28,NORTH-03,Beauty,BEAU-4003,4,140.0,0.0,CUST-00873,Returning,North,Online
TXN-003879,2025-02-28,WEST-03,Home & Kitchen,HOME-2001,2,59.3,15.26,CUST-00248,Returning,West,In-store
TXN-004018,2025-02-28,SOUTH-02,Electronics,ELEC-1003,2,1198.0,0.0,CUST-01243,Returning,South,In-store
TXN-005136,2025-02-28,EAST-01,Electronics,ELEC-1001,1,225.92,9.63,CUST-00240,New,East,In-store
TXN-005778,2025-02-28,CENTRAL-01,Beauty,BEAU-4004,1,8.99,0.0,CUST-00109,Returning,Central,In-store
TXN-000340,2025-03-01,NORTH-01,Beauty,BEAU-4002,1,22.5,0.0,CUST-00925,Returning,North,In-store
TXN-000858,2025-03-01,SOUTH-03,Apparel,APP-3003,5,262.04,11.17,CUST-01340,Returning,South,In-store
TXN-002369,2025-03-01,CENTRAL-02,Beauty,BEAU-4004,1,8.99,0.0,CUST-00185,Returning,Central,In-store
TXN-003048,2025-03-01,SOUTH-01,Electronics,ELEC-1002,2,159.77,10.74,CUST-01322,Returning,South,In-store
TXN-003930,2025-03-01,WEST-01,Apparel,APP-3004,1,13.04,10.07,CUST-00829,Returning,West,In-store
TXN-005388,2025-03-01,CENTRAL-03,Home & Kitchen,HOME-2001,2,69.42,0.8,CUST-00388,Returning,Central,In-store
TXN-005470,2025-03-01,NORTH-01,Apparel,APP-3004,2,22.02,24.05,CUST-01688,Returning,North,In-store
TXN-005624,2025-03-01,EAST-03,Home & Kitchen,HOME-2002,2,135.86,14.01,CUST-00087,Returning,East,Online
TXN-005886,2025-03-01,EAST-03,Apparel,APP-3001,2,49.98,0.0,CUST-01665,Returning,East,Online
TXN-000368,2025-03-02,SOUTH-02,Beauty,BEAU-4003,3,82.65,21.29,CUST-01461,Returning,South,Online
TXN-001263,2025-03-02,EAST-01,Beauty,BEAU-4003,5,132.73,24.16,CUST-00090,Returning,East,In-store
TXN-001675,2025-03-02,WEST-02,Electronics,ELEC-1002,4,310.7,13.21,CUST-01762,Returning,West,In-store
TXN-002296,2025-03-02,EAST-03,Apparel,APP-3003,2,107.38,9.0,CUST-00888,New,East,Online
TXN-002520,2025-03-02,CENTRAL-02,Sports,SPRT-5004,2,48.94,17.04,CUST-01753,Returning,Central,Online
TXN-003581,2025-03-02,EAST-01,Electronics,ELEC-1002,1,85.74,4.2,CUST-00136,New,East,In-store
TXN-005423,2025-03-02,WEST-02,Apparel,APP-3003,2,100.97,14.43,CUST-00262,Returning,West,In-store
TXN-005730,2025-03-02,EAST-03,Sports,SPRT-5002,3,269.97,0.0,CUST-00217,Returning,East,Online
TXN-000371,2025-03-03,WEST-01,Home & Kitchen,HOME-2003,3,372.59,4.09,CUST-00640,New,West,In-store
TXN-000502,2025-03-03,SOUTH-02,Apparel,APP-3003,1,44.13,25.2,CUST-01168,Returning,South,In-store
TXN-000842,2025-03-03,SOUTH-02,Sports,SPRT-5003,2,231.66,2.66,CUST-00090,Returning,South,Online
TXN-001395,2025-03-03,CENTRAL-03,Home & Kitchen,HOME-2003,3,388.5,0.0,CUST-00422,New,Central,In-store
TXN-002356,2025-03-03,SOUTH-03,Apparel,APP-3001,2,45.03,9.91,CUST-00072,Returning,South,Online
TXN-003106,2025-03-03,SOUTH-01,Sports,SPRT-5002,1,89.99,0.0,CUST-00759,Returning,South,In-store
TXN-003258,2025-03-03,CENTRAL-03,Electronics,ELEC-1004,1,39.99,0.0,CUST-00050,Returning,Central,In-store
TXN-004081,2025-03-03,SOUTH-03,Apparel,APP-3001,3,74.97,0.0,CUST-00915,Returning,South,In-store
TXN-000599,2025-03-04,SOUTH-03,Apparel,APP-3001,3,66.53,11.26,CUST-00759,Returning,South,Online
TXN-002987,2025-03-04,SOUTH-02,Electronics,ELEC-1003,4,2372.24,0.99,CUST-00290,Returning,South,In-store
TXN-005032,2025-03-04,SOUTH-02,Electronics,ELEC-1002,1,79.69,10.96,CUST-00362,Returning,South,Online
TXN-005436,2025-03-04,NORTH-01,Beauty,BEAU-4003,2,70.0,0.0,CUST-00608,Returning,North,In-store
TXN-005827,2025-03-04,SOUTH-02,Electronics,ELEC-1001,3,741.57,1.12,CUST-01583,Returning,South,In-store
TXN-005920,2025-03-04,EAST-01,Apparel,APP-3003,6,300.87,15.01,CUST-00417,Returning,East,Online
TXN-000080,2025-03-05,SOUTH-03,Home & Kitchen,HOME-2001,1,33.93,3.04,CUST-01566,Returning,South,Online
TXN-000232,2025-03-05,WEST-02,Sports,SPRT-5002,5,445.91,0.9,CUST-01665,Returning,West,In-store
TXN-000395,2025-03-05,NORTH-01,Apparel,APP-3003,4,209.4,11.27,CUST-01653,Returning,North,In-store
TXN-001147,2025-03-05,EAST-03,Apparel,APP-3004,4,52.12,10.14,CUST-00794,Returning,East,In-store
TXN-001152,2025-03-05,NORTH-03,Sports,SPRT-5003,1,117.63,1.15,CUST-01390,New,North,Online
TXN-001500,2025-03-05,CENTRAL-01,Electronics,ELEC-1004,1,29.55,26.12,CUST-00696,Returning,Central,In-store
TXN-003260,2025-03-05,CENTRAL-02,Home & Kitchen,HOME-2003,2,256.05,1.14,CUST-00546,Returning,Central,Online
TXN-004046,2025-03-05,CENTRAL-03,Electronics,ELEC-1002,3,268.5,0.0,CUST-01727,Returning,Central,In-store
TXN-004319,2025-03-05,WEST-01,Home & Kitchen,HOME-2001,2,69.95,0.05,CUST-01509,Returning,West,In-store
TXN-005133,2025-03-05,SOUTH-02,Apparel,APP-3003,2,86.94,26.32,CUST-01497,Returning,South,In-store
TXN-005427,2025-03-05,CENTRAL-03,Home & Kitchen,HOME-2003,1,129.5,0.0,CUST-00225,Returning,Central,In-store
TXN-001731,2025-03-06,CENTRAL-02,Apparel,APP-3003,2,113.39,3.91,CUST-00143,Returning,Central,Online
TXN-001746,2025-03-06,EAST-03,Apparel,APP-3004,5,66.85,7.8,CUST-00353,Returning,East,In-store
TXN-002978,2025-03-06,SOUTH-03,Home & Kitchen,HOME-2001,1,34.99,0.0,CUST-01572,Returning,South,In-store
TXN-003312,2025-03-06,SOUTH-01,Apparel,APP-3004,2,27.65,4.64,CUST-01113,Returning,South,Online
TXN-001691,2025-03-07,NORTH-02,Sports,SPRT-5003,3,271.7,23.89,CUST-01029,Returning,North,Online
TXN-002050,2025-03-07,NORTH-01,Home & Kitchen,HOME-2004,2,39.7,0.7,CUST-00775,Returning,North,In-store
TXN-002390,2025-03-07,SOUTH-01,Electronics,ELEC-1003,2,1120.02,6.51,CUST-00766,Returning,South,In-store
TXN-002442,2025-03-07,NORTH-01,Apparel,APP-3001,4,99.93,0.03,CUST-00573,Returning,North,In-store
TXN-003572,2025-03-07,EAST-03,Electronics,ELEC-1004,2,71.49,10.62,CUST-00628,Returning,East,In-store
TXN-004055,2025-03-07,EAST-03,Electronics,ELEC-1004,3,99.89,16.74,CUST-00820,Returning,East,In-store
TXN-004885,2025-03-07,NORTH-02,Beauty,BEAU-4001,1,11.81,9.08,CUST-01739,New,North,In-store
TXN-000586,2025-03-08,EAST-02,Sports,SPRT-5004,2,52.88,10.37,CUST-00737,Returning,East,In-store
TXN-001734,2025-03-08,SOUTH-02,Electronics,ELEC-1002,2,161.76,9.63,CUST-00131,Returning,South,In-store
TXN-002456,2025-03-08,WEST-01,Electronics,ELEC-1002,1,84.73,5.32,CUST-00466,Returning,West,In-store
TXN-003221,2025-03-08,WEST-03,Apparel,APP-3002,6,191.09,20.36,CUST-00881,Returning,West,In-store
TXN-004050,2025-03-08,CENTRAL-03,Electronics,ELEC-1003,1,595.58,0.57,CUST-01132,Returning,Central,In-store
TXN-005286,2025-03-08,EAST-02,Home & Kitchen,HOME-2002,1,74.5,5.69,CUST-01641,Returning,East,In-store
TXN-005345,2025-03-08,SOUTH-03,Apparel,APP-3003,5,24974.0,15.34,CUST-00210,Returning,South,Online
TXN-005442,2025-03-08,EAST-01,Beauty,BEAU-4004,3,26.54,1.59,CUST-00827,Returning,East,In-store
TXN-005693,2025-03-08,EAST-03,Beauty,BEAU-4001,1,12.99,0.0,CUST-00386,New,East,In-store
TXN-000501,2025-03-09,SOUTH-02,Beauty,BEAU-4004,1,8.33,7.31,CUST-00915,Returning,South,Online
TXN-000905,2025-03-09,SOUTH-02,Beauty,BEAU-4004,1,7.64,14.97,CUST-01478,New,South,In-store
TXN-000994,2025-03-09,NORTH-01,Sports,SPRT-5002,1,89.39,0.67,CUST-00985,Returning,North,In-store
TXN-002165,2025-03-09,WEST-02,Sports,SPRT-5001,1,46.3,7.38,CUST-01486,Returning,West,Online
TXN-002867,2025-03-09,SOUTH-03,Electronics,ELEC-1002,1,76.27,14.78,CUST-00167,Returning,South,Online
TXN-004148,2025-03-09,EAST-03,Electronics,ELEC-1004,1,39.99,0.0,CUST-00397,Returning,East,Online
TXN-004436,2025-03-09,CENTRAL-02,Electronics,ELEC-1001,2,428.7,14.26,CUST-01289,Returning,Central,Online
TXN-004755,2025-03-09,EAST-01,Apparel,APP-3001,1,22.47,10.07,CUST-01538,Returning,East,Online
TXN-005079,2025-03-09,NORTH-02,Apparel,APP-3002,1,31.62,20.92,CUST-01390,Returning,North,In-store
TXN-005411,2025-03-09,NORTH-02,Home & Kitchen,HOME-2003,3,388.5,0.0,CUST-00975,Returning,North,In-store
TXN-005862,2025-03-09,SOUTH-02,Home & Kitchen,HOME-2002,2,141.24,10.61,CUST-00546,Returning,South,In-store
TXN-000831,2025-03-10,EAST-03,Home & Kitchen,HOME-2003,5,608.15,6.08,CUST-00196,Returning,East,In-store
TXN-001344,2025-03-10,NORTH-02,Apparel,APP-3004,2,29.0,0.0,CUST-00176,Returning,North,In-store
TXN-002252,2025-03-10,NORTH-01,Electronics,ELEC-1002,3,247.93,7.66,CUST-00633,Returning,North,In-store
TXN-002735,2025-03-10,NORTH-01,Apparel,APP-3001,8,178.17,10.88,CUST-00850,Returning,North,Online
TXN-003495,2025-03-10,EAST-02,Beauty,BEAU-4002,8,135.42,24.77,CUST-00802,Returning,East,In-store
TXN-003533,2025-03-10,NORTH-01,Home & Kitchen,HOME-2003,4,438.7,15.31,CUST-00288,Returning,North,Online
TXN-004829,2025-03-10,EAST-03,Home & Kitchen,HOME-2004,1,19.99,0.0,CUST-00940,Returning,East,In-store
TXN-000873,2025-03-11,WEST-03,Electronics,ELEC-1002,1,81.84,8.56,CUST-00293,Returning,West,Online
TXN-002063,2025-03-11,WEST-03,Home & Kitchen,HOME-2002,2,144.15,8.77,CUST-00168,Returning,West,In-store
TXN-000617,2025-03-12,CENTRAL-03,Home & Kitchen,HOME-2004,2,39.49,1.24,CUST-00841,New,Central,Online
TXN-001167,2025-03-12,SOUTH-01,Home & Kitchen,HOME-2004,1,17.88,10.54,CUST-01139,New,South,In-store
TXN-002366,2025-03-12,SOUTH-03,Electronics,ELEC-1003,2,1102.46,7.97,CUST-01191,Returning,South,In-store
TXN-003570,2025-03-12,EAST-02,Beauty,BEAU-4004,2,16.32,9.21,CUST-01251,Returning,East,In-store
TXN-003904,2025-03-12,NORTH-02,Home & Kitchen,HOME-2003,10,1285.91,0.7,CUST-01209,Returning,North,In-store
TXN-004179,2025-03-12,WEST-03,Electronics,ELEC-1001,1,235.02,5.99,CUST-01425,New,West,In-store
TXN-004180,2025-03-12,EAST-03,Apparel,APP-3003,6,286.27,19.13,CUST-01080,New,East,Online
TXN-004776,2025-03-12,NORTH-03,Home & Kitchen,HOME-2001,5,166.46,4.85,CUST-00767,Returning,North,In-store
TXN-005068,2025-03-12,WEST-03,Beauty,BEAU-4003,1,29.2,16.56,CUST-00517,Returning,West,Online
TXN-005163,2025-03-12,CENTRAL-02,Electronics,ELEC-1001,3,607.52,18.99,CUST-00830,Returning,Central,In-store
TXN-005591,2025-03-12,CENTRAL-01,Electronics,ELEC-1004,1,39.87,0.31,CUST-01129,New,Central,Online
TXN-001544,2025-03-13,WEST-01,Sports,SPRT-5003,1,116.26,2.31,CUST-01759,Returning,West,In-store
TXN-001736,2025-03-13,NORTH-02,Apparel,APP-3001,2,49.98,0.0,CUST-00867,Returning,North,In-store
TXN-002268,2025-03-13,CENTRAL-01,Beauty,BEAU-4003,4,127.01,9.28,CUST-00471,Returning,Central,In-store
TXN-002455,2025-03-13,WEST-01,Beauty,BEAU-4002,1,20.52,8.8,CUST-00471,Returning,West,In-store
TXN-002635,2025-03-13,NORTH-01,Home & Kitchen,HOME-2004,2,39.85,0.32,CUST-01390,Returning,North,Online
TXN-002889,2025-03-13,EAST-02,Electronics,ELEC-1003,4,1973.12,17.65,CUST-01279,New,East,In-store
TXN-003526,2025-03-13,WEST-01,Apparel,APP-3003,5,224.63,23.86,CUST-01665,Returning,West,Online
TXN-003545,2025-03-13,SOUTH-02,Beauty,BEAU-4001,8,102.75,1.12,CUST-00246,Returning,South,In-store
TXN-005073,2025-03-13,NORTH-03,Electronics,ELEC-1002,1,84.49,5.6,CUST-01638,Returning,North,In-store
TXN-005217,2025-03-13,CENTRAL-03,Apparel,APP-3001,2,41.3,17.36,CUST-01736,Returning,Central,In-store
TXN-000520,2025-03-14,SOUTH-03,Apparel,APP-3003,3,158.89,10.23,CUST-01024,Returning,South,In-store
TXN-001437,2025-03-14,CENTRAL-03,Sports,SPRT-5004,2,57.65,2.28,CUST-00664,Returning,Central,In-store
TXN-001451,2025-03-14,SOUTH-03,Electronics,ELEC-1002,4,285.5,20.25,CUST-01040,Returning,South,In-store
TXN-001523,2025-03-14,SOUTH-03,Apparel,APP-3001,1,22.37,10.49,CUST-01027,Returning,South,Online
TXN-003030,2025-03-14,CENTRAL-01,Sports,SPRT-5004,6,174.94,1.17,CUST-01295,New,Central,Online
TXN-000799,2025-03-15,EAST-01,Home & Kitchen,HOME-2002,4,224.68,28.9,CUST-01318,Returning,East,In-store
TXN-000828,2025-03-15,NORTH-02,Beauty,BEAU-4003,1,29.79,14.88,CUST-01364,Returning,North,Online
TXN-001690,2025-03-15,NORTH-02,Electronics,ELEC-1004,1,39.91,0.19,CUST-00298,Returning,North,Online
TXN-002159,2025-03-15,CENTRAL-01,Apparel,APP-3003,2,116.74,1.07,CUST-00710,New,Central,Online
TXN-003996,2025-03-15,NORTH-02,Sports,SPRT-5003,1,94.02,20.99,CUST-01300,Returning,North,In-store
TXN-004213,2025-03-15,EAST-02,Apparel,APP-3002,1,39.9,0.21,CUST-00392,New,East,In-store
TXN-004292,2025-03-15,EAST-01,Home & Kitchen,HOME-2001,2,65.3,6.69,CUST-01452,Returning,East,Online
TXN-004665,2025-03-15,WEST-01,Home & Kitchen,HOME-2002,1,63.51,19.61,CUST-00001,Returning,West,Online
TXN-005221,2025-03-15,WEST-01,Home & Kitchen,HOME-2003,1,120.82,6.7,CUST-00352,Returning,West,Online
TXN-005617,2025-03-15,CENTRAL-03,Apparel,APP-3004,4,52.32,9.79,CUST-00648,Returning,Central,Online
TXN-005832,2025-03-15,CENTRAL-03,Beauty,BEAU-4001,3,34.08,12.55,CUST-00327,Returning,Central,In-store
TXN-000040,2025-03-16,EAST-03,Apparel,APP-3003,3,176.93,0.04,CUST-01463,Returning,East,Online
TXN-002405,2025-03-16,EAST-01,Home & Kitchen,HOME-2002,5,375.78,4.87,CUST-00958,Returning,East,In-store
TXN-002961,2025-03-16,EAST-01,Beauty,BEAU-4001,3,32.98,15.38,CUST-00080,Returning,East,In-store
TXN-003128,2025-03-16,NORTH-03,Electronics,ELEC-1003,8,3940.0,17.78,CUST-01466,Returning,North,Online
TXN-003767,2025-03-16,EAST-01,Home & Kitchen,HOME-2001,3,104.97,0.0,CUST-00417,Returning,East,In-store
TXN-003772,2025-03-16,CENTRAL-01,Apparel,APP-3001,1,22.34,10.59,CUST-01180,Returning,Central,Online
TXN-002166,2025-03-17,SOUTH-01,Beauty,BEAU-4002,1,17.77,21.03,CUST-00270,Returning,South,Online
TXN-002310,2025-03-17,CENTRAL-03,Apparel,APP-3004,1,13.05,9.99,CUST-01462,Returning,Central,In-store
TXN-002685,2025-03-17,CENTRAL-02,Sports,SPRT-5001,1,49.99,0.0,CUST-00686,Returning,Central,In-store
TXN-002894,2025-03-17,CENTRAL-03,Beauty,BEAU-4002,3,53.77,20.34,CUST-00255,Returning,Central,Online
TXN-003615,2025-03-17,SOUTH-03,Apparel,APP-3004,3,41.47,4.66,CUST-01223,Returning,South,In-store
TXN-004079,2025-03-17,WEST-01,Home & Kitchen,HOME-2001,2,59.04,15.63,CUST-00169,Returning,West,Online
TXN-004088,2025-03-17,NORTH-01,Sports,SPRT-5001,6,237.66,20.76,CUST-01504,Returning,North,Online
TXN-005270,2025-03-17,SOUTH-03,Sports,SPRT-5004,2,53.13,9.95,CUST-00142,Returning,South,In-store
TXN-005335,2025-03-17,CENTRAL-03,Apparel,APP-3003,6,317.31,10.36,CUST-00746,Returning,Central,Online
TXN-005765,2025-03-17,SOUTH-01,Beauty,BEAU-4002,1,22.5,0.0,CUST-01278,Returning,South,In-store
TXN-000357,2025-03-18,NORTH-02,Home & Kitchen,HOME-2003,1,129.5,0.0,CUST-01789,Returning,North,In-store
TXN-000479,2025-03-18,EAST-02,Beauty,BEAU-4002,6,132.9,1.55,CUST-01466,Returning,East,Online
TXN-000708,2025-03-18,EAST-02,Apparel,APP-3003,1,55.62,5.74,CUST-00586,Returning,East,Online
TXN-001648,2025-03-18,SOUTH-02,Home & Kitchen,HOME-2003,1,91.56,29.3,CUST-00610,Returning,South,Online
TXN-001909,2025-03-18,NORTH-01,Sports,SPRT-5004,1,26.52,10.1,CUST-00374,New,North,In-store
TXN-003281,2025-03-18,WEST-02,Home & Kitchen,HOME-2001,10,349.9,0.0,CUST-00071,Returning,West,In-store
TXN-004539,2025-03-18,CENTRAL-03,Electronics,ELEC-1001,2,499.89,0.02,CUST-00840,Returning,Central,In-store
TXN-002048,2025-03-19,NORTH-02,Home & Kitchen,HOME-2002,3,209.76,11.49,CUST-00515,Returning,North,In-store
TXN-002745,2025-03-19,WEST-01,Electronics,ELEC-1004,3,119.97,0.0,CUST-00524,New,West,In-store
TXN-003776,2025-03-19,EAST-01,Beauty,BEAU-4001,1,12.99,0.0,CUST-00343,Returning,East,Online
TXN-005481,2025-03-19,WEST-03,Beauty,BEAU-4003,1,32.86,6.12,CUST-00692,New,West,Online
TXN-005521,2025-03-19,WEST-02,Beauty,BEAU-4003,2,68.15,2.65,CUST-00951,Returning,West,In-store
TXN-000495,2025-03-20,NORTH-02,Electronics,ELEC-1002,2,176.2,1.57,CUST-01207,New,North,Online
TXN-000560,2025-03-20,NORTH-03,Apparel,APP-3004,3,34.96,19.63,CUST-00288,Returning,North,Online
TXN-000681,2025-03-20,WEST-02,Home & Kitchen,HOME-2002,2,149.92,5.11,CUST-01495,Returning,West,In-store
TXN-000761,2025-03-20,CENTRAL-01,Electronics,ELEC-1001,2,449.75,10.05,CUST-01336,Returning,Central,In-store
TXN-005330,2025-03-20,EAST-01,Sports,SPRT-5004,1,29.5,0.0,CUST-00397,Returning,East,Online
TXN-005748,2025-03-20,EAST-03,Sports,SPRT-5004,1,29.5,0.0,CUST-01185,Returning,East,Online
TXN-005750,2025-03-20,WEST-02,Sports,SPRT-5002,6,455.88,15.57,CUST-00889,Returning,West,In-store
TXN-005773,2025-03-20,WEST-03,Electronics,ELEC-1004,4,129.95,18.76,CUST-00036,Returning,West,In-store
TXN-000006,2025-03-21,WEST-02,Apparel,APP-3001,1,24.99,0.0,CUST-01626,Returning,West,Online
TXN-000558,2025-03-21,NORTH-02,Electronics,ELEC-1004,5,191.35,4.3,CUST-01672,Returning,North,In-store
TXN-001601,2025-03-21,WEST-02,Sports,SPRT-5002,1,89.99,0.0,CUST-01036,Returning,West,In-store
TXN-001621,2025-03-21,NORTH-02,Beauty,BEAU-4001,2,25.98,0.0,CUST-00204,Returning,North,In-store
TXN-001774,2025-03-21,NORTH-01,Sports,SPRT-5004,1,22.5,23.74,CUST-00206,Returning,North,In-store
TXN-002402,2025-03-21,WEST-02,Home & Kitchen,HOME-2003,1,129.5,0.0,CUST-00670,New,West,In-store
TXN-002681,2025-03-21,WEST-01,Electronics,ELEC-1002,5,323.79,27.64,CUST-00847,Returning,West,Online
TXN-002700,2025-03-21,CENTRAL-02,Beauty,BEAU-4002,3,64.21,4.87,CUST-00081,Returning,Central,Online
TXN-002741,2025-03-21,NORTH-02,Home & Kitchen,HOME-2001,1,33.89,3.13,CUST-00898,Returning,North,In-store
TXN-003991,2025-03-21,WEST-01,Apparel,APP-3002,3,108.35,9.69,CUST-01063,Returning,West,In-store
TXN-005739,2025-03-21,SOUTH-03,Apparel,APP-3001,2,49.98,0.0,CUST-00717,Returning,South,In-store
TXN-000974,2025-03-22,NORTH-02,Sports,SPRT-5001,10,428.09,14.36,CUST-01338,Returning,North,Online
TXN-001214,2025-03-22,SOUTH-03,Home & Kitchen,HOME-2001,2,66.7,4.69,CUST-01007,Returning,South,In-store
TXN-001322,2025-03-22,CENTRAL-02,Sports,SPRT-5001,10,499.9,0.0,CUST-00024,Returning,Central,Online
TXN-001422,2025-03-22,SOUTH-02,Home & Kitchen,HOME-2002,2,128.84,18.45,CUST-01159,Returning,South,In-store
TXN-001568,2025-03-22,EAST-02,Beauty,BEAU-4004,5,44.52,0.95,CUST-00797,Returning,East,In-store
TXN-001653,2025-03-22,NORTH-02,Apparel,APP-3004,2,28.96,0.14,CUST-00089,Returning,North,In-store
TXN-001673,2025-03-22,NORTH-03,Sports,SPRT-5003,1,107.84,9.38,CUST-01303,Returning,North,In-store
TXN-001910,2025-03-22,NORTH-01,Home & Kitchen,HOME-2001,1,31.67,9.49,CUST-00424,Returning,North,Online
TXN-001998,2025-03-22,WEST-03,Home & Kitchen,HOME-2004,3,59.97,0.0,CUST-01191,Returning,West,In-store
TXN-002057,2025-03-22,CENTRAL-02,Home & Kitchen,HOME-2002,2,147.6,6.59,CUST-00338,Returning,Central,Online
TXN-002334,2025-03-22,SOUTH-01,Apparel,APP-3001,1,23.67,5.29,CUST-01509,Returning,South,In-store
TXN-002877,2025-03-22,EAST-01,Apparel,APP-3001,6,104.39,30.38,CUST-01523,Returning,East,In-store
TXN-003482,2025-03-22,NORTH-02,Apparel,APP-3002,5,161.49,19.24,CUST-00976,Returning,North,In-store
TXN-003555,2025-03-22,WEST-03,Apparel,APP-3004,6,85.19,2.08,CUST-01756,Returning,West,In-store
TXN-004507,2025-03-22,NORTH-01,Beauty,BEAU-4004,1,8.34,7.24,CUST-00957,Returning,North,In-store
TXN-005192,2025-03-22,EAST-02,Home & Kitchen,HOME-2004,6,119.94,0.0,CUST-00351,Returning,East,Online
TXN-005799,2025-03-22,WEST-03,Sports,SPRT-5003,1,111.86,6.0,CUST-00040,Returning,West,In-store
TXN-000231,2025-03-23,EAST-03,Beauty,BEAU-4001,3,35.37,9.23,CUST-00901,Returning,East,Online
TXN-001710,2025-03-23,SOUTH-02,Electronics,ELEC-1003,2,1085.64,9.38,CUST-00254,Returning,South,Online
TXN-003424,2025-03-23,SOUTH-03,Electronics,ELEC-1003,1,447.83,25.24,CUST-01496,Returning,South,In-store
TXN-003727,2025-03-23,SOUTH-02,Apparel,APP-3003,10,502.37,14.85,CUST-01345,Returning,South,In-store
TXN-003902,2025-03-23,EAST-02,Apparel,APP-3003,8,422.39,10.51,CUST-00914,Returning,East,Online
TXN-004207,2025-03-23,NORTH-01,Sports,SPRT-5004,3,88.5,0.0,CUST-01522,Returning,North,In-store
TXN-004225,2025-03-23,CENTRAL-01,Home & Kitchen,HOME-2004,1,18.16,9.13,CUST-01423,Returning,Central,Online
TXN-004638,2025-03-23,WEST-01,Electronics,ELEC-1003,1,592.98,1.01,CUST-01356,Returning,West,Online
TXN-005101,2025-03-23,SOUTH-01,Apparel,APP-3004,1,13.0,10.35,CUST-01045,Returning,South,In-store
TXN-005265,2025-03-23,CENTRAL-01,Home & Kitchen,HOME-2002,6,438.28,7.54,CUST-01058,Returning,Central,In-store
TXN-000063,2025-03-24,SOUTH-02,Electronics,ELEC-1004,4,137.02,14.34,CUST-00596,Returning,South,In-store
TXN-000072,2025-03-24,WEST-02,Apparel,APP-3003,1,50.63,14.18,CUST-01217,Returning,West,In-store
TXN-002290,2025-03-24,WEST-02,Beauty,BEAU-4004,3,24.69,8.46,CUST-00725,Returning,West,In-store
TXN-004731,2025-03-24,NORTH-02,Electronics,ELEC-1004,2,78.76,1.53,CUST-01650,Returning,North,In-store
TXN-004833,2025-03-24,EAST-03,Home & Kitchen,HOME-2002,5,371.75,5.89,CUST-01394,New,East,In-store
TXN-005609,2025-03-24,EAST-02,Electronics,ELEC-1001,4,908.71,9.13,CUST-00602,Returning,East,Online
TXN-005631,2025-03-24,EAST-03,Sports,SPRT-5003,4,476.0,0.0,CUST-01660,Returning,East,In-store
TXN-000742,2025-03-25,SOUTH-01,Beauty,BEAU-4003,5,174.76,0.14,CUST-01132,Returning,South,Online
TXN-000786,2025-03-25,WEST-02,Apparel,APP-3002,3,101.03,15.79,CUST-00465,Returning,West,In-store
TXN-001251,2025-03-25,CENTRAL-02,Beauty,BEAU-4002,1,18.62,17.23,CUST-01573,Returning,Central,Online
TXN-002660,2025-03-25,WEST-01,Apparel,APP-3001,2,49.98,0.0,CUST-00405,Returning,West,In-store
TXN-004607,2025-03-25,NORTH-01,Apparel,APP-3001,2,49.98,0.0,CUST-00475,Returning,North,In-store
TXN-005671,2025-03-25,CENTRAL-01,Apparel,APP-3002,1,37.03,7.41,CUST-01476,Returning,Central,Online
TXN-001829,2025-03-26,EAST-01,Electronics,ELEC-1003,1,467.22,22.0,CUST-00952,Returning,East,In-store
TXN-002601,2025-03-26,WEST-02,Beauty,BEAU-4004,2,14.37,20.09,CUST-00575,Returning,West,Online
TXN-003172,2025-03-26,NORTH-03,Home & Kitchen,HOME-2003,5,647.5,0.0,CUST-01502,Returning,North,In-store
TXN-003342,2025-03-26,CENTRAL-01,Electronics,ELEC-1001,4,893.39,10.66,CUST-01702,New,Central,In-store
TXN-003525,2025-03-26,SOUTH-03,Beauty,BEAU-4004,10,89.48,0.46,CUST-01141,Returning,South,In-store
TXN-004651,2025-03-26,WEST-02,Electronics,ELEC-1002,3,241.2,10.17,CUST-01063,Returning,West,In-store
TXN-004670,2025-03-26,EAST-03,Apparel,APP-3003,2,103.25,12.5,CUST-01045,Returning,East,In-store
TXN-005499,2025-03-26,NORTH-02,Home & Kitchen,HOME-2003,2,227.06,12.33,CUST-01755,Returning,North,In-store
TXN-005585,2025-03-26,NORTH-03,Apparel,APP-3003,4,234.39,0.68,CUST-01442,Returning,North,Online
TXN-001176,2025-03-27,NORTH-03,Home & Kitchen,HOME-2004,2,30.45,23.84,CUST-01267,Returning,North,In-store
TXN-002466,2025-03-27,SOUTH-03,Electronics,ELEC-1003,2,1198.0,0.0,CUST-00946,New,South,Online
TXN-003805,2025-03-27,SOUTH-02,Apparel,APP-3001,3,64.27,14.27,CUST-00173,New,South,In-store
TXN-003920,2025-03-27,EAST-03,Electronics,ELEC-1001,1,249.99,0.0,CUST-00806,Returning,East,In-store
TXN-004275,2025-03-27,SOUTH-03,Apparel,APP-3004,1,14.5,0.0,CUST-00943,Returning,South,Online
TXN-005162,2025-03-27,CENTRAL-03,Apparel,APP-3003,1,55.68,5.63,CUST-01727,Returning,Central,In-store
TXN-005246,2025-03-27,WEST-02,Apparel,APP-3001,10,249.9,0.0,CUST-00030,Returning,West,In-store
TXN-005627,2025-03-27,SOUTH-02,Home & Kitchen,HOME-2002,6,383.46,19.1,CUST-01766,New,South,Online
TXN-005683,2025-03-27,NORTH-01,Apparel,APP-3002,1,30.98,22.53,CUST-01084,Returning,North,In-store
TXN-005858,2025-03-27,SOUTH-03,Apparel,APP-3001,1,21.44,14.21,CUST-01306,Returning,South,In-store
TXN-003049,2025-03-28,WEST-03,Home & Kitchen,HOME-2004,8,156.82,1.94,CUST-00962,New,West,Online
TXN-003366,2025-03-28,WEST-02,Electronics,ELEC-1003,1,542.78,9.39,CUST-01766,Returning,West,In-store
TXN-003882,2025-03-28,SOUTH-02,Home & Kitchen,HOME-2004,5,99.95,0.0,CUST-01101,Returning,South,In-store
TXN-004295,2025-03-28,CENTRAL-01,Electronics,ELEC-1003,3,1790.77,0.35,CUST-01225,Returning,Central,In-store
TXN-004912,2025-03-28,SOUTH-02,Electronics,ELEC-1004,1,39.99,0.0,CUST-00271,Returning,South,In-store
TXN-005303,2025-03-28,SOUTH-02,Beauty,BEAU-4003,1,34.08,2.62,CUST-01602,Returning,South,In-store
TXN-005603,2025-03-28,NORTH-01,Home & Kitchen,HOME-2001,1,30.09,14.02,CUST-01703,Returning,North,In-store
TXN-001099,2025-03-29,CENTRAL-03,Beauty,BEAU-4001,4,50.99,1.87,CUST-00694,Returning,Central,In-store
TXN-001491,2025-03-29,SOUTH-02,Apparel,APP-3003,2,106.0,10.17,CUST-01748,Returning,South,Online
TXN-002083,2025-03-29,WEST-03,Beauty,BEAU-4004,2,16.89,6.06,CUST-00273,Returning,West,Online
TXN-002571,2025-03-29,WEST-02,Apparel,APP-3003,1,59.0,0.0,CUST-00122,Returning,West,In-store
TXN-003013,2025-03-29,EAST-02,Sports,SPRT-5003,2,238.0,0.0,CUST-00916,Returning,East,In-store
TXN-003476,2025-03-29,CENTRAL-01,Electronics,ELEC-1004,8,251.87,21.27,CUST-00219,Returning,Central,In-store
TXN-003649,2025-03-29,SOUTH-02,Home & Kitchen,HOME-2004,5,89.66,10.29,CUST-01318,Returning,South,Online
TXN-005471,2025-03-29,NORTH-02,Apparel,APP-3001,3,74.97,0.0,CUST-00183,New,North,In-store
TXN-005930,2025-03-29,NORTH-02,Sports,SPRT-5003,3,344.24,3.57,CUST-01582,Returning,North,In-store
TXN-005967,2025-03-29,NORTH-03,Home & Kitchen,HOME-2004,1,17.95,10.21,CUST-00703,Returning,North,In-store
TXN-000768,2025-03-30,WEST-02,Home & Kitchen,HOME-2004,2,36.75,8.08,CUST-00908,Returning,West,Online
TXN-000930,2025-03-30,WEST-02,Electronics,ELEC-1001,3,726.34,3.15,CUST-00410,Returning,West,In-store
TXN-001035,2025-03-30,CENTRAL-03,Home & Kitchen,HOME-2002,6,427.87,9.73,CUST-00115,Returning,Central,In-store
TXN-001280,2025-03-30,EAST-02,Electronics,ELEC-1003,4,1919.25,19.9,CUST-00120,Returning,East,Online
TXN-001419,2025-03-30,CENTRAL-02,Apparel,APP-3003,1,52.69,10.69,CUST-01158,Returning,Central,In-store
TXN-002725,2025-03-30,NORTH-03,Home & Kitchen,HOME-2002,1,68.15,13.73,CUST-01651,Returning,North,In-store
TXN-003036,2025-03-30,WEST-03,Apparel,APP-3001,1,21.63,13.44,CUST-00083,Returning,West,In-store
TXN-005506,2025-03-30,NORTH-03,Apparel,APP-3002,5,180.59,9.68,CUST-00926,Returning,North,Online
TXN-005986,2025-03-30,EAST-03,Electronics,ELEC-1004,2,76.21,4.71,CUST-01775,Returning,East,In-store
TXN-000154,2025-03-31,EAST-01,Home & Kitchen,HOME-2003,1,129.49,0.01,CUST-00645,Returning,East,In-store
TXN-001319,2025-03-31,CENTRAL-03,Home & Kitchen,HOME-2002,3,219.37,7.44,CUST-00414,New,Central,In-store
TXN-001781,2025-03-31,CENTRAL-02,Apparel,APP-3003,2,115.07,2.48,CUST-01116,Returning,Central,In-store
TXN-001893,2025-03-31,NORTH-02,Electronics,ELEC-1003,3,1574.59,12.38,CUST-00915,Returning,North,In-store
TXN-002524,2025-03-31,EAST-03,Electronics,ELEC-1002,2,177.33,0.93,CUST-00343,Returning,East,In-store
TXN-004075,2025-03-31,SOUTH-02,Apparel,APP-3002,2,76.35,4.54,CUST-00385,New,South,In-store
TXN-004904,2025-03-31,CENTRAL-03,Beauty,BEAU-4002,1,21.54,4.27,CUST-01145,Returning,Central,In-store
TXN-004951,2025-03-31,NORTH-02,Sports,SPRT-5004,3,71.6,19.1,CUST-00726,Returning,North,In-store
TXN-005212,2025-03-31,CENTRAL-03,Home & Kitchen,HOME-2004,2,39.98,0.0,CUST-01090,Returning,Central,Online
TXN-000406,2025-04-01,CENTRAL-03,Apparel,APP-3002,5,191.24,4.36,CUST-01729,Returning,Central,In-store
TXN-000724,2025-04-01,NORTH-02,Electronics,ELEC-1004,1,39.65,0.86,CUST-01031,Returning,North,In-store
TXN-000785,2025-04-01,SOUTH-03,Apparel,APP-3003,10,548.16,7.09,CUST-01737,Returning,South,In-store
TXN-001389,2025-04-01,CENTRAL-02,Electronics,ELEC-1002,1,84.18,5.95,CUST-00820,Returning,Central,In-store
TXN-001793,2025-04-01,EAST-02,Home & Kitchen,HOME-2001,1,32.86,6.08,CUST-00743,Returning,East,In-store
TXN-001840,2025-04-01,WEST-02,Apparel,APP-3001,1,23.73,5.05,CUST-01486,Returning,West,Online
TXN-002859,2025-04-01,WEST-01,Apparel,APP-3003,5,290.65,1.47,CUST-00285,New,West,In-store
TXN-003263,2025-04-01,EAST-03,Sports,SPRT-5003,8,904.3,5.01,CUST-01631,Returning,East,Online
TXN-004708,2025-04-01,WEST-02,Beauty,BEAU-4001,1,12.97,0.15,CUST-00958,Returning,West,Online
TXN-004910,2025-04-01,WEST-03,Beauty,BEAU-4004,2,17.98,0.0,CUST-01699,Returning,West,In-store
TXN-005847,2025-04-01,WEST-02,Electronics,ELEC-1002,6,471.77,12.15,CUST-00383,Returning,West,In-store
TXN-000763,2025-04-02,WEST-03,Apparel,APP-3001,1,22.02,11.9,CUST-01011,Returning,West,In-store
TXN-001109,2025-04-02,NORTH-01,Apparel,APP-3002,1,37.63,5.9,CUST-00913,Returning,North,In-store
TXN-003694,2025-04-02,SOUTH-01,Home & Kitchen,HOME-2004,3,59.14,1.38,CUST-01001,Returning,South,Online
TXN-004515,2025-04-02,SOUTH-03,Beauty,BEAU-4003,3,105.0,0.0,CUST-00926,Returning,South,Online
TXN-004932,2025-04-02,NORTH-01,Beauty,BEAU-4003,8,279.18,0.29,CUST-01120,Returning,North,Online
TXN-005229,2025-04-02,CENTRAL-03,Beauty,BEAU-4002,1,22.5,0.0,CUST-01618,Returning,Central,Online
TXN-000052,2025-04-03,EAST-03,Home & Kitchen,HOME-2004,6,94.9,20.88,CUST-00182,Returning,East,In-store
TXN-000237,2025-04-03,NORTH-01,Electronics,ELEC-1001,4,998.23,0.17,CUST-00304,Returning,North,In-store
TXN-000424,2025-04-03,EAST-02,Apparel,APP-3002,1,37.61,5.95,CUST-01017,Returning,East,Online
TXN-000451,2025-04-03,SOUTH-03,Home & Kitchen,HOME-2004,6,100.32,16.36,CUST-00682,New,South,In-store
TXN-001942,2025-04-03,NORTH-02,Apparel,APP-3004,1,13.44,7.3,CUST-00394,Returning,North,Online
TXN-002234,2025-04-03,CENTRAL-01,Home & Kitchen,HOME-2002,3,224.97,5.08,CUST-00969,Returning,Central,In-store
TXN-002747,2025-04-03,SOUTH-03,Electronics,ELEC-1002,1,86.15,3.74,CUST-01530,Returning,South,In-store
TXN-003119,2025-04-03,WEST-01,Apparel,APP-3004,3,37.77,13.16,CUST-01716,Returning,West,In-store
TXN-004025,2025-04-03,NORTH-02,Home & Kitchen,HOME-2002,4,297.88,5.73,CUST-00157,New,North,Online
TXN-004547,2025-04-03,NORTH-02,Sports,SPRT-5004,5,146.8,0.47,CUST-01483,Returning,North,In-store
TXN-004640,2025-04-03,NORTH-01,Beauty,BEAU-4002,1,22.33,0.76,CUST-00113,New,North,In-store
TXN-000128,2025-04-04,SOUTH-03,Apparel,APP-3004,3,43.5,0.0,CUST-01420,Returning,South,Online
TXN-001874,2025-04-04,WEST-01,Beauty,BEAU-4002,1,22.49,0.06,CUST-01693,Returning,West,In-store
TXN-002325,2025-04-04,WEST-02,Apparel,APP-3004,2,26.13,9.9,CUST-00177,Returning,West,In-store
TXN-002452,2025-04-04,SOUTH-02,Apparel,APP-3003,2,116.85,0.97,CUST-01027,Returning,South,In-store
TXN-003348,2025-04-04,SOUTH-01,Sports,SPRT-5002,2,144.79,19.55,CUST-00298,Returning,South,Online
TXN-003654,2025-04-04,SOUTH-01,Beauty,BEAU-4002,1,22.5,0.0,CUST-01477,New,South,In-store
TXN-000104,2025-04-05,NORTH-01,Beauty,BEAU-4001,1,12.99,0.0,CUST-00469,Returning,North,In-store
TXN-000565,2025-04-05,EAST-01,Beauty,BEAU-4004,6,47.73,11.51,CUST-00786,Returning,East,In-store
TXN-001579,2025-04-05,EAST-02,Beauty,BEAU-4004,1,8.99,0.05,CUST-00832,Returning,East,In-store
TXN-004258,2025-04-05,SOUTH-01,Home & Kitchen,HOME-2001,6,199.23,5.1,CUST-00379,New,South,In-store
TXN-004390,2025-04-05,SOUTH-01,Sports,SPRT-5004,2,46.37,21.41,CUST-00923,Returning,South,Online
TXN-004911,2025-04-05,CENTRAL-03,Electronics,ELEC-1001,1,235.75,5.7,CUST-01215,Returning,Central,Online
TXN-005218,2025-04-05,NORTH-02,Beauty,BEAU-4002,2,35.98,20.03,CUST-01317,Returning,North,In-store
TXN-005599,2025-04-05,SOUTH-03,Sports,SPRT-5003,1,96.2,19.16,CUST-00545,New,South,Online
TXN-005974,2025-04-05,NORTH-03,Beauty,BEAU-4002,2,38.51,14.42,CUST-00386,Returning,North,In-store
TXN-000433,2025-04-06,SOUTH-01,Beauty,BEAU-4001,5,64.95,0.0,CUST-01512,Returning,South,In-store
TXN-000444,2025-04-06,EAST-02,Beauty,BEAU-4003,3,94.95,9.57,CUST-00887,Returning,East,In-store
TXN-002394,2025-04-06,EAST-02,Home & Kitchen,HOME-2004,3,50.58,15.65,CUST-00995,Returning,East,In-store
TXN-002418,2025-04-06,CENTRAL-02,Home & Kitchen,HOME-2004,2,39.98,0.0,CUST-01308,Returning,Central,In-store
TXN-002485,2025-04-06,WEST-02,Sports,SPRT-5001,1,47.94,4.1,CUST-01235,Returning,West,In-store
TXN-002798,2025-04-06,EAST-03,Apparel,APP-3003,2,117.45,0.47,CUST-00753,Returning,East,In-store
TXN-003003,2025-04-06,SOUTH-03,Home & Kitchen,HOME-2004,3,59.97,0.0,CUST-01402,Returning,South,In-store
TXN-003345,2025-04-06,WEST-02,Home & Kitchen,HOME-2004,3,59.96,0.02,CUST-01197,Returning,West,Online
TXN-004757,2025-04-06,EAST-03,Home & Kitchen,HOME-2002,2,123.61,21.77,CUST-01738,Returning,East,In-store
TXN-005459,2025-04-06,EAST-02,Sports,SPRT-5003,1,119.0,0.0,CUST-00529,Returning,East,In-store
TXN-005571,2025-04-06,EAST-02,Electronics,ELEC-1003,3,1531.85,14.76,CUST-00910,Returning,East,In-store
TXN-001973,2025-04-07,NORTH-02,Beauty,BEAU-4002,2,36.81,18.21,CUST-00159,New,North,Online
TXN-002174,2025-04-07,NORTH-03,Electronics,ELEC-1001,5,1090.98,12.72,CUST-01490,Returning,North,Online
TXN-003292,2025-04-07,NORTH-02,Home & Kitchen,HOME-2002,4,246.26,22.07,CUST-01581,Returning,North,In-store
TXN-003758,2025-04-07,CENTRAL-01,Home & Kitchen,HOME-2003,2,245.09,5.37,CUST-00729,Returning,Central,In-store
TXN-005510,2025-04-07,EAST-02,Home & Kitchen,HOME-2003,2,245.6,5.17,CUST-00226,Returning,East,In-store
TXN-000633,2025-04-08,SOUTH-02,Home & Kitchen,HOME-2003,1,110.65,14.55,CUST-01094,Returning,South,Online
TXN-000783,2025-04-08,WEST-03,Apparel,APP-3001,4,74.14,25.83,CUST-01704,Returning,West,Online
TXN-001025,2025-04-08,EAST-03,Apparel,APP-3004,10,131.63,9.22,CUST-00741,Returning,East,Online
TXN-001324,2025-04-08,SOUTH-02,Beauty,BEAU-4002,2,40.07,10.96,CUST-00434,Returning,South,In-store
TXN-001902,2025-04-08,EAST-02,Electronics,ELEC-1002,2,172.57,3.59,CUST-01350,Returning,East,In-store
TXN-002176,2025-04-08,CENTRAL-02,Electronics,ELEC-1003,3,1652.29,8.05,CUST-01271,Returning,Central,Online
TXN-002794,2025-04-08,WEST-02,Electronics,ELEC-1002,1,89.5,0.0,CUST-01157,Returning,West,Online
TXN-003310,2025-04-08,SOUTH-03,Electronics,ELEC-1004,3,106.33,11.37,CUST-00304,Returning,South,Online
TXN-000130,2025-04-09,WEST-03,Beauty,BEAU-4001,2,25.03,3.67,CUST-01607,Returning,West,In-store
TXN-000947,2025-04-09,WEST-02,Beauty,BEAU-4003,1,35.0,0.0,CUST-00460,Returning,West,In-store
TXN-001402,2025-04-09,CENTRAL-01,Home & Kitchen,HOME-2001,8,278.89,0.37,CUST-00227,Returning,Central,In-store
TXN-002272,2025-04-09,CENTRAL-02,Electronics,ELEC-1002,4,358.0,0.0,CUST-00215,Returning,Central,In-store
TXN-003275,2025-04-09,EAST-03,Home & Kitchen,HOME-2002,1,79.0,0.0,CUST-00266,Returning,East,Online
TXN-004215,2025-04-09,SOUTH-03,Beauty,BEAU-4002,4,86.59,3.79,CUST-01508,Returning,South,In-store
TXN-005043,2025-04-09,CENTRAL-02,Beauty,BEAU-4001,3,33.62,13.72,CUST-01413,Returning,Central,In-store
TXN-005523,2025-04-09,EAST-01,Apparel,APP-3003,2,112.3,4.83,CUST-01274,Returning,East,In-store
TXN-005689,2025-04-09,NORTH-03,Electronics,ELEC-1003,1,492.21,17.83,CUST-01696,Returning,North,In-store
TXN-000309,2025-04-10,NORTH-02,Sports,SPRT-5001,2,99.14,0.84,CUST-00857,Returning,North,In-store
TXN-001327,2025-04-10,CENTRAL-03,Apparel,APP-3001,2,37.64,24.69,CUST-00745,Returning,Central,In-store
TXN-001604,2025-04-10,NORTH-03,Electronics,ELEC-1002,1,89.5,0.0,CUST-01432,Returning,North,In-store
TXN-003867,2025-04-10,EAST-01,Home & Kitchen,HOME-2001,4,138.41,1.11,CUST-00641,Returning,East,Online
TXN-004193,2025-04-10,CENTRAL-01,Home & Kitchen,HOME-2002,2,146.65,7.18,CUST-01387,New,Central,In-store
TXN-004590,2025-04-10,SOUTH-01,Beauty,BEAU-4003,1,34.88,0.35,CUST-00397,Returning,South,In-store
TXN-004730,2025-04-10,CENTRAL-02,Home & Kitchen,HOME-2002,1,62.29,21.16,CUST-01691,Returning,Central,In-store
TXN-005150,2025-04-10,WEST-02,Beauty,BEAU-4001,3,38.83,0.37,CUST-01594,Returning,West,Online
TXN-005307,2025-04-10,WEST-02,Beauty,BEAU-4003,4,136.26,2.67,CUST-00588,Returning,West,In-store
TXN-005619,2025-04-10,SOUTH-03,Beauty,BEAU-4001,1,9.74,25.02,CUST-01252,Returning,South,In-store
TXN-005860,2025-04-10,CENTRAL-02,Apparel,APP-3003,3,173.45,2.01,CUST-00261,Returning,Central,Online
TXN-005990,2025-04-10,SOUTH-02,Home & Kitchen,HOME-2003,1,116.73,9.86,CUST-00145,Returning,South,Online
TXN-000302,2025-04-11,EAST-02,Apparel,APP-3004,1,13.19,9.05,CUST-01406,Returning,East,Online
TXN-000351,2025-04-11,SOUTH-01,Beauty,BEAU-4002,2,36.51,18.88,CUST-01701,Returning,South,In-store
TXN-000754,2025-04-11,EAST-01,Home & Kitchen,HOME-2001,1,25.94,25.88,CUST-00504,Returning,East,Online
TXN-001195,2025-04-11,WEST-01,Beauty,BEAU-4002,1,22.5,0.0,CUST-00149,Returning,West,In-store
TXN-001444,2025-04-11,EAST-03,Beauty,BEAU-4004,8,65.69,8.66,CUST-01752,New,East,In-store
TXN-002772,2025-04-11,WEST-02,Home & Kitchen,HOME-2001,3,104.97,0.0,CUST-01591,New,West,Online
TXN-004740,2025-04-11,SOUTH-02,Electronics,ELEC-1003,1,599.0,0.0,CUST-00994,Returning,South,In-store
TXN-005024,2025-04-11,WEST-01,Sports,SPRT-5003,1,106.1,10.84,CUST-00417,Returning,West,In-store
TXN-005784,2025-04-11,CENTRAL-02,Home & Kitchen,HOME-2004,4,74.86,6.38,CUST-00305,New,Central,Online
TXN-000721,2025-04-12,NORTH-02,Apparel,APP-3002,3,119.97,0.0,CUST-00952,Returning,North,Online
TXN-001179,2025-04-12,WEST-01,Beauty,BEAU-4003,1,35.0,0.0,CUST-01137,Returning,West,In-store
TXN-002231,2025-04-12,WEST-01,Home & Kitchen,HOME-2002,3,234.36,1.11,CUST-00308,Returning,West,In-store
TXN-002766,2025-04-12,EAST-01,Beauty,BEAU-4003,1,35.0,0.0,CUST-01393,Returning,East,In-store
TXN-003085,2025-04-12,SOUTH-01,Electronics,ELEC-1004,1,37.9,5.23,CUST-01211,Returning,South,In-store
TXN-003513,2025-04-12,CENTRAL-01,Beauty,BEAU-4004,1,8.89,1.16,CUST-00834,Returning,Central,In-store
TXN-003947,2025-04-12,WEST-02,Electronics,ELEC-1001,3,643.0,14.26,CUST-00187,Returning,West,In-store
TXN-004620,2025-04-12,EAST-02,Apparel,APP-3001,1,24.99,0.0,CUST-00218,New,East,Online
TXN-004696,2025-04-12,CENTRAL-02,Beauty,BEAU-4002,2,42.71,5.09,CUST-00188,Returning,Central,In-store
TXN-004793,2025-04-12,SOUTH-02,Electronics,ELEC-1001,6,1418.82,5.41,CUST-00888,Returning,South,In-store
TXN-005373,2025-04-12,NORTH-02,Home & Kitchen,HOME-2001,2,65.02,7.09,CUST-01079,Returning,North,In-store
TXN-005491,2025-04-12,CENTRAL-02,Electronics,ELEC-1004,2,77.92,2.58,CUST-00693,Returning,Central,In-store
TXN-000125,2025-04-13,CENTRAL-03,Sports,SPRT-5004,2,59.0,0.0,CUST-00841,Returning,Central,Online
TXN-000765,2025-04-13,WEST-01,Apparel,APP-3003,2,99.56,15.63,CUST-01280,Returning,West,In-store
TXN-001016,2025-04-13,WEST-01,Apparel,APP-3002,8,319.92,0.0,CUST-01383,Returning,West,In-store
TXN-001303,2025-04-13,CENTRAL-03,Sports,SPRT-5001,2,99.98,0.0,CUST-00200,Returning,Central,In-store
TXN-001715,2025-04-13,WEST-03,Home & Kitchen,HOME-2003,2,201.04,22.38,CUST-01447,Returning,West,In-store
TXN-001826,2025-04-13,WEST-01,Sports,SPRT-5003,1,106.01,10.92,CUST-01521,Returning,West,In-store
TXN-001856,2025-04-13,EAST-03,Apparel,APP-3002,5,171.37,14.29,CUST-01419,Returning,East,Online
TXN-001974,2025-04-13,WEST-03,Beauty,BEAU-4001,2,22.88,11.95,CUST-00761,New,West,Online
TXN-003016,2025-04-13,CENTRAL-03,Apparel,APP-3004,5,71.64,1.18,CUST-01499,Returning,Central,In-store
TXN-003270,2025-04-13,CENTRAL-01,Apparel,APP-3001,3,74.59,0.5,CUST-00733,Returning,Central,Online
TXN-003541,2025-04-13,EAST-01,Electronics,ELEC-1003,2,1077.93,10.02,CUST-01410,Returning,East,Online
TXN-004136,2025-04-13,CENTRAL-01,Electronics,ELEC-1003,1,598.25,0.13,CUST-00398,Returning,Central,Online
TXN-004716,2025-04-13,CENTRAL-01,Apparel,APP-3002,1,35.58,11.02,CUST-00656,Returning,Central,Online
TXN-004754,2025-04-13,SOUTH-01,Apparel,APP-3001,1,24.61,1.51,CUST-00207,Returning,South,In-store
TXN-004988,2025-04-13,EAST-02,Electronics,ELEC-1004,5,177.17,11.39,CUST-01726,Returning,East,Online
TXN-005085,2025-04-13,SOUTH-03,Beauty,BEAU-4003,1,30.97,11.5,CUST-00765,New,South,In-store
TXN-005177,2025-04-13,CENTRAL-02,Apparel,APP-3004,1,14.5,0.0,CUST-00718,Returning,Central,Online
TXN-005710,2025-04-13,WEST-02,Apparel,APP-3003,5,295.0,0.0,CUST-01647,Returning,West,Online
TXN-000224,2025-04-14,SOUTH-01,Apparel,APP-3004,2,23.6,18.61,CUST-00498,Returning,South,Online
TXN-000546,2025-04-14,NORTH-02,Beauty,BEAU-4001,2,22.2,14.56,CUST-00782,Returning,North,In-store
TXN-000737,2025-04-14,EAST-02,Home & Kitchen,HOME-2001,10,296.94,15.14,CUST-01478,Returning,East,Online
TXN-000919,2025-04-14,WEST-01,Electronics,ELEC-1001,1,244.39,2.24,CUST-00651,Returning,West,Online
TXN-001134,2025-04-14,WEST-01,Apparel,APP-3003,4,198.72,15.8,CUST-01129,Returning,West,In-store
TXN-001198,2025-04-14,EAST-01,Apparel,APP-3004,3,37.63,13.5,CUST-00295,New,East,Online
TXN-001212,2025-04-14,WEST-01,Apparel,APP-3004,4,49.83,14.08,CUST-00001,Returning,West,Online
TXN-002777,2025-04-14,NORTH-02,Home & Kitchen,HOME-2001,1,31.62,9.62,CUST-00145,Returning,North,Online
TXN-003680,2025-04-14,EAST-03,Electronics,ELEC-1002,2,158.86,11.25,CUST-01315,Returning,East,In-store
TXN-004288,2025-04-14,NORTH-03,Beauty,BEAU-4001,1,11.63,10.49,CUST-00790,New,North,Online
TXN-004584,2025-04-14,SOUTH-01,Electronics,ELEC-1004,1,39.68,0.77,CUST-01329,Returning,South,In-store
TXN-003395,2025-04-15,NORTH-01,Apparel,APP-3001,2,44.4,11.16,CUST-00674,Returning,North,In-store
TXN-003633,2025-04-15,CENTRAL-02,Beauty,BEAU-4002,4,77.89,13.45,CUST-00915,Returning,Central,In-store
TXN-004341,2025-04-15,SOUTH-01,Beauty,BEAU-4004,4,27.2,24.36,CUST-01027,Returning,South,In-store
TXN-004630,2025-04-15,SOUTH-01,Electronics,ELEC-1002,4,303.21,15.3,CUST-00340,Returning,South,Online
TXN-005369,2025-04-15,SOUTH-03,Beauty,BEAU-4001,1,11.08,14.73,CUST-01737,Returning,South,Online
TXN-000505,2025-04-16,WEST-03,Home & Kitchen,HOME-2004,3,55.97,6.68,CUST-01123,Returning,West,In-store
TXN-001227,2025-04-16,NORTH-02,Apparel,APP-3004,1,14.5,0.0,CUST-00546,Returning,North,In-store
TXN-001932,2025-04-16,CENTRAL-03,Electronics,ELEC-1003,3,1777.36,1.09,CUST-00189,Returning,Central,In-store
TXN-002297,2025-04-16,SOUTH-02,Apparel,APP-3002,4,112.04,29.96,CUST-01443,Returning,South,Online
TXN-002364,2025-04-16,NORTH-02,Home & Kitchen,HOME-2002,8,626.41,0.88,CUST-01103,Returning,North,In-store
TXN-002885,2025-04-16,CENTRAL-01,Beauty,BEAU-4002,2,40.01,11.09,CUST-01629,New,Central,Online
TXN-004204,2025-04-16,NORTH-02,Apparel,APP-3002,1,39.59,1.01,CUST-00568,New,North,In-store
TXN-004804,2025-04-16,EAST-02,Apparel,APP-3003,2,117.84,0.14,CUST-00124,Returning,East,In-store
TXN-000288,2025-04-17,WEST-03,Beauty,BEAU-4002,3,67.44,0.09,CUST-01403,New,West,In-store
TXN-000730,2025-04-17,NORTH-02,Sports,SPRT-5003,1,105.51,11.34,CUST-00445,Returning,North,In-store
TXN-001399,2025-04-17,NORTH-03,Sports,SPRT-5001,3,149.03,0.62,CUST-00560,Returning,North,Online
TXN-001686,2025-04-17,CENTRAL-03,Home & Kitchen,HOME-2003,4,505.89,2.34,CUST-00962,Returning,Central,Online
TXN-001848,2025-04-17,WEST-03,Home & Kitchen,HOME-2001,2,69.79,0.27,CUST-01054,New,West,Online
TXN-003370,2025-04-17,CENTRAL-01,Apparel,APP-3002,3,83.16,30.68,CUST-01592,Returning,Central,In-store
TXN-003792,2025-04-17,CENTRAL-03,Beauty,BEAU-4002,1,20.46,9.07,CUST-01062,Returning,Central,In-store
TXN-004469,2025-04-17,WEST-02,Electronics,ELEC-1003,2,958.39,20.0,CUST-00958,Returning,West,Online
TXN-004807,2025-04-17,EAST-02,Beauty,BEAU-4003,1,33.27,4.94,CUST-00557,Returning,East,In-store
TXN-004971,2025-04-17,NORTH-02,Home & Kitchen,HOME-2003,2,234.02,9.64,CUST-00655,Returning,North,In-store
TXN-005876,2025-04-17,WEST-01,Electronics,ELEC-1001,1,249.99,0.0,CUST-00454,Returning,West,Online
TXN-000042,2025-04-18,SOUTH-02,Apparel,APP-3003,2,105.37,10.7,CUST-00597,Returning,South,In-store
TXN-000214,2025-04-18,CENTRAL-03,Home & Kitchen,HOME-2003,5,588.97,9.04,CUST-00372,Returning,Central,Online
TXN-002742,2025-04-18,WEST-01,Sports,SPRT-5002,3,245.64,9.01,CUST-01430,Returning,West,In-store
TXN-003536,2025-04-18,EAST-01,Sports,SPRT-5001,1,49.99,0.0,CUST-00728,Returning,East,In-store
TXN-004352,2025-04-18,EAST-02,Apparel,APP-3004,3,42.73,1.76,CUST-01370,Returning,East,Online
TXN-004627,2025-04-18,CENTRAL-02,Beauty,BEAU-4003,1,34.94,0.18,CUST-00031,Returning,Central,Online
TXN-004680,2025-04-18,SOUTH-02,Home & Kitchen,HOME-2003,1,123.65,4.52,CUST-01262,New,South,In-store
TXN-005178,2025-04-18,WEST-03,Sports,SPRT-5002,5,432.84,3.8,CUST-01352,Returning,West,In-store
TXN-005727,2025-04-18,EAST-02,Electronics,ELEC-1003,4,2396.0,0.0,CUST-00832,Returning,East,In-store
TXN-000403,2025-04-19,EAST-01,Apparel,APP-3001,3,68.14,9.11,CUST-01680,Returning,East,In-store
TXN-001185,2025-04-19,CENTRAL-03,Home & Kitchen,HOME-2003,1,114.96,11.22,CUST-00839,Returning,Central,In-store
TXN-001727,2025-04-19,WEST-02,Electronics,ELEC-1001,2,499.98,0.0,CUST-00975,Returning,West,Online
TXN-002118,2025-04-19,CENTRAL-01,Sports,SPRT-5004,3,84.11,4.97,CUST-01016,Returning,Central,In-store
TXN-002615,2025-04-19,NORTH-01,Electronics,ELEC-1002,2,179.0,0.0,CUST-00524,Returning,North,In-store
TXN-003353,2025-04-19,EAST-02,Home & Kitchen,HOME-2004,2,32.08,19.75,CUST-01703,Returning,East,In-store
TXN-003784,2025-04-19,CENTRAL-01,Apparel,APP-3004,5,72.5,0.0,CUST-01651,Returning,Central,Online
TXN-003923,2025-04-19,NORTH-03,Home & Kitchen,HOME-2003,4,443.96,14.29,CUST-00351,Returning,North,In-store
TXN-003968,2025-04-19,SOUTH-01,Apparel,APP-3001,8,181.41,9.26,CUST-01372,Returning,South,In-store
TXN-005283,2025-04-19,EAST-02,Sports,SPRT-5001,3,148.68,0.86,CUST-01340,Returning,East,Online
TXN-005347,2025-04-19,NORTH-03,Sports,SPRT-5001,1,47.35,5.27,CUST-00441,Returning,North,Online
TXN-005646,2025-04-19,EAST-02,Electronics,ELEC-1001,5,1000.66,19.94,CUST-00156,Returning,East,In-store
TXN-000915,2025-04-20,EAST-02,Electronics,ELEC-1004,5,179.0,10.48,CUST-00356,Returning,East,In-store
TXN-001022,2025-04-20,EAST-02,Beauty,BEAU-4002,4,90.0,0.0,CUST-01283,New,East,In-store
TXN-001778,2025-04-20,EAST-03,Home & Kitchen,HOME-2003,3,336.54,13.37,CUST-00407,Returning,East,Online
TXN-002116,2025-04-20,NORTH-01,Sports,SPRT-5001,2,89.99,9.99,CUST-00934,Returning,North,Online
TXN-003121,2025-04-20,CENTRAL-03,Electronics,ELEC-1004,5,198.16,0.9,CUST-01724,New,Central,In-store
TXN-003196,2025-04-20,NORTH-02,Electronics,ELEC-1001,2,395.61,20.88,CUST-00619,Returning,North,In-store
TXN-003731,2025-04-20,NORTH-01,Electronics,ELEC-1003,5,2424.78,19.04,CUST-01128,Returning,North,Online
TXN-005780,2025-04-20,NORTH-01,Sports,SPRT-5002,2,178.21,0.99,CUST-01754,Returning,North,Online
TXN-000039,2025-04-21,WEST-02,Home & Kitchen,HOME-2002,2,137.08,13.24,CUST-00438,Returning,West,In-store
TXN-001260,2025-04-21,EAST-03,Apparel,APP-3001,1,24.93,0.22,CUST-01590,New,East,Online
TXN-002183,2025-04-21,NORTH-03,Sports,SPRT-5003,4,453.65,4.69,CUST-01596,Returning,North,Online
TXN-002347,2025-04-21,SOUTH-02,Sports,SPRT-5003,3,306.15,14.24,CUST-01115,Returning,South,In-store
TXN-002512,2025-04-21,EAST-03,Home & Kitchen,HOME-2001,1,28.27,19.19,CUST-01691,Returning,East,Online
TXN-002797,2025-04-21,WEST-01,Home & Kitchen,HOME-2001,2,68.59,1.99,CUST-01104,Returning,West,In-store
TXN-002992,2025-04-21,NORTH-02,Apparel,APP-3004,2,29.0,0.0,CUST-01520,Returning,North,In-store
TXN-004346,2025-04-21,SOUTH-03,Home & Kitchen,HOME-2002,5,343.58,13.02,CUST-01719,Returning,South,In-store
TXN-005105,2025-04-21,NORTH-03,Electronics,ELEC-1001,5,1103.58,11.71,CUST-00347,Returning,North,Online
TXN-002706,2025-04-22,WEST-03,Home & Kitchen,HOME-2001,1,29.46,15.81,CUST-01424,Returning,West,In-store
TXN-004763,2025-04-22,EAST-03,Sports,SPRT-5004,1,26.8,9.17,CUST-01629,Returning,East,Online
TXN-005151,2025-04-22,CENTRAL-03,Home & Kitchen,HOME-2003,3,334.08,14.01,CUST-00781,Returning,Central,In-store
TXN-005175,2025-04-22,WEST-01,Beauty,BEAU-4001,1,11.43,11.97,CUST-00434,Returning,West,Online
TXN-005805,2025-04-22,SOUTH-01,Sports,SPRT-5004,1,24.96,15.37,CUST-00182,Returning,South,In-store
TXN-000281,2025-04-23,CENTRAL-03,Home & Kitchen,HOME-2004,3,48.7,18.79,CUST-00526,Returning,Central,In-store
TXN-001059,2025-04-23,CENTRAL-02,Apparel,APP-3001,2,49.98,0.0,CUST-00081,Returning,Central,In-store
TXN-001275,2025-04-23,NORTH-02,Apparel,APP-3001,2,49.53,0.9,CUST-00298,Returning,North,In-store
TXN-001812,2025-04-23,EAST-02,Electronics,ELEC-1004,3,119.97,0.0,CUST-00580,Returning,East,Online
TXN-001994,2025-04-23,CENTRAL-02,Home & Kitchen,HOME-2003,2,246.44,4.85,CUST-00434,Returning,Central,In-store
TXN-002850,2025-04-23,NORTH-03,Sports,SPRT-5002,10,896.13,0.42,CUST-00209,Returning,North,In-store
TXN-003964,2025-04-23,CENTRAL-02,Electronics,ELEC-1001,4,895.64,10.43,CUST-00248,Returning,Central,In-store
TXN-004007,2025-04-23,WEST-03,Apparel,APP-3001,2,47.76,4.45,CUST-00847,Returning,West,Online
TXN-004132,2025-04-23,WEST-03,Electronics,ELEC-1001,1,172.11,31.15,CUST-00845,Returning,West,In-store
TXN-004337,2025-04-23,SOUTH-02,Sports,SPRT-5001,6,211.9,29.35,CUST-00655,Returning,South,In-store
TXN-004746,2025-04-23,WEST-02,Electronics,ELEC-1002,4,351.31,1.87,CUST-00269,Returning,West,In-store
TXN-005398,2025-04-23,NORTH-02,Sports,SPRT-5001,2,99.98,0.0,CUST-00359,Returning,North,In-store
TXN-000278,2025-04-24,NORTH-02,Beauty,BEAU-4004,2,16.41,8.75,CUST-01313,Returning,North,In-store
TXN-002276,2025-04-24,CENTRAL-01,Sports,SPRT-5002,3,252.53,6.46,CUST-01202,Returning,Central,In-store
TXN-002557,2025-04-24,NORTH-03,Apparel,APP-3001,1,24.47,2.09,CUST-01747,Returning,North,In-store
TXN-002848,2025-04-24,SOUTH-03,Electronics,ELEC-1001,3,670.57,10.59,CUST-00340,Returning,South,In-store
TXN-005408,2025-04-24,EAST-01,Electronics,ELEC-1001,8,1887.48,5.62,CUST-01535,Returning,East,In-store
TXN-005660,2025-04-24,WEST-01,Electronics,ELEC-1004,2,67.8,15.23,CUST-01304,Returning,West,In-store
TXN-000085,2025-04-25,EAST-02,Home & Kitchen,HOME-2001,3,95.06,9.45,CUST-01019,Returning,East,Online
TXN-001057,2025-04-25,CENTRAL-02,Electronics,ELEC-1002,2,160.65,10.25,CUST-00669,Returning,Central,In-store
TXN-003313,2025-04-25,WEST-02,Sports,SPRT-5003,1,100.24,15.76,CUST-00857,Returning,West,In-store
TXN-003343,2025-04-25,WEST-02,Beauty,BEAU-4003,2,64.76,7.49,CUST-00617,Returning,West,In-store
TXN-004601,2025-04-25,SOUTH-02,Apparel,APP-3004,4,58.0,0.0,CUST-00300,Returning,South,In-store
TXN-005985,2025-04-25,SOUTH-02,Home & Kitchen,HOME-2003,4,480.61,7.22,CUST-00171,New,South,Online
TXN-001891,2025-04-26,EAST-02,Apparel,APP-3004,2,26.07,10.09,CUST-01317,Returning,East,In-store
TXN-002581,2025-04-26,NORTH-01,Home & Kitchen,HOME-2003,10,1295.0,0.0,CUST-00357,Returning,North,In-store
TXN-004480,2025-04-26,CENTRAL-02,Beauty,BEAU-4002,4,71.44,20.62,CUST-00967,New,Central,In-store
TXN-004666,2025-04-26,NORTH-02,Beauty,BEAU-4004,2,16.89,6.05,CUST-00155,Returning,North,Online
TXN-001559,2025-04-27,WEST-02,Home & Kitchen,HOME-2003,6,669.66,13.81,CUST-01681,Returning,West,In-store
TXN-001952,2025-04-27,SOUTH-02,Sports,SPRT-5003,3,285.04,20.16,CUST-00339,Returning,South,Online
TXN-002603,2025-04-27,CENTRAL-02,Electronics,ELEC-1004,3,119.97,0.0,CUST-01290,Returning,Central,In-store
TXN-003921,2025-04-27,SOUTH-01,Apparel,APP-3003,6,353.17,0.23,CUST-00601,Returning,South,In-store
TXN-004985,2025-04-27,CENTRAL-01,Electronics,ELEC-1004,2,79.98,0.0,CUST-01056,Returning,Central,In-store
TXN-005078,2025-04-27,EAST-02,Sports,SPRT-5003,1,112.8,5.21,CUST-01388,Returning,East,In-store
TXN-005297,2025-04-27,WEST-03,Electronics,ELEC-1004,1,36.29,9.24,CUST-00678,New,West,In-store
TXN-005381,2025-04-27,SOUTH-01,Electronics,ELEC-1002,1,82.01,8.37,CUST-00370,Returning,South,Online
TXN-005605,2025-04-27,CENTRAL-03,Beauty,BEAU-4001,5,57.58,11.35,CUST-00456,Returning,Central,In-store
TXN-000043,2025-04-28,CENTRAL-03,Apparel,APP-3004,6,62.89,27.71,CUST-00852,Returning,Central,In-store
TXN-000299,2025-04-28,NORTH-01,Sports,SPRT-5004,2,53.8,8.81,CUST-00237,Returning,North,In-store
TXN-000653,2025-04-28,NORTH-02,Electronics,ELEC-1003,2,1065.57,11.05,CUST-00663,Returning,North,In-store
TXN-001061,2025-04-28,WEST-02,Home & Kitchen,HOME-2001,3,104.97,0.0,CUST-00455,Returning,West,Online
TXN-003183,2025-04-28,CENTRAL-03,Sports,SPRT-5002,3,218.1,19.21,CUST-01195,Returning,Central,In-store
TXN-003823,2025-04-28,WEST-03,Sports,SPRT-5004,2,42.17,28.53,CUST-01681,Returning,West,In-store
TXN-004078,2025-04-28,EAST-03,Apparel,APP-3004,10,145.0,0.0,CUST-01105,Returning,East,In-store
TXN-004542,2025-04-28,CENTRAL-01,Sports,SPRT-5004,2,59.0,0.0,CUST-00844,Returning,Central,In-store
TXN-004967,2025-04-28,SOUTH-01,Electronics,ELEC-1004,1,37.89,5.25,CUST-00869,Returning,South,In-store
TXN-000180,2025-04-29,SOUTH-02,Apparel,APP-3003,1,50.47,14.46,CUST-01288,Returning,South,Online
TXN-000311,2025-04-29,WEST-02,Electronics,ELEC-1004,4,133.98,16.24,CUST-01464,Returning,West,Online
TXN-001026,2025-04-29,EAST-02,Beauty,BEAU-4003,2,63.18,9.74,CUST-01352,Returning,East,Online
TXN-001481,2025-04-29,NORTH-02,Beauty,BEAU-4003,8,248.58,11.22,CUST-00022,Returning,North,Online
TXN-001548,2025-04-29,CENTRAL-03,Electronics,ELEC-1002,1,89.5,0.0,CUST-01153,Returning,Central,In-store
TXN-001552,2025-04-29,WEST-03,Apparel,APP-3003,2,81.5,30.94,CUST-00567,Returning,West,In-store
TXN-002378,2025-04-29,EAST-02,Beauty,BEAU-4001,2,22.3,14.15,CUST-00471,Returning,East,In-store
TXN-003855,2025-04-29,SOUTH-02,Apparel,APP-3004,5,72.21,0.4,CUST-00245,Returning,South,Online
TXN-004419,2025-04-29,WEST-01,Sports,SPRT-5002,2,152.0,15.54,CUST-01318,Returning,West,In-store
TXN-005384,2025-04-29,CENTRAL-01,Sports,SPRT-5003,3,306.36,14.18,CUST-01197,Returning,Central,In-store
TXN-000376,2025-04-30,WEST-03,Electronics,ELEC-1002,2,162.46,9.24,CUST-00182,Returning,West,Online
TXN-000680,2025-04-30,WEST-03,Electronics,ELEC-1004,3,103.8,13.48,CUST-00155,Returning,West,Online
TXN-001223,2025-04-30,NORTH-03,Electronics,ELEC-1003,10,5990.0,0.0,CUST-01312,Returning,North,Online
TXN-002532,2025-04-30,SOUTH-02,Sports,SPRT-5004,6,159.3,10.0,CUST-01301,New,South,In-store
TXN-002612,2025-04-30,NORTH-01,Apparel,APP-3003,1,50.18,14.96,CUST-00805,Returning,North,In-store
TXN-002972,2025-04-30,SOUTH-01,Apparel,APP-3004,2,23.49,18.99,CUST-00714,Returning,South,In-store
TXN-002994,2025-04-30,WEST-01,Apparel,APP-3003,1,55.59,5.78,CUST-00134,Returning,West,Online
TXN-004264,2025-04-30,SOUTH-02,Sports,SPRT-5003,2,210.46,11.57,CUST-01700,Returning,South,In-store
TXN-004359,2025-04-30,SOUTH-01,Home & Kitchen,HOME-2004,2,35.83,10.38,CUST-01420,Returning,South,In-store
TXN-000145,2025-05-01,NORTH-01,Sports,SPRT-5001,1,48.37,3.23,CUST-01065,Returning,North,In-store
TXN-000706,2025-05-01,SOUTH-01,Electronics,ELEC-1001,2,494.07,1.18,CUST-01263,Returning,South,In-store
TXN-002137,2025-05-01,CENTRAL-03,Electronics,ELEC-1001,1,248.37,0.65,CUST-01795,New,Central,Online
TXN-002327,2025-05-01,WEST-03,Home & Kitchen,HOME-2001,1,34.8,0.54,CUST-00700,Returning,West,In-store
TXN-004381,2025-05-01,CENTRAL-03,Home & Kitchen,HOME-2002,1,77.35,2.08,CUST-00969,Returning,Central,In-store
TXN-004591,2025-05-01,CENTRAL-01,Electronics,ELEC-1004,2,71.89,10.12,CUST-01356,Returning,Central,In-store
TXN-004728,2025-05-01,NORTH-03,Apparel,APP-3001,3,67.09,10.51,CUST-01663,Returning,North,Online
TXN-004864,2025-05-01,NORTH-02,Apparel,APP-3001,1,22.78,8.84,CUST-00083,Returning,North,In-store
TXN-005030,2025-05-01,EAST-03,Apparel,APP-3001,2,42.37,15.23,CUST-00056,New,East,In-store
TXN-005302,2025-05-01,NORTH-03,Sports,SPRT-5001,1,43.53,12.93,CUST-00910,Returning,North,In-store
TXN-005767,2025-05-01,WEST-01,Apparel,APP-3004,3,43.47,0.07,CUST-00904,Returning,West,Online
TXN-000856,2025-05-02,EAST-02,Beauty,BEAU-4002,4,87.01,3.32,CUST-01076,Returning,East,In-store
TXN-001920,2025-05-02,WEST-03,Electronics,ELEC-1003,2,1118.99,6.6,CUST-00228,Returning,West,Online
TXN-002105,2025-05-02,NORTH-01,Electronics,ELEC-1003,2,1004.49,16.15,CUST-00941,Returning,North,Online
TXN-003650,2025-05-02,SOUTH-01,Home & Kitchen,HOME-2001,4,112.94,19.3,CUST-01058,Returning,South,In-store
TXN-004818,2025-05-02,NORTH-02,Apparel,APP-3001,2,45.14,9.68,CUST-00367,Returning,North,In-store
TXN-004862,2025-05-02,NORTH-01,Home & Kitchen,HOME-2003,6,777.0,0.0,CUST-01308,Returning,North,In-store
TXN-004871,2025-05-02,NORTH-03,Beauty,BEAU-4001,6,76.59,1.73,CUST-01238,New,North,In-store
TXN-000571,2025-05-03,CENTRAL-02,Home & Kitchen,HOME-2003,2,254.01,1.93,CUST-01749,Returning,Central,Online
TXN-000727,2025-05-03,WEST-02,Beauty,BEAU-4004,2,13.51,24.85,CUST-01228,Returning,West,In-store
TXN-001115,2025-05-03,EAST-03,Beauty,BEAU-4002,5,108.27,3.76,CUST-01622,New,East,In-store
TXN-002309,2025-05-03,SOUTH-02,Home & Kitchen,HOME-2001,2,59.51,14.97,CUST-00848,Returning,South,In-store
TXN-002486,2025-05-03,SOUTH-01,Electronics,ELEC-1004,2,79.98,0.0,CUST-01074,Returning,South,In-store
TXN-003656,2025-05-03,NORTH-03,Apparel,APP-3001,1,24.99,0.0,CUST-00219,Returning,North,Online
TXN-004658,2025-05-03,EAST-02,Home & Kitchen,HOME-2001,1,34.79,0.56,CUST-00123,New,East,In-store
TXN-004707,2025-05-03,CENTRAL-03,Apparel,APP-3001,2,39.66,20.65,CUST-00696,Returning,Central,In-store
TXN-004976,2025-05-03,SOUTH-01,Home & Kitchen,HOME-2004,1,18.88,5.58,CUST-01438,Returning,South,In-store
TXN-005035,2025-05-03,SOUTH-02,Apparel,APP-3002,4,144.03,9.96,CUST-00791,Returning,South,Online
TXN-005375,2025-05-03,EAST-01,Beauty,BEAU-4002,6,133.79,0.9,CUST-01525,Returning,East,In-store
TXN-005991,2025-05-03,EAST-01,Apparel,APP-3002,3,119.97,0.0,CUST-01009,Returning,East,In-store
TXN-001142,2025-05-04,CENTRAL-03,Apparel,APP-3002,5,192.07,3.94,CUST-00752,Returning,Central,In-store
TXN-001658,2025-05-04,CENTRAL-03,Sports,SPRT-5003,2,214.5,9.87,CUST-00217,Returning,Central,In-store
TXN-003240,2025-05-04,EAST-01,Electronics,ELEC-1001,4,992.27,0.77,CUST-01779,Returning,East,In-store
TXN-003801,2025-05-04,WEST-01,Electronics,ELEC-1004,3,110.11,8.22,CUST-01202,Returning,West,In-store
TXN-004706,2025-05-04,NORTH-02,Electronics,ELEC-1004,4,154.56,3.37,CUST-01028,New,North,In-store
TXN-000776,2025-05-05,WEST-03,Electronics,ELEC-1002,4,317.68,11.26,CUST-00343,Returning,West,In-store
TXN-002224,2025-05-05,EAST-03,Apparel,APP-3001,1,21.96,12.12,CUST-00900,Returning,East,In-store
TXN-004559,2025-05-05,CENTRAL-02,Home & Kitchen,HOME-2002,10,790.0,0.0,CUST-00673,Returning,Central,In-store
TXN-004672,2025-05-05,WEST-03,Sports,SPRT-5002,1,84.8,5.76,CUST-00543,Returning,West,In-store
TXN-005852,2025-05-05,NORTH-02,Apparel,APP-3003,4,236.0,0.0,CUST-00567,Returning,North,In-store
TXN-000545,2025-05-06,EAST-01,Home & Kitchen,HOME-2004,4,71.18,10.98,CUST-00176,Returning,East,Online
TXN-000611,2025-05-06,EAST-02,Electronics,ELEC-1003,2,1198.0,0.0,CUST-01244,Returning,East,In-store
TXN-000698,2025-05-07,SOUTH-02,Electronics,ELEC-1003,4,2396.0,0.0,CUST-01254,Returning,South,In-store
TXN-000916,2025-05-07,SOUTH-02,Home & Kitchen,HOME-2001,8,277.4,0.9,CUST-01245,Returning,South,In-store
TXN-004246,2025-05-07,CENTRAL-01,Home & Kitchen,HOME-2002,2,132.53,16.12,CUST-01716,Returning,Central,Online
TXN-004909,2025-05-07,NORTH-02,Sports,SPRT-5004,2,57.07,3.27,CUST-01736,Returning,North,Online
TXN-000630,2025-05-08,CENTRAL-01,Home & Kitchen,HOME-2002,1,79.0,0.0,CUST-00224,Returning,Central,In-store
TXN-003453,2025-05-08,NORTH-02,Home & Kitchen,HOME-2003,1,115.39,10.89,CUST-01780,Returning,North,In-store
TXN-005251,2025-05-08,WEST-03,Beauty,BEAU-4002,2,40.94,9.03,CUST-01042,Returning,West,In-store
TXN-000185,2025-05-09,CENTRAL-02,Electronics,ELEC-1002,1,67.48,24.6,CUST-00618,Returning,Central,In-store
TXN-001112,2025-05-09,SOUTH-02,Electronics,ELEC-1001,3,741.81,1.09,CUST-01208,New,South,In-store
TXN-001485,2025-05-09,SOUTH-02,Apparel,APP-3004,5,68.59,5.39,CUST-01336,Returning,South,In-store
TXN-002207,2025-05-09,EAST-02,Electronics,ELEC-1003,1,476.96,20.37,CUST-00629,Returning,East,Online
TXN-002270,2025-05-09,CENTRAL-01,Beauty,BEAU-4004,3,23.84,11.62,CUST-00915,Returning,Central,In-store
TXN-002493,2025-05-09,WEST-02,Beauty,BEAU-4004,4,35.96,0.0,CUST-00161,Returning,West,Online
TXN-002597,2025-05-09,CENTRAL-01,Home & Kitchen,HOME-2002,2,141.77,10.27,CUST-00683,Returning,Central,Online
TXN-003124,2025-05-09,WEST-03,Electronics,ELEC-1004,1,29.69,25.75,CUST-01748,Returning,West,Online
TXN-003981,2025-05-09,NORTH-01,Electronics,ELEC-1002,5,397.82,11.1,CUST-00792,Returning,North,In-store
TXN-004043,2025-05-09,EAST-01,Apparel,APP-3002,3,113.99,4.99,CUST-01220,Returning,East,In-store
TXN-004398,2025-05-09,WEST-02,Beauty,BEAU-4002,1,22.38,0.54,CUST-01143,Returning,West,In-store
TXN-004500,2025-05-09,EAST-01,Home & Kitchen,HOME-2003,1,115.47,10.84,CUST-01198,Returning,East,In-store
TXN-000621,2025-05-10,NORTH-02,Home & Kitchen,HOME-2002,1,75.88,3.95,CUST-01023,Returning,North,In-store
TXN-001177,2025-05-10,EAST-01,Beauty,BEAU-4003,10,281.45,19.58,CUST-00376,Returning,East,Online
TXN-001565,2025-05-10,EAST-01,Home & Kitchen,HOME-2002,1,79.0,0.0,CUST-01542,Returning,East,In-store
TXN-001796,2025-05-10,CENTRAL-01,Home & Kitchen,HOME-2001,2,69.98,0.0,CUST-01438,Returning,Central,In-store
TXN-003069,2025-05-10,EAST-01,Home & Kitchen,HOME-2002,3,184.92,21.97,CUST-00315,Returning,East,Online
TXN-004019,2025-05-10,WEST-03,Sports,SPRT-5004,1,25.31,14.2,CUST-01594,Returning,West,In-store
TXN-004068,2025-05-10,CENTRAL-02,Apparel,APP-3004,2,29.0,0.0,CUST-01476,Returning,Central,Online
TXN-004917,2025-05-10,SOUTH-03,Beauty,BEAU-4004,5,42.56,5.32,CUST-01260,Returning,South,In-store
TXN-005118,2025-05-10,SOUTH-02,Electronics,ELEC-1004,1,36.89,7.75,CUST-00517,Returning,South,In-store
TXN-005194,2025-05-10,NORTH-02,Electronics,ELEC-1002,1,89.07,0.48,CUST-00949,Returning,North,Online
TXN-005372,2025-05-10,EAST-01,Beauty,BEAU-4003,2,58.99,15.73,CUST-01075,Returning,East,Online
TXN-005443,2025-05-10,NORTH-03,Home & Kitchen,HOME-2004,1,19.99,0.0,CUST-00485,New,North,In-store
TXN-000917,2025-05-11,SOUTH-03,Home & Kitchen,HOME-2001,3,84.73,19.28,CUST-00087,Returning,South,Online
TXN-001708,2025-05-11,NORTH-02,Beauty,BEAU-4002,8,164.46,8.63,CUST-01146,New,North,Online
TXN-001766,2025-05-11,WEST-03,Sports,SPRT-5004,1,28.48,3.47,CUST-00586,Returning,West,In-store
TXN-001918,2025-05-11,WEST-02,Sports,SPRT-5003,5,520.52,12.52,CUST-01658,Returning,West,In-store
TXN-002542,2025-05-11,WEST-03,Electronics,ELEC-1001,4,996.18,0.38,CUST-00849,Returning,West,In-store
TXN-002576,2025-05-11,CENTRAL-01,Sports,SPRT-5003,2,238.0,0.0,CUST-01790,Returning,Central,In-store
TXN-003256,2025-05-11,NORTH-01,Home & Kitchen,HOME-2004,2,39.98,0.0,CUST-00013,Returning,North,In-store
TXN-004199,2025-05-11,SOUTH-03,Home & Kitchen,HOME-2004,1,19.99,0.0,CUST-01678,Returning,South,Online
TXN-004492,2025-05-11,WEST-02,Apparel,APP-3001,3,73.28,2.25,CUST-00405,Returning,West,In-store
TXN-004671,2025-05-11,CENTRAL-01,Apparel,APP-3004,4,46.34,20.1,CUST-01182,Returning,Central,In-store
TXN-000409,2025-05-12,NORTH-01,Sports,SPRT-5002,1,81.39,9.55,CUST-01382,Returning,North,In-store
TXN-000430,2025-05-12,NORTH-01,Electronics,ELEC-1001,3,720.2,3.97,CUST-00797,Returning,North,In-store
TXN-001666,2025-05-12,SOUTH-03,Apparel,APP-3002,1,39.99,0.0,CUST-00612,Returning,South,In-store
TXN-002303,2025-05-12,SOUTH-02,Electronics,ELEC-1002,8,713.47,0.35,CUST-01540,Returning,South,Online
TXN-003062,2025-05-12,SOUTH-03,Home & Kitchen,HOME-2003,3,352.25,9.33,CUST-00329,New,South,In-store
TXN-003387,2025-05-12,EAST-01,Beauty,BEAU-4004,2,16.5,8.25,CUST-00970,Returning,East,Online
TXN-003780,2025-05-12,NORTH-01,Sports,SPRT-5003,2,213.19,10.42,CUST-01410,Returning,North,In-store
TXN-004139,2025-05-12,CENTRAL-01,Apparel,APP-3003,1,53.3,9.67,CUST-00936,Returning,Central,In-store
TXN-004253,2025-05-12,CENTRAL-01,Sports,SPRT-5004,1,21.59,26.82,CUST-01264,Returning,Central,Online
TXN-004454,2025-05-12,CENTRAL-03,Home & Kitchen,HOME-2002,3,213.73,9.82,CUST-00219,Returning,Central,Online
TXN-005643,2025-05-12,WEST-01,Apparel,APP-3004,2,28.84,0.54,CUST-01644,Returning,West,Online
TXN-005889,2025-05-12,CENTRAL-02,Home & Kitchen,HOME-2002,3,237.0,0.0,CUST-00998,Returning,Central,Online
TXN-000912,2025-05-13,CENTRAL-03,Apparel,APP-3004,4,39.95,31.11,CUST-01238,Returning,Central,In-store
TXN-001137,2025-05-13,CENTRAL-02,Home & Kitchen,HOME-2003,1,129.19,0.24,CUST-01233,Returning,Central,Online
TXN-001385,2025-05-13,NORTH-03,Beauty,BEAU-4002,1,22.5,0.0,CUST-01259,Returning,North,In-store
TXN-001780,2025-05-13,CENTRAL-03,Electronics,ELEC-1002,1,76.98,13.99,CUST-00792,Returning,Central,In-store
TXN-002531,2025-05-13,NORTH-01,Beauty,BEAU-4002,3,56.61,16.13,CUST-00520,Returning,North,In-store
TXN-002958,2025-05-13,CENTRAL-03,Apparel,APP-3004,1,12.38,14.6,CUST-00264,Returning,Central,In-store
TXN-003304,2025-05-13,WEST-01,Home & Kitchen,HOME-2003,4,518.0,0.0,CUST-01170,Returning,West,In-store
TXN-004699,2025-05-13,EAST-03,Sports,SPRT-5002,3,223.88,17.07,CUST-01725,Returning,East,Online
TXN-000317,2025-05-14,SOUTH-01,Beauty,BEAU-4001,1,11.77,9.39,CUST-01645,Returning,South,In-store
TXN-000472,2025-05-14,SOUTH-03,Sports,SPRT-5004,2,50.37,14.62,CUST-01572,Returning,South,In-store
TXN-000889,2025-05-14,SOUTH-02,Electronics,ELEC-1003,2,1197.07,0.08,CUST-00972,Returning,South,Online
TXN-002474,2025-05-14,NORTH-02,Sports,SPRT-5003,1,119.0,0.0,CUST-00146,Returning,North,Online
TXN-003086,2025-05-14,WEST-01,Sports,SPRT-5001,3,120.05,19.95,CUST-00991,Returning,West,In-store
TXN-003164,2025-05-14,NORTH-03,Home & Kitchen,HOME-2004,1,15.88,20.55,CUST-00620,Returning,North,In-store
TXN-003874,2025-05-14,NORTH-03,Beauty,BEAU-4004,2,15.07,16.18,CUST-01642,New,North,In-store
TXN-004700,2025-05-14,NORTH-01,Electronics,ELEC-1004,3,119.97,0.0,CUST-01575,Returning,North,In-store
TXN-004766,2025-05-14,EAST-03,Apparel,APP-3002,5,158.36,20.8,CUST-00820,Returning,East,Online
TXN-005400,2025-05-14,WEST-02,Electronics,ELEC-1004,1,28.36,29.09,CUST-00083,Returning,West,In-store
TXN-000646,2025-05-15,CENTRAL-02,Apparel,APP-3002,3,119.3,0.55,CUST-00497,Returning,Central,Online
TXN-000821,2025-05-15,EAST-02,Apparel,APP-3003,1,49.01,16.93,CUST-00796,Returning,East,In-store
TXN-001081,2025-05-15,SOUTH-01,Electronics,ELEC-1003,8,4713.05,1.65,CUST-00196,Returning,South,In-store
TXN-002172,2025-05-15,CENTRAL-02,Sports,SPRT-5004,8,236.0,0.0,CUST-01728,New,Central,Online
TXN-002181,2025-05-15,CENTRAL-01,Electronics,ELEC-1001,4,890.06,10.99,CUST-00794,Returning,Central,Online
TXN-002189,2025-05-15,NORTH-02,Home & Kitchen,HOME-2004,2,38.22,4.4,CUST-01800,Returning,North,In-store
TXN-002274,2025-05-15,EAST-03,Sports,SPRT-5004,4,118.0,0.0,CUST-01431,New,East,In-store
TXN-002598,2025-05-15,NORTH-02,Electronics,ELEC-1002,3,266.65,0.69,CUST-00310,Returning,North,Online
TXN-003408,2025-05-15,SOUTH-01,Home & Kitchen,HOME-2004,6,111.46,7.07,CUST-01607,Returning,South,Online
TXN-003844,2025-05-15,SOUTH-01,Electronics,ELEC-1004,1,33.96,15.07,CUST-00334,Returning,South,In-store
TXN-005019,2025-05-15,CENTRAL-02,Electronics,ELEC-1004,1,39.99,0.0,CUST-01775,Returning,Central,Online
TXN-005819,2025-05-15,CENTRAL-03,Home & Kitchen,HOME-2001,5,174.95,0.0,CUST-01157,Returning,Central,In-store
TXN-000631,2025-05-16,SOUTH-03,Apparel,APP-3001,1,23.83,4.64,CUST-01314,New,South,In-store
TXN-000883,2025-05-16,WEST-01,Sports,SPRT-5004,2,40.96,30.58,CUST-01728,Returning,West,Online
TXN-001005,2025-05-16,NORTH-01,Beauty,BEAU-4001,1,11.03,15.12,CUST-00016,Returning,North,Online
TXN-002051,2025-05-16,SOUTH-03,Sports,SPRT-5002,4,266.96,25.84,CUST-00403,New,South,In-store
TXN-003596,2025-05-16,SOUTH-01,Apparel,APP-3004,1,14.38,0.85,CUST-01442,Returning,South,In-store
TXN-004936,2025-05-16,WEST-03,Electronics,ELEC-1001,8,1710.44,14.47,CUST-00173,Returning,West,In-store
TXN-005001,2025-05-16,NORTH-03,Beauty,BEAU-4002,2,44.07,2.07,CUST-00048,Returning,North,In-store
TXN-000725,2025-05-17,WEST-03,Beauty,BEAU-4001,2,24.92,4.07,CUST-00840,Returning,West,In-store
TXN-000777,2025-05-17,CENTRAL-03,Sports,SPRT-5002,3,218.39,19.11,CUST-01160,Returning,Central,In-store
TXN-000914,2025-05-17,WEST-02,Electronics,ELEC-1002,5,447.5,0.0,CUST-00124,Returning,West,In-store
TXN-001964,2025-05-17,CENTRAL-03,Apparel,APP-3004,1,13.38,7.75,CUST-00099,Returning,Central,In-store
TXN-002323,2025-05-17,NORTH-02,Apparel,APP-3003,4,197.29,16.4,CUST-00199,Returning,North,In-store
TXN-003547,2025-05-17,CENTRAL-02,Electronics,ELEC-1001,2,374.06,25.19,CUST-01266,Returning,Central,In-store
TXN-003812,2025-05-17,CENTRAL-02,Home & Kitchen,HOME-2001,3,104.89,0.07,CUST-01602,Returning,Central,In-store
TXN-004491,2025-05-17,SOUTH-01,Apparel,APP-3001,3,58.84,21.51,CUST-01672,Returning,South,Online
TXN-004719,2025-05-17,WEST-01,Electronics,ELEC-1002,1,89.5,0.0,CUST-01678,Returning,West,Online
TXN-005239,2025-05-17,SOUTH-03,Electronics,ELEC-1002,2,162.03,9.48,CUST-00791,Returning,South,Online
TXN-005789,2025-05-17,SOUTH-01,Beauty,BEAU-4004,5,42.57,5.3,CUST-00418,Returning,South,In-store
TXN-000750,2025-05-18,WEST-01,Beauty,BEAU-4004,1,8.99,0.0,CUST-00985,Returning,West,In-store
TXN-001188,2025-05-18,CENTRAL-01,Beauty,BEAU-4004,2,14.29,20.5,CUST-00988,New,Central,In-store
TXN-001753,2025-05-18,NORTH-02,Electronics,ELEC-1002,1,66.35,25.87,CUST-01137,Returning,North,In-store
TXN-001880,2025-05-18,NORTH-03,Home & Kitchen,HOME-2002,3,226.43,4.46,CUST-00983,Returning,North,In-store
TXN-003019,2025-05-18,CENTRAL-01,Apparel,APP-3004,2,29.0,0.0,CUST-00427,Returning,Central,In-store
TXN-003390,2025-05-18,CENTRAL-01,Beauty,BEAU-4002,1,16.76,25.49,CUST-01318,Returning,Central,Online
TXN-002561,2025-05-19,SOUTH-02,Electronics,ELEC-1003,1,582.26,2.8,CUST-00814,New,South,Online
TXN-002835,2025-05-19,SOUTH-01,Electronics,ELEC-1004,2,70.65,11.66,CUST-00817,Returning,South,In-store
TXN-003041,2025-05-19,SOUTH-02,Sports,SPRT-5003,1,119.0,0.0,CUST-00404,Returning,South,In-store
TXN-003216,2025-05-19,NORTH-02,Home & Kitchen,HOME-2001,1,34.99,0.0,CUST-01179,Returning,North,In-store
TXN-004366,2025-05-19,CENTRAL-03,Apparel,APP-3004,1,12.48,13.9,CUST-01466,Returning,Central,Online
TXN-004432,2025-05-19,WEST-01,Apparel,APP-3001,1,24.02,3.88,CUST-00023,Returning,West,In-store
TXN-004596,2025-05-19,SOUTH-01,Home & Kitchen,HOME-2004,1,16.34,18.26,CUST-00010,Returning,South,In-store
TXN-005569,2025-05-19,NORTH-03,Beauty,BEAU-4001,1,12.34,4.98,CUST-00513,Returning,North,Online
TXN-005760,2025-05-19,WEST-01,Sports,SPRT-5001,1,47.5,4.99,CUST-01744,Returning,West,Online
TXN-005899,2025-05-19,SOUTH-01,Beauty,BEAU-4004,5,42.93,4.48,CUST-01280,Returning,South,Online
TXN-000541,2025-05-20,SOUTH-02,Electronics,ELEC-1004,1,35.88,10.27,CUST-01715,Returning,South,In-store
TXN-002475,2025-05-20,NORTH-03,Home & Kitchen,HOME-2002,4,313.9,0.66,CUST-01300,Returning,North,Online
TXN-002936,2025-05-20,EAST-02,Apparel,APP-3004,2,28.21,2.71,CUST-00159,Returning,East,Online
TXN-002966,2025-05-20,CENTRAL-02,Sports,SPRT-5003,5,527.11,11.41,CUST-01791,New,Central,Online
TXN-004190,2025-05-20,EAST-02,Electronics,ELEC-1004,2,79.98,0.0,CUST-00108,New,East,Online
TXN-004846,2025-05-20,NORTH-01,Home & Kitchen,HOME-2001,3,104.97,0.0,CUST-01000,Returning,North,Online
TXN-005065,2025-05-20,SOUTH-01,Beauty,BEAU-4004,3,26.97,0.0,CUST-00026,Returning,South,In-store
TXN-005964,2025-05-20,CENTRAL-02,Electronics,ELEC-1001,1,249.99,0.0,CUST-00460,Returning,Central,Online
TXN-005988,2025-05-20,NORTH-01,Apparel,APP-3003,1,55.89,5.26,CUST-00726,Returning,North,In-store
TXN-000372,2025-05-21,EAST-01,Sports,SPRT-5004,2,39.91,32.36,CUST-01098,New,East,In-store
TXN-000772,2025-05-21,EAST-02,Beauty,BEAU-4003,1,31.65,9.58,CUST-01058,Returning,East,In-store
TXN-003063,2025-05-21,WEST-01,Home & Kitchen,HOME-2002,4,268.14,15.14,CUST-00046,Returning,West,In-store
TXN-003153,2025-05-21,EAST-01,Home & Kitchen,HOME-2001,8,269.95,3.56,CUST-01627,New,East,In-store
TXN-003766,2025-05-21,SOUTH-02,Electronics,ELEC-1004,2,71.46,10.65,CUST-01528,Returning,South,In-store
TXN-004035,2025-05-21,WEST-01,Home & Kitchen,HOME-2002,4,301.34,4.64,CUST-00075,Returning,West,In-store
TXN-004489,2025-05-21,EAST-02,Sports,SPRT-5002,1,80.07,11.03,CUST-00399,Returning,East,In-store
TXN-004510,2025-05-21,SOUTH-02,Apparel,APP-3002,1,37.96,5.07,CUST-00352,Returning,South,In-store
TXN-005059,2025-05-21,EAST-01,Home & Kitchen,HOME-2002,1,67.1,15.06,CUST-01098,New,East,In-store
TXN-005210,2025-05-21,WEST-03,Electronics,ELEC-1004,4,125.58,21.49,CUST-00393,Returning,West,In-store
TXN-002737,2025-05-22,SOUTH-01,Beauty,BEAU-4003,2,53.17,24.05,CUST-01231,Returning,South,In-store
TXN-003419,2025-05-22,CENTRAL-01,Electronics,ELEC-1002,2,158.83,11.27,CUST-00544,Returning,Central,In-store
TXN-003696,2025-05-22,CENTRAL-02,Home & Kitchen,HOME-2004,3,53.64,10.55,CUST-01045,Returning,Central,In-store
TXN-003809,2025-05-22,CENTRAL-02,Electronics,ELEC-1004,6,173.83,27.55,CUST-00434,Returning,Central,In-store
TXN-004002,2025-05-22,SOUTH-03,Beauty,BEAU-4004,1,7.59,15.56,CUST-00111,New,South,Online
TXN-005057,2025-05-22,SOUTH-03,Electronics,ELEC-1001,3,673.15,10.24,CUST-01552,Returning,South,In-store
TXN-005063,2025-05-22,WEST-01,Home & Kitchen,HOME-2001,2,62.8,10.27,CUST-00475,Returning,West,Online
TXN-005572,2025-05-22,NORTH-02,Apparel,APP-3004,2,24.99,13.82,CUST-00226,Returning,North,Online
TXN-000242,2025-05-23,CENTRAL-02,Apparel,APP-3004,1,14.41,0.64,CUST-00543,Returning,Central,Online
TXN-000274,2025-05-23,SOUTH-03,Apparel,APP-3001,1,22.85,8.57,CUST-00448,Returning,South,Online
TXN-001622,2025-05-23,CENTRAL-01,Home & Kitchen,HOME-2001,2,50.65,27.62,CUST-00492,Returning,Central,In-store
TXN-002368,2025-05-23,EAST-01,Apparel,APP-3004,2,23.27,19.76,CUST-01337,New,East,Online
TXN-002883,2025-05-23,CENTRAL-02,Beauty,BEAU-4003,5,159.23,9.01,CUST-00950,Returning,Central,Online
TXN-003233,2025-05-23,CENTRAL-01,Apparel,APP-3001,3,72.47,3.33,CUST-00029,Returning,Central,Online
TXN-003317,2025-05-23,SOUTH-02,Home & Kitchen,HOME-2003,1,114.68,11.45,CUST-00671,Returning,South,In-store
TXN-004431,2025-05-23,WEST-03,Home & Kitchen,HOME-2004,2,39.46,1.31,CUST-01412,Returning,West,Online
TXN-004961,2025-05-23,CENTRAL-02,Beauty,BEAU-4004,1,7.81,13.13,CUST-01174,Returning,Central,In-store
TXN-000553,2025-05-24,SOUTH-02,Beauty,BEAU-4004,2,17.98,0.0,CUST-01618,Returning,South,Online
TXN-000962,2025-05-24,SOUTH-02,Beauty,BEAU-4002,1,16.55,26.42,CUST-01027,Returning,South,In-store
TXN-001068,2025-05-24,NORTH-03,Apparel,APP-3001,4,98.7,1.26,CUST-01064,New,North,Online
TXN-002621,2025-05-24,WEST-02,Electronics,ELEC-1003,1,478.56,20.11,CUST-01787,Returning,West,Online
TXN-004518,2025-05-24,NORTH-03,Apparel,APP-3002,2,70.91,11.34,CUST-00578,Returning,North,In-store
TXN-004527,2025-05-24,SOUTH-01,Electronics,ELEC-1001,5,1239.12,0.87,CUST-01158,Returning,South,In-store
TXN-004851,2025-05-24,CENTRAL-02,Sports,SPRT-5004,5,140.39,4.82,CUST-00513,Returning,Central,Online
TXN-004916,2025-05-24,EAST-03,Home & Kitchen,HOME-2002,2,156.6,0.89,CUST-01136,Returning,East,In-store
TXN-005272,2025-05-24,NORTH-01,Apparel,APP-3001,2,40.19,19.59,CUST-00750,Returning,North,Online
TXN-000295,2025-05-25,SOUTH-03,Beauty,BEAU-4002,2,38.13,15.27,CUST-00535,Returning,South,In-store
TXN-001866,2025-05-25,WEST-02,Home & Kitchen,HOME-2002,1,54.5,31.01,CUST-00091,Returning,West,In-store
TXN-002001,2025-05-25,CENTRAL-02,Sports,SPRT-5004,1,27.97,5.2,CUST-00040,Returning,Central,Online
TXN-002169,2025-05-25,WEST-01,Electronics,ELEC-1004,2,59.65,25.42,CUST-00622,Returning,West,In-store
TXN-002556,2025-05-25,EAST-01,Home & Kitchen,HOME-2003,3,306.58,21.09,CUST-01690,Returning,East,In-store
TXN-005596,2025-05-25,EAST-01,Apparel,APP-3003,3,158.27,10.58,CUST-00645,Returning,East,Online
TXN-005753,2025-05-25,CENTRAL-01,Apparel,APP-3002,5,183.91,8.02,CUST-00007,Returning,Central,Online
TXN-003740,2025-05-26,WEST-01,Apparel,APP-3001,1,24.76,0.93,CUST-00158,Returning,West,Online
TXN-004629,2025-05-26,CENTRAL-02,Home & Kitchen,HOME-2001,1,34.67,0.91,CUST-01685,Returning,Central,Online
TXN-000171,2025-05-27,CENTRAL-02,Electronics,ELEC-1004,2,75.79,5.24,CUST-00661,Returning,Central,In-store
TXN-001404,2025-05-27,EAST-02,Apparel,APP-3001,3,73.3,2.22,CUST-00166,New,East,In-store
TXN-001676,2025-05-27,EAST-01,Home & Kitchen,HOME-2002,8,505.17,20.07,CUST-01317,Returning,East,In-store
TXN-001861,2025-05-27,NORTH-01,Home & Kitchen,HOME-2003,1,123.31,4.78,CUST-01597,Returning,North,In-store
TXN-003329,2025-05-27,CENTRAL-02,Apparel,APP-3002,3,118.49,1.23,CUST-00147,Returning,Central,Online
TXN-003416,2025-05-27,SOUTH-02,Sports,SPRT-5003,3,320.78,10.15,CUST-00182,Returning,South,In-store
TXN-005489,2025-05-27,WEST-01,Sports,SPRT-5003,1,114.09,4.13,CUST-01436,Returning,West,Online
TXN-000651,2025-05-28,CENTRAL-01,Home & Kitchen,HOME-2003,4,494.49,4.54,CUST-00766,Returning,Central,Online
TXN-001083,2025-05-28,EAST-01,Home & Kitchen,HOME-2003,2,258.46,0.21,CUST-00656,Returning,East,In-store
TXN-002265,2025-05-28,EAST-03,Apparel,APP-3001,3,64.24,14.31,CUST-00499,Returning,East,In-store
TXN-002400,2025-05-28,CENTRAL-01,Electronics,ELEC-1001,2,472.79,5.44,CUST-01059,Returning,Central,Online
TXN-004145,2025-05-28,SOUTH-01,Apparel,APP-3002,3,117.85,1.77,CUST-01010,Returning,South,In-store
TXN-004593,2025-05-28,NORTH-01,Electronics,ELEC-1004,6,204.46,14.79,CUST-01685,Returning,North,Online
TXN-005193,2025-05-28,NORTH-01,Home & Kitchen,HOME-2004,4,63.91,20.07,CUST-01285,Returning,North,In-store
TXN-005326,2025-05-28,CENTRAL-02,Beauty,BEAU-4004,5,42.86,4.64,CUST-01371,Returning,Central,Online
TXN-000046,2025-05-29,NORTH-03,Apparel,APP-3003,6,354.0,0.0,CUST-00678,Returning,North,In-store
TXN-000975,2025-05-29,NORTH-02,Beauty,BEAU-4004,1,8.99,0.0,CUST-01361,Returning,North,In-store
TXN-002702,2025-05-29,EAST-03,Apparel,APP-3004,1,14.5,0.02,CUST-01090,Returning,East,Online
TXN-002744,2025-05-29,NORTH-02,Beauty,BEAU-4003,1,35.0,0.0,CUST-00027,Returning,North,In-store
TXN-003226,2025-05-29,CENTRAL-03,Electronics,ELEC-1002,3,238.75,11.08,CUST-00980,Returning,Central,In-store
TXN-003588,2025-05-29,SOUTH-02,Home & Kitchen,HOME-2004,4,79.96,0.0,CUST-01736,Returning,South,Online
TXN-004358,2025-05-29,NORTH-03,Apparel,APP-3004,5,71.26,1.71,CUST-01082,New,North,Online
TXN-005253,2025-05-29,SOUTH-01,Home & Kitchen,HOME-2004,1,19.86,0.66,CUST-01090,Returning,South,In-store
TXN-005413,2025-05-29,SOUTH-01,Apparel,APP-3001,3,72.44,3.37,CUST-00095,Returning,South,Online
TXN-000051,2025-05-30,CENTRAL-01,Sports,SPRT-5004,6,160.05,9.57,CUST-00957,Returning,Central,Online
TXN-000095,2025-05-30,SOUTH-02,Beauty,BEAU-4001,5,64.95,0.0,CUST-01681,Returning,South,In-store
TXN-000503,2025-05-30,WEST-01,Home & Kitchen,HOME-2002,6,437.85,7.63,CUST-01391,Returning,West,In-store
TXN-001056,2025-05-30,CENTRAL-02,Apparel,APP-3001,1,23.08,7.64,CUST-00663,Returning,Central,Online
TXN-001166,2025-05-30,SOUTH-03,Beauty,BEAU-4002,3,57.19,15.28,CUST-01669,New,South,In-store
TXN-001418,2025-05-30,SOUTH-03,Electronics,ELEC-1003,5,2982.12,0.43,CUST-00778,Returning,South,In-store
TXN-001650,2025-05-30,SOUTH-03,Beauty,BEAU-4004,1,6.77,24.75,CUST-00483,Returning,South,In-store
TXN-002345,2025-05-30,WEST-03,Beauty,BEAU-4002,3,67.5,0.0,CUST-01277,New,West,In-store
TXN-002490,2025-05-30,EAST-01,Home & Kitchen,HOME-2002,1,76.96,2.58,CUST-00514,Returning,East,In-store
TXN-003854,2025-05-30,SOUTH-03,Electronics,ELEC-1001,3,635.06,15.32,CUST-00056,Returning,South,In-store
TXN-004303,2025-05-30,SOUTH-02,Apparel,APP-3001,1,22.55,9.78,CUST-01046,New,South,Online
TXN-004540,2025-05-30,CENTRAL-03,Sports,SPRT-5002,1,89.99,0.0,CUST-00144,Returning,Central,Online
TXN-005132,2025-05-30,EAST-01,Sports,SPRT-5002,6,474.71,12.08,CUST-01069,New,East,Online
TXN-005469,2025-05-30,NORTH-03,Electronics,ELEC-1002,6,511.15,4.81,CUST-00472,Returning,North,Online
TXN-000027,2025-05-31,EAST-02,Apparel,APP-3004,3,37.68,13.37,CUST-01792,New,East,In-store
TXN-000547,2025-05-31,WEST-03,Home & Kitchen,HOME-2002,10,711.4,9.95,CUST-01072,Returning,West,In-store
TXN-001365,2025-05-31,CENTRAL-03,Home & Kitchen,HOME-2001,2,67.53,3.5,CUST-01672,Returning,Central,In-store
TXN-002204,2025-05-31,SOUTH-03,Home & Kitchen,HOME-2004,1,19.84,0.76,CUST-00340,Returning,South,In-store
TXN-003605,2025-05-31,CENTRAL-03,Electronics,ELEC-1002,4,358.0,0.0,CUST-01317,Returning,Central,In-store
TXN-004385,2025-05-31,WEST-01,Sports,SPRT-5004,5,125.78,14.72,CUST-00880,Returning,West,In-store
TXN-004664,2025-05-31,EAST-03,Beauty,BEAU-4001,2,25.58,1.54,CUST-01547,Returning,East,In-store
TXN-005049,2025-05-31,NORTH-01,Electronics,ELEC-1004,2,75.53,5.56,CUST-00327,Returning,North,In-store
TXN-000339,2025-06-01,NORTH-03,Apparel,APP-3004,1,14.5,0.0,CUST-00561,Returning,North,In-store
TXN-000997,2025-06-01,WEST-01,Apparel,APP-3003,2,111.05,5.89,CUST-01325,Returning,West,Online
TXN-002190,2025-06-01,NORTH-02,Apparel,APP-3001,2,37.64,24.68,CUST-00537,Returning,North,In-store
TXN-002248,2025-06-01,WEST-01,Apparel,APP-3001,1,22.86,8.53,CUST-00841,Returning,West,Online
TXN-002269,2025-06-01,NORTH-03,Apparel,APP-3003,2,82.23,30.31,CUST-01362,Returning,North,In-store
TXN-003454,2025-06-01,SOUTH-03,Home & Kitchen,HOME-2002,2,151.11,4.36,CUST-01088,New,South,In-store
TXN-003958,2025-06-01,EAST-03,Sports,SPRT-5002,2,145.18,19.33,CUST-01742,Returning,East,Online
TXN-005712,2025-06-01,WEST-02,Home & Kitchen,HOME-2001,1,33.18,5.16,CUST-00370,Returning,West,In-store
TXN-000251,2025-06-02,EAST-01,Home & Kitchen,HOME-2004,2,39.98,0.0,CUST-01473,Returning,East,Online
TXN-001695,2025-06-02,SOUTH-03,Sports,SPRT-5002,3,265.56,1.63,CUST-00040,Returning,South,In-store
TXN-001759,2025-06-02,CENTRAL-03,Home & Kitchen,HOME-2001,6,190.91,9.06,CUST-00610,Returning,Central,In-store
TXN-001855,2025-06-02,WEST-01,Electronics,ELEC-1001,4,932.98,6.7,CUST-00830,Returning,West,In-store
TXN-002009,2025-06-02,WEST-03,Home & Kitchen,HOME-2001,1,34.88,0.31,CUST-01752,Returning,West,In-store
TXN-002187,2025-06-02,CENTRAL-02,Electronics,ELEC-1002,3,268.5,0.0,CUST-00335,New,Central,Online
TXN-002842,2025-06-02,WEST-02,Sports,SPRT-5004,1,29.26,0.83,CUST-01390,Returning,West,In-store
TXN-003622,2025-06-02,WEST-03,Apparel,APP-3001,1,22.19,11.19,CUST-00501,Returning,West,In-store
TXN-003642,2025-06-02,NORTH-02,Beauty,BEAU-4001,1,11.91,8.31,CUST-00493,New,North,In-store
TXN-003803,2025-06-02,SOUTH-01,Electronics,ELEC-1004,3,109.46,8.76,CUST-00231,New,South,Online
TXN-004106,2025-06-02,CENTRAL-03,Beauty,BEAU-4003,8,222.55,20.52,CUST-00164,Returning,Central,Online
TXN-004939,2025-06-02,CENTRAL-02,Apparel,APP-3003,5,295.0,0.0,CUST-01629,Returning,Central,Online
TXN-005342,2025-06-02,SOUTH-02,Beauty,BEAU-4003,1,29.66,15.25,CUST-00702,Returning,South,Online
TXN-000840,2025-06-03,CENTRAL-02,Beauty,BEAU-4003,1,33.63,3.9,CUST-01575,Returning,Central,Online
TXN-001119,2025-06-03,WEST-03,Home & Kitchen,HOME-2004,1,17.25,13.71,CUST-01403,Returning,West,Online
TXN-002180,2025-06-03,WEST-03,Home & Kitchen,HOME-2003,10,1179.82,8.89,CUST-00039,New,West,Online
TXN-003506,2025-06-03,NORTH-02,Beauty,BEAU-4001,3,36.62,6.04,CUST-00752,Returning,North,In-store
TXN-004606,2025-06-03,NORTH-03,Apparel,APP-3001,5,113.53,9.14,CUST-00982,Returning,North,Online
TXN-005104,2025-06-03,SOUTH-03,Electronics,ELEC-1003,1,551.98,7.85,CUST-00291,Returning,South,In-store
TXN-002544,2025-06-04,WEST-01,Home & Kitchen,HOME-2004,5,99.95,0.0,CUST-00002,Returning,West,In-store
TXN-002608,2025-06-04,CENTRAL-02,Home & Kitchen,HOME-2004,3,59.97,0.0,CUST-01660,Returning,Central,Online
TXN-002976,2025-06-04,NORTH-01,Apparel,APP-3004,8,103.49,10.79,CUST-01412,Returning,North,In-store
TXN-003330,2025-06-04,WEST-03,Apparel,APP-3002,1,37.22,6.94,CUST-00659,New,West,In-store
TXN-004293,2025-06-04,WEST-01,Apparel,APP-3003,5,286.48,2.89,CUST-00705,New,West,In-store
TXN-004561,2025-06-04,CENTRAL-02,Apparel,APP-3002,3,101.98,14.99,CUST-00395,Returning,Central,In-store
TXN-000593,2025-06-05,EAST-02,Apparel,APP-3001,1,24.99,0.0,CUST-01253,New,East,Online
TXN-001446,2025-06-05,CENTRAL-01,Apparel,APP-3002,2,67.14,16.06,CUST-00223,Returning,Central,In-store
TXN-002077,2025-06-05,NORTH-02,Home & Kitchen,HOME-2003,2,258.2,0.31,CUST-01257,Returning,North,In-store
TXN-003828,2025-06-05,NORTH-02,Sports,SPRT-5002,2,179.98,0.0,CUST-01284,Returning,North,In-store
TXN-005102,2025-06-05,WEST-01,Beauty,BEAU-4001,1,11.54,11.19,CUST-00615,Returning,West,Online
TXN-005680,2025-06-05,CENTRAL-03,Apparel,APP-3004,4,55.21,4.8,CUST-00529,Returning,Central,In-store
TXN-005980,2025-06-05,WEST-02,Apparel,APP-3004,2,28.86,0.5,CUST-01109,Returning,West,Online
TXN-000076,2025-06-06,NORTH-02,Sports,SPRT-5004,6,175.77,0.7,CUST-01569,Returning,North,In-store
TXN-000487,2025-06-06,SOUTH-01,Beauty,BEAU-4002,3,67.5,0.0,CUST-00829,Returning,South,In-store
TXN-000806,2025-06-06,WEST-02,Apparel,APP-3003,3,177.0,0.0,CUST-01651,Returning,West,In-store
TXN-000949,2025-06-06,CENTRAL-03,Home & Kitchen,HOME-2003,3,368.95,5.03,CUST-00793,New,Central,In-store
TXN-001606,2025-06-06,CENTRAL-03,Home & Kitchen,HOME-2002,1,68.9,12.79,CUST-00360,New,Central,Online
TXN-001953,2025-06-06,SOUTH-02,Sports,SPRT-5002,6,537.79,0.4,CUST-01607,Returning,South,In-store
TXN-004217,2025-06-06,CENTRAL-03,Home & Kitchen,HOME-2002,2,158.0,0.0,CUST-00325,Returning,Central,Online
TXN-004254,2025-06-06,NORTH-02,Home & Kitchen,HOME-2004,3,51.78,13.65,CUST-00385,Returning,North,In-store
TXN-004497,2025-06-06,WEST-02,Apparel,APP-3003,4,235.8,0.08,CUST-00212,Returning,West,In-store
TXN-005418,2025-06-06,SOUTH-01,Home & Kitchen,HOME-2002,3,237.0,0.0,CUST-00045,Returning,South,Online
TXN-005681,2025-06-06,SOUTH-01,Electronics,ELEC-1003,2,1160.39,3.14,CUST-01699,Returning,South,In-store
TXN-005940,2025-06-06,WEST-02,Apparel,APP-3001,8,182.24,8.84,CUST-01049,Returning,West,In-store
TXN-000583,2025-06-07,CENTRAL-01,Apparel,APP-3003,1,59.0,0.0,CUST-00816,Returning,Central,In-store
TXN-001066,2025-06-07,WEST-02,Home & Kitchen,HOME-2004,1,15.34,23.24,CUST-00546,Returning,West,In-store
TXN-001865,2025-06-07,EAST-01,Home & Kitchen,HOME-2003,3,337.08,13.24,CUST-00429,Returning,East,In-store
TXN-001960,2025-06-07,NORTH-01,Electronics,ELEC-1004,1,35.83,10.39,CUST-01006,Returning,North,In-store
TXN-001570,2025-06-08,SOUTH-02,Beauty,BEAU-4004,1,8.89,1.09,CUST-00164,Returning,South,In-store
TXN-003587,2025-06-08,EAST-02,Home & Kitchen,HOME-2002,3,213.08,10.09,CUST-00335,Returning,East,Online
TXN-004304,2025-06-08,CENTRAL-01,Electronics,ELEC-1001,3,664.22,11.43,CUST-01091,Returning,Central,In-store
TXN-004354,2025-06-08,WEST-03,Electronics,ELEC-1003,5,2995.0,0.0,CUST-00674,Returning,West,Online
TXN-005956,2025-06-08,EAST-01,Sports,SPRT-5001,2,85.3,14.69,CUST-00910,Returning,East,In-store
TXN-000474,2025-06-09,CENTRAL-01,Electronics,ELEC-1002,3,266.78,0.64,CUST-00420,Returning,Central,Online
TXN-000699,2025-06-09,WEST-03,Beauty,BEAU-4001,1,12.81,1.4,CUST-01224,Returning,West,In-store
TXN-001173,2025-06-09,NORTH-03,Sports,SPRT-5002,2,167.6,6.88,CUST-00216,Returning,North,In-store
TXN-002069,2025-06-09,SOUTH-02,Beauty,BEAU-4002,5,98.73,12.24,CUST-00207,Returning,South,Online
TXN-002073,2025-06-09,CENTRAL-03,Beauty,BEAU-4004,1,8.06,10.37,CUST-01200,Returning,Central,In-store
TXN-003341,2025-06-09,WEST-03,Sports,SPRT-5001,3,139.35,7.08,CUST-00090,Returning,West,In-store
TXN-004266,2025-06-09,EAST-02,Home & Kitchen,HOME-2004,3,50.38,15.99,CUST-00634,New,East,In-store
TXN-004267,2025-06-09,SOUTH-01,Home & Kitchen,HOME-2003,3,314.03,19.17,CUST-01766,Returning,South,Online
TXN-004896,2025-06-09,NORTH-02,Home & Kitchen,HOME-2004,2,36.02,9.9,CUST-00016,Returning,North,In-store
TXN-005156,2025-06-09,SOUTH-03,Electronics,ELEC-1003,2,1193.92,0.34,CUST-01396,Returning,South,In-store
TXN-005360,2025-06-09,EAST-02,Electronics,ELEC-1003,5,2318.56,22.59,CUST-00635,New,East,Online
TXN-000109,2025-06-10,NORTH-01,Apparel,APP-3001,2,44.76,10.45,CUST-00661,Returning,North,In-store
TXN-000265,2025-06-10,SOUTH-02,Beauty,BEAU-4001,2,25.98,0.0,CUST-01454,Returning,South,In-store
TXN-000494,2025-06-10,EAST-03,Electronics,ELEC-1001,3,718.54,4.19,CUST-01371,Returning,East,In-store
TXN-000939,2025-06-10,CENTRAL-01,Electronics,ELEC-1003,2,1009.93,15.7,CUST-00764,Returning,Central,In-store
TXN-001765,2025-06-10,WEST-01,Sports,SPRT-5002,8,612.11,14.98,CUST-00030,Returning,West,In-store
TXN-001830,2025-06-10,WEST-03,Electronics,ELEC-1004,3,103.89,13.4,CUST-01058,Returning,West,Online
TXN-003409,2025-06-10,WEST-01,Beauty,BEAU-4001,4,48.87,5.95,CUST-00544,Returning,West,In-store
TXN-003481,2025-06-10,NORTH-02,Apparel,APP-3002,1,39.93,0.15,CUST-01164,Returning,North,In-store
TXN-004305,2025-06-10,CENTRAL-01,Beauty,BEAU-4002,2,42.67,5.19,CUST-01632,Returning,Central,Online
TXN-004927,2025-06-10,SOUTH-02,Home & Kitchen,HOME-2002,5,348.58,11.75,CUST-00733,Returning,South,In-store
TXN-001461,2025-06-11,EAST-03,Apparel,APP-3004,6,79.19,8.98,CUST-00757,Returning,East,In-store
TXN-001512,2025-06-11,NORTH-02,Home & Kitchen,HOME-2004,3,58.81,1.93,CUST-00708,Returning,North,In-store
TXN-002300,2025-06-11,SOUTH-03,Home & Kitchen,HOME-2001,6,207.47,1.18,CUST-01106,New,South,Online
TXN-003042,2025-06-11,CENTRAL-03,Home & Kitchen,HOME-2003,10,1176.41,9.16,CUST-00849,Returning,Central,In-store
TXN-003291,2025-06-11,CENTRAL-02,Apparel,APP-3003,8,469.23,0.59,CUST-00710,Returning,Central,In-store
TXN-004308,2025-06-11,NORTH-03,Apparel,APP-3003,3,148.99,15.82,CUST-01543,Returning,North,In-store
TXN-005522,2025-06-11,EAST-03,Home & Kitchen,HOME-2001,2,69.98,0.0,CUST-01361,Returning,East,In-store
TXN-000228,2025-06-12,NORTH-01,Home & Kitchen,HOME-2001,2,69.98,0.0,CUST-01104,Returning,North,In-store
TXN-000741,2025-06-12,CENTRAL-03,Electronics,ELEC-1004,1,31.43,21.41,CUST-00158,Returning,Central,Online
TXN-001599,2025-06-12,NORTH-01,Sports,SPRT-5001,3,127.46,15.01,CUST-00412,Returning,North,In-store
TXN-002730,2025-06-12,WEST-01,Home & Kitchen,HOME-2003,6,777.0,0.0,CUST-00535,Returning,West,In-store
TXN-003423,2025-06-12,SOUTH-02,Home & Kitchen,HOME-2002,3,213.98,9.71,CUST-00437,Returning,South,In-store
TXN-003813,2025-06-12,WEST-02,Apparel,APP-3003,1,56.82,3.69,CUST-01159,Returning,West,In-store
TXN-005724,2025-06-12,CENTRAL-02,Electronics,ELEC-1001,2,383.05,23.39,CUST-01378,New,Central,In-store
TXN-002874,2025-06-13,CENTRAL-02,Home & Kitchen,HOME-2002,2,151.12,4.35,CUST-00695,Returning,Central,Online
TXN-002887,2025-06-13,EAST-02,Home & Kitchen,HOME-2004,6,89.67,25.24,CUST-00359,Returning,East,Online
TXN-003539,2025-06-13,SOUTH-03,Electronics,ELEC-1004,4,159.96,0.0,CUST-01000,Returning,South,In-store
TXN-004329,2025-06-13,CENTRAL-03,Apparel,APP-3003,3,163.34,7.72,CUST-00550,Returning,Central,In-store
TXN-000044,2025-06-14,CENTRAL-03,Beauty,BEAU-4002,2,39.21,12.87,CUST-00968,Returning,Central,Online
TXN-000287,2025-06-14,SOUTH-02,Home & Kitchen,HOME-2002,5,296.05,25.05,CUST-00206,Returning,South,In-store
TXN-001071,2025-06-14,CENTRAL-03,Home & Kitchen,HOME-2001,1,33.97,2.92,CUST-00062,Returning,Central,Online
TXN-002294,2025-06-14,NORTH-02,Apparel,APP-3004,1,13.17,9.17,CUST-01401,Returning,North,In-store
TXN-002295,2025-06-14,NORTH-02,Electronics,ELEC-1003,10,5972.22,0.3,CUST-01649,Returning,North,Online
TXN-002846,2025-06-14,SOUTH-01,Electronics,ELEC-1002,1,89.26,0.27,CUST-00729,Returning,South,In-store
TXN-004417,2025-06-14,WEST-03,Home & Kitchen,HOME-2004,1,17.02,14.87,CUST-01143,Returning,West,Online
TXN-005535,2025-06-14,WEST-03,Beauty,BEAU-4003,3,96.38,8.21,CUST-00999,Returning,West,In-store
TXN-005620,2025-06-14,EAST-01,Apparel,APP-3001,1,23.57,5.67,CUST-00383,Returning,East,Online
TXN-000401,2025-06-15,CENTRAL-02,Home & Kitchen,HOME-2001,8,279.92,0.0,CUST-00534,Returning,Central,Online
TXN-000959,2025-06-15,WEST-01,Home & Kitchen,HOME-2002,4,299.63,5.18,CUST-01093,Returning,West,In-store
TXN-001187,2025-06-15,CENTRAL-02,Sports,SPRT-5002,1,81.12,9.86,CUST-00431,Returning,Central,Online
TXN-003287,2025-06-15,EAST-01,Beauty,BEAU-4003,1,30.98,11.5,CUST-01643,Returning,East,In-store
TXN-003473,2025-06-15,CENTRAL-01,Electronics,ELEC-1002,1,80.33,10.25,CUST-01538,Returning,Central,Online
TXN-003603,2025-06-15,CENTRAL-02,Apparel,APP-3004,6,87.0,0.0,CUST-00133,Returning,Central,In-store
TXN-004059,2025-06-15,EAST-03,Beauty,BEAU-4003,3,100.77,4.03,CUST-00282,Returning,East,In-store
TXN-004874,2025-06-15,WEST-03,Electronics,ELEC-1003,4,2364.16,1.33,CUST-01185,Returning,West,In-store
TXN-005723,2025-06-15,SOUTH-01,Apparel,APP-3001,4,99.96,0.0,CUST-01040,Returning,South,In-store
TXN-000198,2025-06-16,NORTH-02,Sports,SPRT-5004,5,146.22,0.87,CUST-01333,Returning,North,In-store
TXN-000887,2025-06-16,CENTRAL-02,Beauty,BEAU-4002,4,70.92,21.2,CUST-01243,Returning,Central,Online
TXN-001124,2025-06-16,SOUTH-01,Beauty,BEAU-4001,1,12.12,6.72,CUST-00057,Returning,South,In-store
TXN-001655,2025-06-16,CENTRAL-03,Sports,SPRT-5001,4,187.16,6.4,CUST-01292,Returning,Central,In-store
TXN-001911,2025-06-16,NORTH-02,Beauty,BEAU-4002,4,78.67,12.59,CUST-00823,Returning,North,In-store
TXN-002879,2025-06-16,CENTRAL-02,Electronics,ELEC-1003,8,3846.25,19.74,CUST-01137,Returning,Central,In-store
TXN-002942,2025-06-16,NORTH-03,Apparel,APP-3002,1,37.97,5.04,CUST-01065,Returning,North,In-store
TXN-003522,2025-06-16,SOUTH-03,Beauty,BEAU-4003,1,34.85,0.42,CUST-00001,Returning,South,In-store
TXN-005183,2025-06-16,CENTRAL-03,Apparel,APP-3001,3,64.71,13.69,CUST-01385,Returning,Central,In-store
TXN-000116,2025-06-17,SOUTH-03,Apparel,APP-3003,5,268.57,8.96,CUST-00464,New,South,Online
TXN-000385,2025-06-17,WEST-01,Electronics,ELEC-1002,4,282.67,21.04,CUST-00940,Returning,West,Online
TXN-000798,2025-06-17,SOUTH-02,Beauty,BEAU-4001,1,12.99,0.0,CUST-00142,Returning,South,Online
TXN-000888,2025-06-17,EAST-02,Apparel,APP-3003,4,211.27,10.48,CUST-00041,Returning,East,In-store
TXN-001452,2025-06-17,CENTRAL-02,Electronics,ELEC-1001,2,499.98,0.0,CUST-01106,Returning,Central,In-store
TXN-001509,2025-06-17,NORTH-01,Home & Kitchen,HOME-2003,1,127.65,1.43,CUST-01102,New,North,In-store
TXN-001979,2025-06-17,WEST-02,Home & Kitchen,HOME-2001,2,56.03,19.93,CUST-00500,Returning,West,Online
TXN-002185,2025-06-17,EAST-02,Home & Kitchen,HOME-2001,6,188.32,10.3,CUST-01725,Returning,East,In-store
TXN-002363,2025-06-17,WEST-03,Apparel,APP-3001,2,45.77,8.42,CUST-00380,Returning,West,In-store
TXN-002551,2025-06-17,NORTH-01,Apparel,APP-3003,1,59.0,0.0,CUST-00239,Returning,North,Online
TXN-003234,2025-06-17,EAST-03,Home & Kitchen,HOME-2003,4,420.48,18.83,CUST-01673,Returning,East,Online
TXN-004370,2025-06-17,CENTRAL-01,Beauty,BEAU-4003,1,31.82,9.1,CUST-00933,New,Central,Online
TXN-005770,2025-06-17,EAST-03,Home & Kitchen,HOME-2004,6,101.53,15.35,CUST-00349,New,East,In-store
TXN-000344,2025-06-18,CENTRAL-01,Home & Kitchen,HOME-2003,1,129.41,0.07,CUST-01062,Returning,Central,Online
TXN-002711,2025-06-18,NORTH-03,Home & Kitchen,HOME-2001,4,119.7,14.48,CUST-00709,Returning,North,Online
TXN-003910,2025-06-18,WEST-03,Beauty,BEAU-4004,1,6.27,30.25,CUST-00211,Returning,West,Online
TXN-005076,2025-06-18,SOUTH-03,Beauty,BEAU-4004,2,17.98,0.0,CUST-00166,Returning,South,Online
TXN-004850,2025-06-19,NORTH-02,Apparel,APP-3002,8,290.17,9.3,CUST-01160,Returning,North,Online
TXN-005298,2025-06-19,WEST-02,Sports,SPRT-5002,2,179.98,0.0,CUST-00682,Returning,West,In-store
TXN-005495,2025-06-19,EAST-03,Apparel,APP-3004,10,143.09,1.31,CUST-00333,Returning,East,In-store
TXN-005851,2025-06-19,CENTRAL-01,Electronics,ELEC-1001,2,499.19,0.16,CUST-01129,Returning,Central,Online
TXN-000849,2025-06-20,WEST-02,Home & Kitchen,HOME-2003,3,276.48,28.83,CUST-00987,Returning,West,In-store
TXN-001151,2025-06-20,NORTH-02,Sports,SPRT-5003,2,237.02,0.41,CUST-01046,Returning,North,In-store
TXN-003393,2025-06-20,SOUTH-03,Electronics,ELEC-1001,2,478.89,4.22,CUST-00962,Returning,South,Online
TXN-003433,2025-06-20,NORTH-01,Sports,SPRT-5004,5,133.74,9.33,CUST-00764,Returning,North,In-store
TXN-003672,2025-06-20,SOUTH-03,Beauty,BEAU-4004,10,80.56,10.39,CUST-01429,Returning,South,In-store
TXN-003738,2025-06-20,WEST-01,Beauty,BEAU-4001,1,12.99,0.0,CUST-00359,Returning,West,In-store
TXN-003788,2025-06-20,CENTRAL-02,Apparel,APP-3004,1,12.54,13.51,CUST-01125,Returning,Central,Online
TXN-004362,2025-06-20,EAST-03,Apparel,APP-3002,3,104.73,12.71,CUST-00686,Returning,East,In-store
TXN-001236,2025-06-21,SOUTH-01,Sports,SPRT-5002,1,76.41,15.09,CUST-00831,Returning,South,Online
TXN-001535,2025-06-21,NORTH-02,Sports,SPRT-5004,1,29.5,0.0,CUST-00926,Returning,North,Online
TXN-002957,2025-06-21,WEST-01,Beauty,BEAU-4001,2,21.78,16.16,CUST-01769,Returning,West,Online
TXN-004524,2025-06-21,EAST-03,Apparel,APP-3004,1,13.63,5.99,CUST-01143,Returning,East,In-store
TXN-004981,2025-06-21,EAST-02,Apparel,APP-3002,1,32.66,18.32,CUST-01159,Returning,East,Online
TXN-005097,2025-06-21,WEST-02,Home & Kitchen,HOME-2003,4,486.34,6.11,CUST-00691,Returning,West,In-store
TXN-005215,2025-06-21,WEST-03,Beauty,BEAU-4001,1,12.24,5.74,CUST-01600,Returning,West,In-store
TXN-005264,2025-06-21,EAST-03,Sports,SPRT-5002,2,179.98,0.0,CUST-01251,Returning,East,In-store
TXN-000824,2025-06-22,EAST-02,Beauty,BEAU-4001,1,12.99,0.0,CUST-00671,Returning,East,In-store
TXN-004406,2025-06-22,NORTH-02,Home & Kitchen,HOME-2004,5,99.75,0.2,CUST-00772,Returning,North,In-store
TXN-004866,2025-06-22,CENTRAL-01,Electronics,ELEC-1001,2,421.3,15.74,CUST-01143,Returning,Central,Online
TXN-005075,2025-06-22,NORTH-02,Home & Kitchen,HOME-2001,3,98.76,5.92,CUST-01229,Returning,North,Online
TXN-000200,2025-06-23,NORTH-03,Sports,SPRT-5004,5,123.46,16.3,CUST-00546,Returning,North,Online
TXN-000993,2025-06-23,CENTRAL-03,Home & Kitchen,HOME-2003,2,231.82,10.49,CUST-00953,Returning,Central,In-store
TXN-001633,2025-06-23,EAST-02,Sports,SPRT-5003,1,106.49,10.51,CUST-00825,Returning,East,Online
TXN-001975,2025-06-23,NORTH-02,Electronics,ELEC-1001,1,225.63,9.74,CUST-01473,Returning,North,Online
TXN-002244,2025-06-23,WEST-02,Sports,SPRT-5004,10,295.0,0.0,CUST-00840,Returning,West,Online
TXN-002342,2025-06-23,WEST-03,Beauty,BEAU-4001,4,47.75,8.1,CUST-00601,Returning,West,In-store
TXN-003952,2025-06-23,WEST-03,Beauty,BEAU-4004,5,44.95,0.0,CUST-01529,Returning,West,In-store
TXN-004089,2025-06-23,NORTH-01,Sports,SPRT-5004,2,58.41,1.0,CUST-00324,New,North,Online
TXN-005684,2025-06-23,SOUTH-01,Apparel,APP-3002,3,103.03,14.12,CUST-00103,Returning,South,Online
TXN-005816,2025-06-23,CENTRAL-01,Beauty,BEAU-4002,4,90.0,0.0,CUST-01457,New,Central,In-store
TXN-000652,2025-06-24,SOUTH-02,Home & Kitchen,HOME-2002,2,156.27,1.09,CUST-01791,Returning,South,In-store
TXN-003283,2025-06-24,NORTH-01,Apparel,APP-3001,2,42.36,15.25,CUST-00842,Returning,North,Online
TXN-003403,2025-06-24,WEST-01,Electronics,ELEC-1001,1,249.99,0.0,CUST-00512,Returning,West,In-store
TXN-003443,2025-06-24,EAST-02,Beauty,BEAU-4001,1,11.08,14.74,CUST-00622,Returning,East,In-store
TXN-003798,2025-06-24,WEST-03,Home & Kitchen,HOME-2002,1,79.0,0.0,CUST-01271,Returning,West,In-store
TXN-004438,2025-06-24,NORTH-01,Electronics,ELEC-1004,1,39.45,1.34,CUST-01624,Returning,North,In-store
TXN-005115,2025-06-24,EAST-02,Apparel,APP-3003,2,111.22,5.75,CUST-01095,Returning,East,Online
TXN-005399,2025-06-24,CENTRAL-02,Sports,SPRT-5004,2,52.81,10.49,CUST-01715,Returning,Central,In-store
TXN-000226,2025-06-25,CENTRAL-02,Home & Kitchen,HOME-2001,4,125.62,10.25,CUST-00016,Returning,Central,In-store
TXN-000469,2025-06-25,EAST-03,Apparel,APP-3002,1,36.15,9.6,CUST-00574,Returning,East,In-store
TXN-000643,2025-06-25,EAST-01,Home & Kitchen,HOME-2002,2,120.25,23.89,CUST-00685,Returning,East,Online
TXN-001469,2025-06-25,SOUTH-02,Electronics,ELEC-1002,2,176.25,1.54,CUST-01019,Returning,South,Online
TXN-001720,2025-06-25,CENTRAL-02,Electronics,ELEC-1002,1,89.5,0.0,CUST-00565,Returning,Central,Online
TXN-003791,2025-06-25,SOUTH-03,Sports,SPRT-5004,5,101.33,31.3,CUST-00795,Returning,South,Online
TXN-004761,2025-06-25,SOUTH-01,Beauty,BEAU-4001,3,33.26,14.64,CUST-00840,Returning,South,Online
TXN-004855,2025-06-25,NORTH-03,Home & Kitchen,HOME-2001,1,31.41,10.23,CUST-00591,Returning,North,Online
TXN-005202,2025-06-25,EAST-02,Apparel,APP-3001,2,42.8,14.36,CUST-01630,New,East,In-store
TXN-005276,2025-06-25,CENTRAL-02,Beauty,BEAU-4003,2,62.32,10.98,CUST-01283,Returning,Central,In-store
TXN-005699,2025-06-25,EAST-02,Sports,SPRT-5004,3,88.5,0.0,CUST-00685,Returning,East,In-store
TXN-001713,2025-06-26,NORTH-02,Apparel,APP-3003,1,55.11,6.6,CUST-00944,Returning,North,In-store
TXN-001767,2025-06-26,CENTRAL-03,Apparel,APP-3002,3,112.35,6.35,CUST-01321,Returning,Central,Online
TXN-002448,2025-06-26,EAST-03,Home & Kitchen,HOME-2003,2,259.0,0.0,CUST-00601,Returning,East,Online
TXN-002507,2025-06-26,SOUTH-01,Electronics,ELEC-1002,6,448.55,16.47,CUST-01004,Returning,South,In-store
TXN-002919,2025-06-26,SOUTH-03,Beauty,BEAU-4001,1,12.47,4.01,CUST-01074,Returning,South,In-store
TXN-003296,2025-06-26,WEST-01,Electronics,ELEC-1002,3,231.56,13.76,CUST-01249,Returning,West,In-store
TXN-003889,2025-06-26,EAST-02,Electronics,ELEC-1001,2,467.69,6.46,CUST-01594,Returning,East,Online
TXN-004243,2025-06-26,WEST-02,Beauty,BEAU-4004,5,42.62,5.19,CUST-01343,Returning,West,In-store
TXN-004741,2025-06-26,WEST-03,Electronics,ELEC-1002,4,305.44,14.68,CUST-01698,Returning,West,In-store
TXN-005661,2025-06-26,WEST-03,Beauty,BEAU-4004,5,44.71,0.52,CUST-00383,Returning,West,Online
TXN-005719,2025-06-26,WEST-02,Sports,SPRT-5003,2,237.28,0.3,CUST-00504,Returning,West,In-store
TXN-005830,2025-06-26,WEST-01,Apparel,APP-3004,2,24.91,14.12,CUST-00115,Returning,West,In-store
TXN-005921,2025-06-26,CENTRAL-02,Home & Kitchen,HOME-2002,4,272.54,13.75,CUST-01459,Returning,Central,In-store
TXN-001039,2025-06-27,WEST-01,Sports,SPRT-5004,10,255.73,13.31,CUST-01362,Returning,West,Online
TXN-001551,2025-06-27,SOUTH-03,Apparel,APP-3001,3,74.97,0.0,CUST-01397,Returning,South,Online
TXN-002155,2025-06-27,WEST-02,Home & Kitchen,HOME-2001,3,93.4,11.02,CUST-01629,Returning,West,In-store
TXN-002646,2025-06-27,CENTRAL-01,Home & Kitchen,HOME-2004,1,19.79,1.02,CUST-00397,Returning,Central,Online
TXN-002674,2025-06-27,EAST-02,Apparel,APP-3004,1,12.29,15.21,CUST-00001,Returning,East,In-store
TXN-004031,2025-06-27,EAST-01,Electronics,ELEC-1001,4,905.8,9.42,CUST-00550,Returning,East,In-store
TXN-004929,2025-06-27,NORTH-02,Electronics,ELEC-1002,1,86.0,3.91,CUST-00666,Returning,North,In-store
TXN-000613,2025-06-28,CENTRAL-01,Apparel,APP-3001,1,23.61,5.53,CUST-01514,Returning,Central,In-store
TXN-001077,2025-06-28,CENTRAL-02,Sports,SPRT-5004,1,24.89,15.61,CUST-01532,Returning,Central,Online
TXN-001375,2025-06-28,EAST-03,Apparel,APP-3003,4,236.0,0.0,CUST-00846,Returning,East,In-store
TXN-002098,2025-06-28,WEST-01,Apparel,APP-3004,2,22.78,21.44,CUST-01185,Returning,West,In-store
TXN-002591,2025-06-28,EAST-02,Home & Kitchen,HOME-2001,2,66.58,4.86,CUST-00730,Returning,East,Online
TXN-002829,2025-06-28,NORTH-01,Apparel,APP-3004,2,27.71,4.43,CUST-01336,Returning,North,In-store
TXN-004709,2025-06-28,SOUTH-01,Electronics,ELEC-1002,2,159.05,11.15,CUST-01197,Returning,South,In-store
TXN-005092,2025-06-28,NORTH-02,Beauty,BEAU-4004,3,25.2,6.56,CUST-01112,Returning,North,Online
TXN-005278,2025-06-28,SOUTH-03,Home & Kitchen,HOME-2004,2,36.36,9.07,CUST-00377,New,South,Online
TXN-005818,2025-06-28,EAST-02,Electronics,ELEC-1003,6,3581.82,0.34,CUST-01332,Returning,East,In-store
TXN-005975,2025-06-28,WEST-02,Sports,SPRT-5004,4,108.17,8.33,CUST-01206,Returning,West,Online
TXN-000033,2025-06-29,WEST-03,Home & Kitchen,HOME-2002,1,68.45,13.35,CUST-00079,Returning,West,In-store
TXN-000197,2025-06-29,WEST-02,Electronics,ELEC-1003,6,2872.9,20.06,CUST-01614,Returning,West,Online
TXN-001287,2025-06-29,SOUTH-03,Electronics,ELEC-1003,1,555.97,7.18,CUST-01308,Returning,South,In-store
TXN-001574,2025-06-29,CENTRAL-03,Beauty,BEAU-4001,1,12.54,3.48,CUST-01212,Returning,Central,In-store
TXN-002398,2025-06-29,WEST-02,Apparel,APP-3003,3,160.9,9.1,CUST-00898,Returning,West,In-store
TXN-004283,2025-06-29,SOUTH-02,Home & Kitchen,HOME-2001,5,156.73,10.42,CUST-00898,Returning,South,In-store
TXN-004578,2025-06-29,EAST-02,Beauty,BEAU-4001,6,77.66,0.35,CUST-01195,Returning,East,In-store
TXN-005167,2025-06-29,CENTRAL-03,Electronics,ELEC-1004,1,34.15,14.6,CUST-00647,Returning,Central,In-store
TXN-000739,2025-06-30,SOUTH-02,Beauty,BEAU-4002,2,34.54,23.23,CUST-00767,Returning,South,In-store
TXN-001010,2025-06-30,NORTH-03,Apparel,APP-3004,10,130.48,10.01,CUST-01257,Returning,North,In-store
TXN-001191,2025-06-30,CENTRAL-03,Home & Kitchen,HOME-2001,3,95.19,9.32,CUST-00632,Returning,Central,Online
TXN-001541,2025-06-30,WEST-01,Home & Kitchen,HOME-2002,3,191.04,19.39,CUST-01529,Returning,West,In-store
TXN-001612,2025-06-30,EAST-02,Home & Kitchen,HOME-2003,4,479.47,7.44,CUST-01330,Returning,East,In-store
TXN-003749,2025-06-30,NORTH-02,Electronics,ELEC-1002,4,324.18,9.45,CUST-00250,Returning,North,Online
TXN-003850,2025-06-30,WEST-02,Beauty,BEAU-4004,6,53.94,0.0,CUST-00885,Returning,West,Online
TXN-004109,2025-06-30,NORTH-02,Home & Kitchen,HOME-2004,2,39.98,0.0,CUST-01717,Returning,North,Online
TXN-004928,2025-06-30,CENTRAL-01,Apparel,APP-3004,1,13.75,5.18,CUST-01504,Returning,Central,In-store
TXN-005758,2025-06-30,EAST-02,Electronics,ELEC-1003,2,1198.0,0.0,CUST-00324,Returning,East,In-store
TXN-005794,2025-06-30,WEST-03,Sports,SPRT-5001,2,84.63,15.35,CUST-01761,Returning,West,In-store
TXN-000366,2025-07-01,WEST-02,Beauty,BEAU-4002,10,195.27,13.21,CUST-00953,Returning,West,Online
TXN-001965,2025-07-01,CENTRAL-02,Electronics,ELEC-1003,6,3581.92,0.34,CUST-00675,Returning,Central,In-store
TXN-002250,2025-07-01,CENTRAL-01,Beauty,BEAU-4004,2,15.9,11.58,CUST-01161,Returning,Central,In-store
TXN-002861,2025-07-01,CENTRAL-01,Electronics,ELEC-1003,1,514.2,14.16,CUST-01021,Returning,Central,Online
TXN-003671,2025-07-01,EAST-02,Home & Kitchen,HOME-2004,4,79.96,0.0,CUST-01475,Returning,East,In-store
TXN-003754,2025-07-01,SOUTH-03,Beauty,BEAU-4004,2,15.46,14.0,CUST-01087,Returning,South,Online
TXN-004532,2025-07-01,NORTH-01,Beauty,BEAU-4002,4,80.61,10.43,CUST-01752,Returning,North,In-store
TXN-005437,2025-07-01,WEST-01,Electronics,ELEC-1001,1,215.32,13.87,CUST-00561,Returning,West,In-store
TXN-005708,2025-07-01,NORTH-03,Beauty,BEAU-4001,1,11.73,9.7,CUST-01420,Returning,North,Online
TXN-000354,2025-07-02,NORTH-03,Beauty,BEAU-4003,5,171.87,1.79,CUST-00079,Returning,North,Online
TXN-000980,2025-07-02,WEST-03,Apparel,APP-3003,1,59.0,0.0,CUST-01569,Returning,West,Online
TXN-001640,2025-07-02,EAST-03,Home & Kitchen,HOME-2004,1,16.01,19.89,CUST-00369,Returning,East,In-store
TXN-002470,2025-07-02,CENTRAL-03,Apparel,APP-3003,3,152.52,13.83,CUST-01451,Returning,Central,In-store
TXN-002712,2025-07-02,EAST-03,Sports,SPRT-5002,2,172.83,3.97,CUST-00581,Returning,East,In-store
TXN-002993,2025-07-02,CENTRAL-01,Apparel,APP-3004,1,14.5,0.0,CUST-00086,Returning,Central,In-store
TXN-003027,2025-07-02,NORTH-02,Beauty,BEAU-4004,1,8.63,4.01,CUST-01133,Returning,North,In-store
TXN-003768,2025-07-02,EAST-02,Home & Kitchen,HOME-2003,1,122.66,5.29,CUST-01659,Returning,East,In-store
TXN-003893,2025-07-02,SOUTH-01,Home & Kitchen,HOME-2003,10,1238.75,4.34,CUST-00879,Returning,South,In-store
TXN-004165,2025-07-02,WEST-01,Apparel,APP-3001,8,171.25,14.34,CUST-01232,Returning,West,Online
TXN-004614,2025-07-02,EAST-03,Home & Kitchen,HOME-2002,5,357.85,9.4,CUST-00425,New,East,In-store
TXN-005113,2025-07-02,WEST-03,Sports,SPRT-5002,1,77.55,13.82,CUST-01530,Returning,West,Online
TXN-005943,2025-07-02,SOUTH-01,Electronics,ELEC-1001,1,248.61,0.55,CUST-01340,Returning,South,Online
TXN-000592,2025-07-03,NORTH-01,Sports,SPRT-5003,2,203.97,14.3,CUST-01156,Returning,North,Online
TXN-000909,2025-07-03,EAST-02,Home & Kitchen,HOME-2004,1,17.56,12.14,CUST-00808,Returning,East,Online
TXN-001580,2025-07-03,WEST-01,Apparel,APP-3004,3,43.5,0.0,CUST-01611,Returning,West,Online
TXN-002110,2025-07-03,SOUTH-03,Electronics,ELEC-1001,3,634.11,15.45,CUST-00862,Returning,South,Online
TXN-002790,2025-07-03,CENTRAL-03,Electronics,ELEC-1001,4,934.24,6.57,CUST-01455,Returning,Central,Online
TXN-002975,2025-07-03,NORTH-02,Sports,SPRT-5001,2,95.41,4.57,CUST-00916,Returning,North,Online
TXN-004290,2025-07-03,CENTRAL-03,Home & Kitchen,HOME-2003,3,268.42,30.91,CUST-01305,Returning,Central,In-store
TXN-004291,2025-07-03,EAST-01,Apparel,APP-3004,2,25.88,10.75,CUST-01210,New,East,In-store
TXN-004987,2025-07-03,EAST-03,Beauty,BEAU-4003,3,100.43,4.35,CUST-01058,Returning,East,In-store
TXN-000632,2025-07-04,NORTH-03,Home & Kitchen,HOME-2003,3,384.21,1.1,CUST-00907,Returning,North,In-store
TXN-002522,2025-07-04,EAST-01,Apparel,APP-3002,3,119.97,0.0,CUST-00590,New,East,In-store
TXN-002899,2025-07-04,SOUTH-02,Electronics,ELEC-1004,4,142.69,10.79,CUST-00731,Returning,South,Online
TXN-005721,2025-07-04,CENTRAL-03,Beauty,BEAU-4004,1,7.98,11.19,CUST-00919,Returning,Central,Online
TXN-001561,2025-07-05,CENTRAL-01,Beauty,BEAU-4001,1,12.27,5.57,CUST-00836,New,Central,In-store
TXN-001800,2025-07-05,EAST-03,Home & Kitchen,HOME-2001,2,69.85,0.19,CUST-00576,Returning,East,Online
TXN-003244,2025-07-05,CENTRAL-02,Apparel,APP-3002,2,66.8,16.48,CUST-00743,Returning,Central,Online
TXN-003346,2025-07-05,CENTRAL-01,Sports,SPRT-5002,2,177.83,1.19,CUST-00147,Returning,Central,Online
TXN-003503,2025-07-05,SOUTH-03,Electronics,ELEC-1003,4,2396.0,0.0,CUST-01345,Returning,South,In-store
TXN-005098,2025-07-05,WEST-01,Sports,SPRT-5003,5,508.85,14.48,CUST-00530,Returning,West,Online
TXN-005231,2025-07-05,WEST-02,Electronics,ELEC-1004,2,76.63,4.18,CUST-00375,New,West,Online
TXN-005597,2025-07-05,WEST-03,Apparel,APP-3004,1,14.5,0.0,CUST-01577,Returning,West,In-store
TXN-005948,2025-07-05,NORTH-01,Beauty,BEAU-4003,8,220.12,21.38,CUST-01782,Returning,North,In-store
TXN-000659,2025-07-06,NORTH-03,Electronics,ELEC-1001,4,702.9,29.71,CUST-00768,Returning,North,Online
TXN-000943,2025-07-06,NORTH-02,Sports,SPRT-5004,1,26.6,9.83,CUST-00671,Returning,North,In-store
TXN-000953,2025-07-06,WEST-03,Home & Kitchen,HOME-2001,1,31.38,10.31,CUST-00494,Returning,West,In-store
TXN-002144,2025-07-06,SOUTH-01,Electronics,ELEC-1002,1,76.85,14.13,CUST-00776,Returning,South,In-store
TXN-003512,2025-07-06,NORTH-02,Apparel,APP-3004,4,51.96,10.42,CUST-01642,Returning,North,In-store
TXN-000267,2025-07-07,WEST-01,Electronics,ELEC-1004,2,79.98,0.0,CUST-00964,Returning,West,In-store
TXN-001001,2025-07-07,SOUTH-01,Home & Kitchen,HOME-2001,4,111.58,20.28,CUST-00094,Returning,South,In-store
TXN-004033,2025-07-07,EAST-01,Home & Kitchen,HOME-2001,1,34.74,0.71,CUST-00002,Returning,East,Online
TXN-004149,2025-07-07,CENTRAL-03,Beauty,BEAU-4004,3,26.94,0.1,CUST-01212,Returning,Central,In-store
TXN-004893,2025-07-07,WEST-02,Electronics,ELEC-1003,5,2830.16,5.5,CUST-00874,Returning,West,Online
TXN-005280,2025-07-07,WEST-03,Electronics,ELEC-1003,1,576.23,3.8,CUST-01175,Returning,West,Online
TXN-005828,2025-07-07,SOUTH-03,Apparel,APP-3002,1,39.9,0.22,CUST-00977,Returning,South,Online
TXN-000435,2025-07-08,NORTH-03,Apparel,APP-3002,1,33.73,15.66,CUST-00008,Returning,North,In-store
TXN-000956,2025-07-08,WEST-02,Beauty,BEAU-4003,1,31.26,10.68,CUST-00890,Returning,West,Online
TXN-002091,2025-07-08,CENTRAL-01,Home & Kitchen,HOME-2003,1,128.76,0.57,CUST-01478,Returning,Central,In-store
TXN-003159,2025-07-08,CENTRAL-02,Electronics,ELEC-1003,2,1193.76,0.35,CUST-00249,Returning,Central,Online
TXN-003488,2025-07-08,CENTRAL-03,Apparel,APP-3001,3,74.18,1.05,CUST-00873,Returning,Central,Online
TXN-003886,2025-07-08,CENTRAL-02,Home & Kitchen,HOME-2002,4,284.62,9.93,CUST-00874,Returning,Central,In-store
TXN-004361,2025-07-08,CENTRAL-03,Electronics,ELEC-1003,3,1529.73,14.87,CUST-01730,Returning,Central,In-store
TXN-004612,2025-07-08,EAST-02,Electronics,ELEC-1002,10,883.45,1.29,CUST-00985,Returning,East,Online
TXN-005153,2025-07-08,SOUTH-02,Apparel,APP-3002,1,34.05,14.86,CUST-00131,Returning,South,In-store
TXN-000108,2025-07-09,EAST-03,Apparel,APP-3002,1,34.27,14.3,CUST-01014,Returning,East,Online
TXN-001850,2025-07-09,SOUTH-02,Apparel,APP-3002,8,289.06,9.65,CUST-00525,Returning,South,In-store
TXN-002024,2025-07-09,SOUTH-01,Sports,SPRT-5002,1,79.89,11.22,CUST-00743,Returning,South,In-store
TXN-003231,2025-07-09,WEST-03,Beauty,BEAU-4003,8,251.74,10.09,CUST-00499,Returning,West,In-store
TXN-003249,2025-07-09,SOUTH-02,Electronics,ELEC-1004,6,230.17,4.07,CUST-00683,Returning,South,In-store
TXN-004028,2025-07-09,WEST-02,Home & Kitchen,HOME-2003,1,112.78,12.91,CUST-01673,Returning,West,In-store
TXN-004181,2025-07-09,EAST-03,Sports,SPRT-5002,4,359.95,0.0,CUST-00811,Returning,East,Online
TXN-004269,2025-07-09,EAST-01,Electronics,ELEC-1003,1,595.73,0.55,CUST-01091,Returning,East,In-store
TXN-000233,2025-07-10,SOUTH-03,Sports,SPRT-5001,1,49.99,0.0,CUST-00183,Returning,South,In-store
TXN-000902,2025-07-10,EAST-01,Apparel,APP-3004,5,69.39,4.3,CUST-00089,Returning,East,In-store
TXN-001672,2025-07-10,WEST-02,Sports,SPRT-5003,1,119.0,0.0,CUST-01385,Returning,West,In-store
TXN-002280,2025-07-10,SOUTH-02,Home & Kitchen,HOME-2002,1,70.33,10.97,CUST-00302,Returning,South,Online
TXN-003497,2025-07-10,SOUTH-03,Home & Kitchen,HOME-2002,1,77.27,2.19,CUST-00295,Returning,South,In-store
TXN-004451,2025-07-10,NORTH-02,Sports,SPRT-5003,1,112.27,5.66,CUST-01017,Returning,North,In-store
TXN-000097,2025-07-11,WEST-01,Home & Kitchen,HOME-2003,1,111.2,14.13,CUST-00216,Returning,West,In-store
TXN-000596,2025-07-11,NORTH-01,Home & Kitchen,HOME-2003,2,256.55,0.95,CUST-01755,Returning,North,Online
TXN-000946,2025-07-11,CENTRAL-02,Sports,SPRT-5003,1,117.89,0.94,CUST-00284,New,Central,Online
TXN-001277,2025-07-11,EAST-03,Beauty,BEAU-4002,6,120.13,11.01,CUST-00038,Returning,East,In-store
TXN-003634,2025-07-11,SOUTH-01,Apparel,APP-3002,1,32.62,18.42,CUST-01264,Returning,South,In-store
TXN-003820,2025-07-11,NORTH-01,Apparel,APP-3003,1,49.21,16.6,CUST-00332,Returning,North,In-store
TXN-005282,2025-07-11,SOUTH-03,Home & Kitchen,HOME-2004,4,79.96,0.0,CUST-00034,Returning,South,Online
TXN-002913,2025-07-12,WEST-02,Electronics,ELEC-1003,8,3581.28,25.27,CUST-00582,Returning,West,Online
TXN-003098,2025-07-12,NORTH-03,Electronics,ELEC-1001,5,1106.32,11.49,CUST-00517,Returning,North,In-store
TXN-003693,2025-07-12,WEST-02,Electronics,ELEC-1004,6,189.68,20.95,CUST-00782,Returning,West,In-store
TXN-003711,2025-07-12,NORTH-01,Beauty,BEAU-4003,5,172.99,1.15,CUST-00351,Returning,North,Online
TXN-004202,2025-07-12,NORTH-01,Sports,SPRT-5003,5,482.14,18.97,CUST-01025,New,North,In-store
TXN-005135,2025-07-12,NORTH-03,Home & Kitchen,HOME-2004,3,59.4,0.95,CUST-00831,Returning,North,Online
TXN-005322,2025-07-12,CENTRAL-01,Electronics,ELEC-1001,2,499.98,0.0,CUST-00914,Returning,Central,Online
TXN-005612,2025-07-12,CENTRAL-02,Home & Kitchen,HOME-2001,1,33.07,5.5,CUST-00138,Returning,Central,In-store
TXN-001062,2025-07-13,CENTRAL-02,Apparel,APP-3002,2,72.15,9.79,CUST-00612,Returning,Central,In-store
TXN-000963,2025-07-14,WEST-02,Apparel,APP-3004,4,56.22,3.07,CUST-00690,New,West,In-store
TXN-001724,2025-07-14,NORTH-03,Home & Kitchen,HOME-2004,10,179.78,10.07,CUST-01601,Returning,North,In-store
TXN-001980,2025-07-14,WEST-02,Electronics,ELEC-1003,2,1022.99,14.61,CUST-00962,Returning,West,Online
TXN-002667,2025-07-14,SOUTH-02,Apparel,APP-3003,1,50.96,13.63,CUST-01452,Returning,South,In-store
TXN-002818,2025-07-14,CENTRAL-02,Sports,SPRT-5003,3,348.34,2.42,CUST-01092,Returning,Central,In-store
TXN-003999,2025-07-14,NORTH-03,Electronics,ELEC-1004,2,79.29,0.86,CUST-00867,Returning,North,Online
TXN-004933,2025-07-14,CENTRAL-01,Apparel,APP-3004,2,27.38,5.6,CUST-00856,Returning,Central,In-store
TXN-005898,2025-07-14,SOUTH-01,Electronics,ELEC-1002,1,89.5,0.0,CUST-01259,Returning,South,In-store
TXN-005915,2025-07-14,SOUTH-03,Home & Kitchen,HOME-2003,3,343.36,11.62,CUST-01003,Returning,South,In-store
TXN-000129,2025-07-15,EAST-01,Apparel,APP-3001,6,148.21,1.15,CUST-00467,Returning,East,In-store
TXN-001525,2025-07-15,WEST-01,Electronics,ELEC-1004,2,55.4,30.73,CUST-01560,New,West,Online
TXN-001555,2025-07-15,SOUTH-01,Electronics,ELEC-1002,2,179.0,0.0,CUST-00503,Returning,South,Online
TXN-003029,2025-07-15,SOUTH-03,Home & Kitchen,HOME-2003,1,128.53,0.75,CUST-00659,Returning,South,In-store
TXN-003324,2025-07-15,SOUTH-03,Apparel,APP-3003,2,105.65,10.46,CUST-01009,Returning,South,Online
TXN-003585,2025-07-15,NORTH-03,Home & Kitchen,HOME-2001,5,174.95,0.0,CUST-01480,Returning,North,Online
TXN-005896,2025-07-15,CENTRAL-02,Home & Kitchen,HOME-2002,1,71.23,9.84,CUST-00134,Returning,Central,Online
TXN-000367,2025-07-16,EAST-02,Apparel,APP-3004,10,144.89,0.07,CUST-00330,Returning,East,In-store
TXN-002636,2025-07-16,CENTRAL-01,Apparel,APP-3004,1,14.5,0.0,CUST-00271,Returning,Central,Online
TXN-002708,2025-07-16,CENTRAL-03,Electronics,ELEC-1003,2,1198.0,0.0,CUST-01262,Returning,Central,In-store
TXN-002924,2025-07-16,WEST-02,Home & Kitchen,HOME-2003,4,477.0,7.92,CUST-01388,Returning,West,Online
TXN-002947,2025-07-16,EAST-03,Apparel,APP-3002,1,39.48,1.28,CUST-01185,Returning,East,In-store
TXN-003646,2025-07-16,NORTH-02,Apparel,APP-3002,6,227.52,5.17,CUST-00630,Returning,North,In-store
TXN-004070,2025-07-16,NORTH-01,Beauty,BEAU-4002,1,22.29,0.95,CUST-00123,Returning,North,In-store
TXN-004579,2025-07-16,SOUTH-01,Home & Kitchen,HOME-2001,2,67.74,3.2,CUST-00572,Returning,South,Online
TXN-005357,2025-07-16,CENTRAL-01,Sports,SPRT-5002,3,243.56,9.78,CUST-00754,Returning,Central,In-store
TXN-005416,2025-07-16,WEST-03,Sports,SPRT-5002,2,151.86,15.62,CUST-01702,Returning,West,Online
TXN-000169,2025-07-17,NORTH-03,Electronics,ELEC-1003,6,3166.57,11.89,CUST-00172,Returning,North,In-store
TXN-001028,2025-07-17,EAST-03,Home & Kitchen,HOME-2002,3,237.0,0.0,CUST-00832,Returning,East,In-store
TXN-001355,2025-07-17,CENTRAL-03,Electronics,ELEC-1003,4,2142.22,10.59,CUST-00201,New,Central,In-store
TXN-002168,2025-07-17,NORTH-01,Beauty,BEAU-4002,1,22.1,1.79,CUST-00674,Returning,North,Online
TXN-002639,2025-07-17,NORTH-03,Home & Kitchen,HOME-2001,3,104.2,0.73,CUST-01053,Returning,North,In-store
TXN-003282,2025-07-17,NORTH-01,Electronics,ELEC-1001,2,499.98,0.0,CUST-00572,Returning,North,In-store
TXN-003299,2025-07-17,NORTH-01,Apparel,APP-3003,1,52.46,11.09,CUST-01388,Returning,North,Online
TXN-004198,2025-07-17,SOUTH-01,Beauty,BEAU-4001,8,98.92,4.81,CUST-01279,Returning,South,Online
TXN-004588,2025-07-17,EAST-03,Apparel,APP-3003,2,107.07,9.26,CUST-01317,Returning,East,In-store
TXN-004774,2025-07-17,CENTRAL-01,Apparel,APP-3004,5,72.5,0.0,CUST-00709,Returning,Central,In-store
TXN-000515,2025-07-18,CENTRAL-01,Electronics,ELEC-1003,3,1714.78,4.58,CUST-01146,Returning,Central,In-store
TXN-000667,2025-07-18,NORTH-03,Home & Kitchen,HOME-2003,5,579.91,10.44,CUST-01609,Returning,North,In-store
TXN-000948,2025-07-18,WEST-01,Electronics,ELEC-1004,2,79.76,0.28,CUST-00514,Returning,West,In-store
TXN-000369,2025-07-19,CENTRAL-02,Apparel,APP-3002,4,143.11,10.53,CUST-01514,Returning,Central,In-store
TXN-001200,2025-07-19,WEST-01,Sports,SPRT-5001,4,180.78,9.59,CUST-01205,Returning,West,In-store
TXN-001845,2025-07-19,EAST-02,Electronics,ELEC-1004,1,34.14,14.63,CUST-00311,Returning,East,In-store
TXN-002074,2025-07-19,SOUTH-03,Electronics,ELEC-1003,6,3277.14,8.82,CUST-01509,Returning,South,In-store
TXN-002496,2025-07-19,CENTRAL-03,Sports,SPRT-5004,3,65.8,25.65,CUST-00849,Returning,Central,In-store
TXN-002547,2025-07-19,EAST-01,Beauty,BEAU-4003,3,90.19,14.11,CUST-01011,Returning,East,Online
TXN-002628,2025-07-19,EAST-01,Apparel,APP-3003,1,59.0,0.0,CUST-00091,Returning,East,Online
TXN-003582,2025-07-19,NORTH-01,Apparel,APP-3001,1,24.81,0.7,CUST-00123,Returning,North,In-store
TXN-004130,2025-07-19,WEST-03,Electronics,ELEC-1002,1,80.58,9.97,CUST-00524,Returning,West,In-store
TXN-004312,2025-07-19,CENTRAL-03,Sports,SPRT-5002,1,89.98,0.01,CUST-01380,Returning,Central,Online
TXN-004384,2025-07-19,CENTRAL-01,Home & Kitchen,HOME-2002,4,256.04,18.98,CUST-00024,Returning,Central,In-store
TXN-004908,2025-07-19,WEST-03,Electronics,ELEC-1004,3,104.03,13.29,CUST-00098,Returning,West,In-store
TXN-005053,2025-07-19,SOUTH-02,Apparel,APP-3002,1,37.37,6.55,CUST-00368,Returning,South,In-store
TXN-005237,2025-07-19,SOUTH-03,Apparel,APP-3002,1,34.62,13.43,CUST-00511,Returning,South,In-store
TXN-000859,2025-07-20,SOUTH-03,Sports,SPRT-5003,1,119.0,0.0,CUST-00821,Returning,South,In-store
TXN-001619,2025-07-20,CENTRAL-03,Beauty,BEAU-4001,2,22.45,13.61,CUST-00257,Returning,Central,In-store
TXN-002035,2025-07-20,WEST-02,Beauty,BEAU-4003,2,66.76,4.64,CUST-00919,Returning,West,Online
TXN-002464,2025-07-20,SOUTH-03,Home & Kitchen,HOME-2004,3,59.97,0.0,CUST-00438,Returning,South,Online
TXN-004318,2025-07-20,NORTH-03,Apparel,APP-3002,10,381.08,4.71,CUST-01568,Returning,North,Online
TXN-004379,2025-07-20,WEST-02,Apparel,APP-3002,1,39.36,1.58,CUST-01234,Returning,West,Online
TXN-004463,2025-07-20,CENTRAL-01,Sports,SPRT-5002,3,227.29,15.81,CUST-00390,Returning,Central,Online
TXN-004723,2025-07-20,CENTRAL-02,Apparel,APP-3004,1,12.4,14.49,CUST-01087,Returning,Central,Online
TXN-005607,2025-07-20,SOUTH-01,Beauty,BEAU-4001,4,51.59,0.71,CUST-00986,New,South,Online
TXN-000286,2025-07-21,SOUTH-02,Sports,SPRT-5004,4,107.03,9.29,CUST-01235,Returning,South,In-store
TXN-002167,2025-07-21,WEST-01,Home & Kitchen,HOME-2002,4,281.75,10.84,CUST-00080,Returning,West,In-store
TXN-003427,2025-07-21,NORTH-03,Home & Kitchen,HOME-2004,4,79.68,0.35,CUST-00970,Returning,North,Online
TXN-004487,2025-07-21,NORTH-03,Electronics,ELEC-1002,5,419.4,6.28,CUST-00482,Returning,North,Online
TXN-004702,2025-07-21,CENTRAL-01,Beauty,BEAU-4003,6,180.54,14.03,CUST-00870,Returning,Central,Online
TXN-005570,2025-07-21,CENTRAL-02,Apparel,APP-3003,8,398.02,15.67,CUST-00647,Returning,Central,In-store
TXN-005636,2025-07-21,WEST-02,Home & Kitchen,HOME-2002,3,237.0,0.0,CUST-00340,Returning,West,Online
TXN-000297,2025-07-22,SOUTH-03,Sports,SPRT-5003,1,119.0,0.0,CUST-01737,Returning,South,In-store
TXN-000769,2025-07-22,CENTRAL-02,Beauty,BEAU-4004,5,38.33,14.73,CUST-00332,Returning,Central,Online
TXN-002103,2025-07-22,SOUTH-01,Home & Kitchen,HOME-2002,4,306.77,2.92,CUST-01478,Returning,South,In-store
TXN-005713,2025-07-22,SOUTH-01,Apparel,APP-3001,1,18.8,24.75,CUST-01091,Returning,South,In-store
TXN-000113,2025-07-23,NORTH-01,Apparel,APP-3004,1,12.11,16.49,CUST-01614,Returning,North,In-store
TXN-001170,2025-07-23,NORTH-03,Home & Kitchen,HOME-2003,3,387.45,0.27,CUST-01633,Returning,North,In-store
TXN-001230,2025-07-23,EAST-02,Electronics,ELEC-1002,2,150.78,15.76,CUST-01711,Returning,East,Online
TXN-002980,2025-07-23,SOUTH-03,Sports,SPRT-5003,1,94.96,20.2,CUST-00931,Returning,South,In-store
TXN-003055,2025-07-23,CENTRAL-03,Apparel,APP-3002,2,75.55,5.54,CUST-01083,Returning,Central,In-store
TXN-003881,2025-07-23,EAST-03,Sports,SPRT-5003,1,106.97,10.11,CUST-01527,Returning,East,Online
TXN-003944,2025-07-23,WEST-02,Apparel,APP-3002,3,96.39,19.66,CUST-00882,Returning,West,Online
TXN-004399,2025-07-23,EAST-03,Apparel,APP-3004,1,14.37,0.88,CUST-00710,Returning,East,Online
TXN-005502,2025-07-23,SOUTH-03,Sports,SPRT-5004,2,48.13,18.42,CUST-01315,Returning,South,In-store
TXN-002128,2025-07-24,CENTRAL-03,Beauty,BEAU-4003,2,70.0,0.0,CUST-00237,Returning,Central,Online
TXN-003006,2025-07-24,SOUTH-01,Sports,SPRT-5001,6,269.23,10.24,CUST-00955,Returning,South,Online
TXN-004313,2025-07-24,NORTH-02,Beauty,BEAU-4003,2,67.04,4.22,CUST-01556,Returning,North,Online
TXN-004514,2025-07-24,CENTRAL-01,Electronics,ELEC-1004,5,199.95,0.0,CUST-01314,Returning,Central,Online
TXN-004552,2025-07-24,EAST-03,Apparel,APP-3003,2,118.0,0.0,CUST-00783,Returning,East,In-store
TXN-004827,2025-07-24,SOUTH-02,Sports,SPRT-5004,5,132.57,10.12,CUST-01256,Returning,South,In-store
TXN-005039,2025-07-24,WEST-03,Electronics,ELEC-1003,2,1003.49,16.24,CUST-00829,Returning,West,Online
TXN-005304,2025-07-24,SOUTH-01,Home & Kitchen,HOME-2003,1,115.93,10.48,CUST-00596,Returning,South,In-store
TXN-000795,2025-07-25,SOUTH-02,Electronics,ELEC-1001,1,215.98,13.61,CUST-00265,New,South,In-store
TXN-001160,2025-07-25,WEST-01,Electronics,ELEC-1002,2,163.22,8.82,CUST-01374,New,West,In-store
TXN-001531,2025-07-25,SOUTH-02,Beauty,BEAU-4003,5,147.03,15.98,CUST-01706,Returning,South,In-store
TXN-002232,2025-07-25,EAST-03,Sports,SPRT-5001,1,49.83,0.32,CUST-01588,Returning,East,In-store
TXN-002277,2025-07-25,NORTH-01,Sports,SPRT-5004,5,140.44,4.79,CUST-00389,Returning,North,Online
TXN-002753,2025-07-25,CENTRAL-02,Sports,SPRT-5003,3,341.7,4.28,CUST-00622,Returning,Central,In-store
TXN-003241,2025-07-25,NORTH-03,Beauty,BEAU-4003,8,277.49,0.9,CUST-01386,Returning,North,In-store
TXN-003298,2025-07-25,EAST-01,Electronics,ELEC-1004,2,74.9,6.35,CUST-00898,Returning,East,In-store
TXN-004343,2025-07-25,NORTH-03,Home & Kitchen,HOME-2001,2,59.33,15.22,CUST-01486,Returning,North,In-store
TXN-004415,2025-07-25,EAST-03,Sports,SPRT-5002,8,502.11,30.25,CUST-01291,Returning,East,Online
TXN-004530,2025-07-25,SOUTH-02,Apparel,APP-3001,2,45.54,8.89,CUST-00569,Returning,South,In-store
TXN-004999,2025-07-25,SOUTH-01,Electronics,ELEC-1004,3,102.34,14.69,CUST-01126,Returning,South,Online
TXN-005077,2025-07-25,NORTH-02,Apparel,APP-3004,2,24.61,15.13,CUST-01589,Returning,North,In-store
TXN-005336,2025-07-25,CENTRAL-03,Electronics,ELEC-1003,4,2029.09,15.31,CUST-00745,Returning,Central,In-store
TXN-001246,2025-07-26,NORTH-02,Sports,SPRT-5002,3,269.18,0.29,CUST-00574,Returning,North,In-store
TXN-001470,2025-07-26,NORTH-03,Apparel,APP-3002,2,78.36,2.03,CUST-01696,Returning,North,In-store
TXN-002079,2025-07-26,CENTRAL-03,Beauty,BEAU-4001,3,38.97,0.0,CUST-01194,Returning,Central,In-store
TXN-002420,2025-07-26,NORTH-03,Apparel,APP-3003,3,143.44,18.96,CUST-01628,Returning,North,In-store
TXN-002934,2025-07-26,SOUTH-03,Apparel,APP-3004,1,10.98,24.29,CUST-00495,New,South,In-store
TXN-003010,2025-07-26,EAST-02,Beauty,BEAU-4004,4,35.96,0.0,CUST-01589,Returning,East,In-store
TXN-003301,2025-07-26,NORTH-02,Apparel,APP-3002,1,32.25,19.36,CUST-00535,Returning,North,Online
TXN-003655,2025-07-26,EAST-01,Sports,SPRT-5002,3,269.97,0.0,CUST-01450,Returning,East,In-store
TXN-005747,2025-07-26,CENTRAL-02,Beauty,BEAU-4002,5,96.83,13.93,CUST-01182,Returning,Central,In-store
TXN-005897,2025-07-26,NORTH-01,Sports,SPRT-5003,4,431.08,9.44,CUST-00101,Returning,North,Online
TXN-005913,2025-07-26,NORTH-03,Sports,SPRT-5004,3,74.0,16.38,CUST-00226,Returning,North,Online
TXN-005937,2025-07-26,SOUTH-03,Electronics,ELEC-1003,3,1524.07,15.19,CUST-01020,Returning,South,In-store
TXN-005951,2025-07-26,WEST-03,Beauty,BEAU-4003,2,67.18,4.02,CUST-00137,Returning,West,In-store
TXN-000671,2025-07-27,WEST-01,Sports,SPRT-5003,1,95.11,20.08,CUST-01716,Returning,West,Online
TXN-000847,2025-07-27,CENTRAL-03,Apparel,APP-3003,1,52.87,10.4,CUST-01296,Returning,Central,In-store
TXN-000952,2025-07-27,CENTRAL-03,Sports,SPRT-5001,2,94.65,5.33,CUST-00592,Returning,Central,Online
TXN-002722,2025-07-27,CENTRAL-02,Electronics,ELEC-1003,1,598.88,0.02,CUST-00245,Returning,Central,In-store
TXN-002824,2025-07-27,WEST-01,Apparel,APP-3001,3,74.97,0.0,CUST-00495,Returning,West,Online
TXN-003011,2025-07-27,EAST-01,Beauty,BEAU-4001,2,25.46,2.02,CUST-00528,Returning,East,In-store
TXN-003371,2025-07-27,CENTRAL-02,Apparel,APP-3001,6,149.94,0.0,CUST-00263,Returning,Central,In-store
TXN-004587,2025-07-27,CENTRAL-01,Beauty,BEAU-4001,4,45.28,12.86,CUST-00385,Returning,Central,In-store
TXN-005929,2025-07-27,EAST-01,Home & Kitchen,HOME-2002,3,237.0,0.0,CUST-00852,Returning,East,In-store
TXN-000244,2025-07-28,NORTH-03,Beauty,BEAU-4001,2,23.3,10.32,CUST-01621,Returning,North,In-store
TXN-000285,2025-07-28,EAST-01,Electronics,ELEC-1001,1,233.84,6.46,CUST-00031,Returning,East,In-store
TXN-001312,2025-07-28,SOUTH-01,Electronics,ELEC-1001,10,2364.14,5.43,CUST-00082,Returning,South,In-store
TXN-001448,2025-07-28,SOUTH-03,Electronics,ELEC-1002,6,510.8,4.88,CUST-00443,New,South,Online
TXN-001688,2025-07-28,WEST-02,Home & Kitchen,HOME-2003,3,388.5,0.0,CUST-00837,Returning,West,In-store
TXN-002828,2025-07-28,EAST-01,Apparel,APP-3002,1,36.66,8.32,CUST-00683,Returning,East,In-store
TXN-004285,2025-07-28,EAST-02,Beauty,BEAU-4001,6,64.13,17.71,CUST-00555,Returning,East,Online
TXN-005422,2025-07-28,WEST-02,Electronics,ELEC-1003,1,566.55,5.42,CUST-01716,Returning,West,In-store
TXN-000578,2025-07-29,NORTH-03,Beauty,BEAU-4003,5,143.4,18.06,CUST-01411,Returning,North,In-store
TXN-001937,2025-07-29,EAST-03,Apparel,APP-3002,2,77.92,2.57,CUST-00087,Returning,East,In-store
TXN-002427,2025-07-29,NORTH-02,Beauty,BEAU-4001,5,58.09,10.56,CUST-01513,Returning,North,In-store
TXN-002912,2025-07-29,EAST-01,Beauty,BEAU-4003,2,63.34,9.51,CUST-01680,Returning,East,In-store
TXN-003265,2025-07-29,WEST-01,Electronics,ELEC-1001,6,1371.26,8.58,CUST-01198,Returning,West,Online
TXN-003349,2025-07-29,WEST-01,Electronics,ELEC-1001,2,498.93,0.21,CUST-00719,New,West,In-store
TXN-003493,2025-07-29,WEST-02,Electronics,ELEC-1001,4,999.96,0.0,CUST-01294,New,West,In-store
TXN-003687,2025-07-29,NORTH-03,Beauty,BEAU-4002,2,40.26,10.53,CUST-01760,Returning,North,In-store
TXN-003960,2025-07-29,CENTRAL-03,Apparel,APP-3002,1,37.97,5.05,CUST-01226,New,Central,In-store
TXN-000434,2025-07-30,EAST-03,Electronics,ELEC-1002,1,88.96,0.6,CUST-00838,Returning,East,In-store
TXN-000835,2025-07-30,CENTRAL-02,Sports,SPRT-5004,3,88.5,0.0,CUST-00690,Returning,Central,In-store
TXN-001243,2025-07-30,EAST-03,Home & Kitchen,HOME-2001,2,65.98,5.72,CUST-00513,Returning,East,In-store
TXN-002215,2025-07-30,CENTRAL-01,Home & Kitchen,HOME-2004,1,15.83,20.81,CUST-00398,Returning,Central,In-store
TXN-002920,2025-07-30,WEST-01,Home & Kitchen,HOME-2002,1,79.0,0.0,CUST-01116,Returning,West,In-store
TXN-003314,2025-07-30,SOUTH-01,Sports,SPRT-5001,4,161.8,19.08,CUST-00603,Returning,South,In-store
TXN-004349,2025-07-30,EAST-03,Apparel,APP-3002,5,199.95,0.0,CUST-01103,Returning,East,In-store
TXN-000206,2025-07-31,SOUTH-01,Electronics,ELEC-1001,2,495.29,0.94,CUST-01249,Returning,South,In-store
TXN-000387,2025-07-31,WEST-02,Apparel,APP-3002,2,76.32,4.58,CUST-01526,Returning,West,Online
TXN-001663,2025-07-31,NORTH-01,Home & Kitchen,HOME-2003,3,332.51,14.41,CUST-00200,Returning,North,Online
TXN-002642,2025-07-31,CENTRAL-02,Electronics,ELEC-1002,2,168.37,5.94,CUST-01549,New,Central,In-store
TXN-003775,2025-07-31,CENTRAL-03,Electronics,ELEC-1002,1,76.12,14.95,CUST-01703,Returning,Central,In-store
TXN-004402,2025-07-31,SOUTH-01,Sports,SPRT-5003,2,202.4,14.96,CUST-00963,Returning,South,In-store
TXN-005559,2025-07-31,WEST-01,Home & Kitchen,HOME-2004,5,99.95,0.0,CUST-01174,Returning,West,In-store
TXN-005776,2025-07-31,CENTRAL-03,Electronics,ELEC-1002,2,169.03,5.57,CUST-00278,Returning,Central,In-store
TXN-005909,2025-07-31,WEST-01,Apparel,APP-3003,1,49.01,16.93,CUST-00028,Returning,West,Online
TXN-000268,2025-08-01,NORTH-01,Beauty,BEAU-4003,5,173.18,1.04,CUST-01566,Returning,North,In-store
TXN-000535,2025-08-01,EAST-02,Home & Kitchen,HOME-2003,2,242.35,6.43,CUST-00192,Returning,East,In-store
TXN-001011,2025-08-01,WEST-03,Apparel,APP-3002,3,113.74,5.19,CUST-00509,Returning,West,Online
TXN-002382,2025-08-01,SOUTH-03,Apparel,APP-3002,4,159.69,0.17,CUST-00608,Returning,South,Online
TXN-003100,2025-08-01,EAST-02,Apparel,APP-3004,5,69.52,4.11,CUST-01366,Returning,East,In-store
TXN-003180,2025-08-01,SOUTH-02,Apparel,APP-3002,8,307.45,3.9,CUST-01415,Returning,South,Online
TXN-003802,2025-08-01,WEST-01,Beauty,BEAU-4004,2,17.98,0.0,CUST-01740,Returning,West,In-store
TXN-003872,2025-08-01,WEST-02,Electronics,ELEC-1004,8,319.92,0.0,CUST-00263,Returning,West,Online
TXN-005185,2025-08-01,WEST-02,Sports,SPRT-5002,3,264.35,2.08,CUST-00238,Returning,West,Online
TXN-005364,2025-08-01,SOUTH-01,Electronics,ELEC-1003,1,543.64,9.24,CUST-00333,Returning,South,In-store
TXN-005638,2025-08-01,WEST-02,Apparel,APP-3001,1,21.3,14.78,CUST-01666,Returning,West,Online
TXN-000008,2025-08-02,CENTRAL-03,Apparel,APP-3004,1,11.32,21.96,CUST-00833,Returning,Central,Online
TXN-000246,2025-08-02,CENTRAL-03,Home & Kitchen,HOME-2002,10,787.99,0.25,CUST-00240,Returning,Central,In-store
TXN-000476,2025-08-02,SOUTH-03,Home & Kitchen,HOME-2001,2,61.03,12.79,CUST-01128,Returning,South,Online
TXN-000731,2025-08-02,CENTRAL-02,Apparel,APP-3003,2,106.45,9.79,CUST-01702,Returning,Central,Online
TXN-000976,2025-08-02,CENTRAL-01,Sports,SPRT-5004,2,53.4,9.49,CUST-00381,Returning,Central,In-store
TXN-000999,2025-08-02,CENTRAL-01,Apparel,APP-3003,5,295.0,0.0,CUST-01651,Returning,Central,In-store
TXN-002990,2025-08-02,CENTRAL-03,Electronics,ELEC-1002,1,89.5,0.0,CUST-00654,Returning,Central,In-store
TXN-005262,2025-08-02,EAST-01,Electronics,ELEC-1004,2,75.27,5.89,CUST-00595,Returning,East,In-store
TXN-000315,2025-08-03,SOUTH-01,Beauty,BEAU-4002,1,22.5,0.0,CUST-00881,Returning,South,In-store
TXN-001632,2025-08-03,EAST-02,Home & Kitchen,HOME-2004,1,15.05,24.7,CUST-01265,Returning,East,In-store
TXN-001956,2025-08-03,WEST-01,Electronics,ELEC-1004,2,75.0,6.23,CUST-00058,Returning,West,In-store
TXN-001997,2025-08-03,WEST-03,Home & Kitchen,HOME-2003,3,370.75,4.57,CUST-01410,Returning,West,Online
TXN-002131,2025-08-03,CENTRAL-03,Apparel,APP-3001,1,22.58,9.65,CUST-00345,Returning,Central,In-store
TXN-003355,2025-08-03,NORTH-01,Apparel,APP-3002,2,79.87,0.14,CUST-00359,Returning,North,In-store
TXN-004320,2025-08-03,NORTH-03,Apparel,APP-3003,4,197.18,16.45,CUST-01578,Returning,North,Online
TXN-004416,2025-08-03,WEST-02,Apparel,APP-3001,6,135.0,9.96,CUST-00315,Returning,West,In-store
TXN-000635,2025-08-04,NORTH-03,Electronics,ELEC-1001,1,249.23,0.3,CUST-01715,Returning,North,In-store
TXN-001248,2025-08-04,WEST-02,Apparel,APP-3003,1,59.0,0.0,CUST-01683,Returning,West,In-store
TXN-002856,2025-08-04,CENTRAL-01,Sports,SPRT-5001,5,249.34,0.24,CUST-00383,Returning,Central,In-store
TXN-004072,2025-08-04,NORTH-03,Electronics,ELEC-1003,1,466.5,22.12,CUST-00155,Returning,North,Online
TXN-004813,2025-08-04,SOUTH-01,Beauty,BEAU-4001,3,36.96,5.16,CUST-00659,Returning,South,Online
TXN-004886,2025-08-04,CENTRAL-03,Electronics,ELEC-1002,6,373.98,30.36,CUST-01586,Returning,Central,Online
TXN-004950,2025-08-04,SOUTH-02,Home & Kitchen,HOME-2002,3,237.0,0.0,CUST-00302,Returning,South,In-store
TXN-005082,2025-08-04,SOUTH-01,Sports,SPRT-5004,2,57.45,2.62,CUST-00206,Returning,South,In-store
TXN-005266,2025-08-04,EAST-01,Apparel,APP-3002,4,142.06,11.19,CUST-01434,Returning,East,In-store
TXN-000124,2025-08-05,WEST-01,Electronics,ELEC-1002,3,250.7,6.63,CUST-00326,Returning,West,In-store
TXN-000625,2025-08-05,EAST-03,Electronics,ELEC-1002,4,304.19,15.03,CUST-00489,Returning,East,In-store
TXN-001488,2025-08-05,CENTRAL-03,Home & Kitchen,HOME-2004,3,51.72,13.76,CUST-00641,Returning,Central,Online
TXN-003230,2025-08-05,WEST-01,Home & Kitchen,HOME-2002,6,351.34,25.88,CUST-00738,Returning,West,Online
TXN-001085,2025-08-06,NORTH-03,Sports,SPRT-5004,1,24.86,15.74,CUST-01221,Returning,North,Online
TXN-001205,2025-08-06,WEST-03,Apparel,APP-3003,1,58.83,0.29,CUST-00962,Returning,West,Online
TXN-002546,2025-08-06,EAST-03,Beauty,BEAU-4003,2,70.0,0.0,CUST-01733,Returning,East,In-store
TXN-002847,2025-08-06,WEST-02,Apparel,APP-3004,1,13.03,10.15,CUST-01186,Returning,West,In-store
TXN-002872,2025-08-06,SOUTH-01,Beauty,BEAU-4002,1,15.71,30.16,CUST-01624,Returning,South,Online
TXN-003129,2025-08-06,SOUTH-03,Apparel,APP-3004,1,13.05,9.98,CUST-00797,Returning,South,In-store
TXN-003551,2025-08-06,CENTRAL-03,Apparel,APP-3001,3,68.39,8.78,CUST-01651,Returning,Central,In-store
TXN-004498,2025-08-06,CENTRAL-02,Home & Kitchen,HOME-2004,1,19.99,0.0,CUST-01046,Returning,Central,In-store
TXN-004760,2025-08-06,WEST-01,Electronics,ELEC-1003,5,2036.54,32.0,CUST-01410,Returning,West,In-store
TXN-005271,2025-08-06,CENTRAL-01,Electronics,ELEC-1001,8,1640.66,17.96,CUST-00990,New,Central,Online
TXN-005663,2025-08-06,SOUTH-01,Apparel,APP-3004,1,14.5,0.0,CUST-01204,Returning,South,In-store
TXN-001002,2025-08-07,CENTRAL-02,Apparel,APP-3001,2,49.98,0.0,CUST-00078,Returning,Central,In-store
TXN-002973,2025-08-07,WEST-03,Electronics,ELEC-1004,3,110.5,7.9,CUST-00197,New,West,Online
TXN-003039,2025-08-07,NORTH-02,Sports,SPRT-5003,2,238.0,0.0,CUST-00103,Returning,North,In-store
TXN-003105,2025-08-07,WEST-02,Electronics,ELEC-1004,3,101.85,15.1,CUST-00069,Returning,West,Online
TXN-004386,2025-08-07,EAST-03,Home & Kitchen,HOME-2001,5,159.18,9.01,CUST-00392,Returning,East,Online
TXN-004805,2025-08-07,WEST-02,Apparel,APP-3002,3,119.36,0.51,CUST-00639,Returning,West,In-store
TXN-000353,2025-08-08,EAST-03,Home & Kitchen,HOME-2001,1,29.44,15.86,CUST-00218,Returning,East,In-store
TXN-000780,2025-08-08,SOUTH-02,Home & Kitchen,HOME-2004,2,35.53,11.14,CUST-00168,Returning,South,Online
TXN-001438,2025-08-08,EAST-03,Electronics,ELEC-1001,1,200.72,19.71,CUST-01666,Returning,East,In-store
TXN-003685,2025-08-08,SOUTH-03,Apparel,APP-3001,3,74.97,0.0,CUST-00874,Returning,South,Online
TXN-003689,2025-08-08,CENTRAL-01,Beauty,BEAU-4002,3,67.12,0.56,CUST-00138,Returning,Central,Online
TXN-003990,2025-08-08,WEST-03,Apparel,APP-3002,1,32.12,19.67,CUST-01380,Returning,West,Online
TXN-004955,2025-08-08,NORTH-02,Sports,SPRT-5001,2,99.98,0.0,CUST-00011,Returning,North,In-store
TXN-005356,2025-08-08,WEST-03,Home & Kitchen,HOME-2001,3,88.33,15.85,CUST-01753,Returning,West,In-store
TXN-005833,2025-08-08,SOUTH-02,Electronics,ELEC-1003,3,1797.0,0.0,CUST-01032,New,South,Online
TXN-000031,2025-08-09,NORTH-03,Home & Kitchen,HOME-2001,4,105.76,24.44,CUST-01030,Returning,North,Online
TXN-000642,2025-08-09,CENTRAL-01,Electronics,ELEC-1004,1,34.21,14.46,CUST-00773,Returning,Central,In-store
TXN-000794,2025-08-09,NORTH-03,Home & Kitchen,HOME-2002,1,67.7,14.31,CUST-00677,Returning,North,In-store
TXN-001638,2025-08-09,EAST-01,Beauty,BEAU-4002,3,56.59,16.16,CUST-00248,Returning,East,In-store
TXN-003211,2025-08-09,EAST-02,Home & Kitchen,HOME-2003,1,117.14,9.55,CUST-01271,Returning,East,In-store
TXN-003251,2025-08-09,NORTH-02,Apparel,APP-3004,1,14.5,0.0,CUST-00033,Returning,North,Online
TXN-005320,2025-08-09,NORTH-01,Home & Kitchen,HOME-2003,2,222.23,14.2,CUST-01429,Returning,North,Online
TXN-005735,2025-08-09,WEST-02,Apparel,APP-3004,3,33.67,22.6,CUST-01452,Returning,West,In-store
TXN-000025,2025-08-10,WEST-01,Home & Kitchen,HOME-2003,2,259.0,0.0,CUST-00840,Returning,West,In-store
TXN-000779,2025-08-10,EAST-03,Beauty,BEAU-4002,1,22.5,0.0,CUST-01026,Returning,East,Online
TXN-000851,2025-08-10,NORTH-03,Apparel,APP-3002,5,199.95,0.0,CUST-00108,Returning,North,Online
TXN-000895,2025-08-10,EAST-03,Sports,SPRT-5001,4,168.1,15.94,CUST-01217,Returning,East,In-store
TXN-001748,2025-08-10,WEST-02,Sports,SPRT-5002,2,142.79,20.66,CUST-01365,New,West,In-store
TXN-002019,2025-08-10,EAST-01,Apparel,APP-3001,4,88.93,11.03,CUST-01779,Returning,East,In-store
TXN-002665,2025-08-10,CENTRAL-01,Home & Kitchen,HOME-2002,2,140.02,11.38,CUST-00102,Returning,Central,In-store
TXN-004631,2025-08-10,SOUTH-03,Electronics,ELEC-1001,1,226.91,9.23,CUST-00121,Returning,South,In-store
TXN-005729,2025-08-10,WEST-03,Apparel,APP-3004,2,26.32,9.26,CUST-01738,Returning,West,In-store
TXN-001309,2025-08-11,NORTH-02,Apparel,APP-3002,5,189.52,5.22,CUST-01486,Returning,North,In-store
TXN-001677,2025-08-11,CENTRAL-03,Electronics,ELEC-1002,3,268.5,0.0,CUST-00585,Returning,Central,In-store
TXN-002720,2025-08-11,NORTH-01,Home & Kitchen,HOME-2002,4,312.65,1.06,CUST-01750,Returning,North,In-store
TXN-002964,2025-08-11,EAST-03,Apparel,APP-3001,5,124.16,0.63,CUST-00735,Returning,East,Online
TXN-004022,2025-08-11,CENTRAL-02,Sports,SPRT-5001,5,199.29,20.27,CUST-01455,Returning,Central,In-store
TXN-004383,2025-08-11,EAST-01,Sports,SPRT-5001,2,95.4,4.58,CUST-01562,Returning,East,In-store
TXN-000332,2025-08-12,CENTRAL-03,Electronics,ELEC-1002,2,124.08,30.68,CUST-01496,Returning,Central,In-store
TXN-005706,2025-08-12,WEST-02,Beauty,BEAU-4001,2,23.29,10.34,CUST-00361,Returning,West,In-store
TXN-005835,2025-08-12,NORTH-01,Home & Kitchen,HOME-2004,1,19.07,4.61,CUST-01286,Returning,North,Online
TXN-005999,2025-08-12,SOUTH-03,Electronics,ELEC-1002,1,75.11,16.08,CUST-00558,Returning,South,In-store
TXN-000065,2025-08-13,CENTRAL-02,Beauty,BEAU-4003,3,90.19,14.1,CUST-01158,Returning,Central,Online
TXN-000619,2025-08-13,WEST-03,Apparel,APP-3002,3,116.51,2.88,CUST-00353,Returning,West,In-store
TXN-001175,2025-08-13,NORTH-02,Beauty,BEAU-4003,1,31.97,8.65,CUST-01481,Returning,North,In-store
TXN-001194,2025-08-13,CENTRAL-01,Electronics,ELEC-1003,2,1096.65,8.46,CUST-01557,Returning,Central,Online
TXN-001231,2025-08-13,WEST-02,Apparel,APP-3004,4,52.17,10.04,CUST-00046,Returning,West,Online
TXN-004444,2025-08-13,WEST-02,Home & Kitchen,HOME-2004,2,33.46,16.31,CUST-01509,Returning,West,Online
TXN-005546,2025-08-13,SOUTH-03,Apparel,APP-3001,3,64.16,14.42,CUST-00302,Returning,South,Online
TXN-000348,2025-08-14,NORTH-03,Electronics,ELEC-1004,5,181.47,9.24,CUST-01353,Returning,North,Online
TXN-000413,2025-08-14,SOUTH-02,Sports,SPRT-5004,1,23.71,19.61,CUST-01525,Returning,South,In-store
TXN-000719,2025-08-14,NORTH-02,Home & Kitchen,HOME-2002,2,134.52,14.86,CUST-00865,Returning,North,In-store
TXN-001852,2025-08-14,WEST-03,Home & Kitchen,HOME-2004,1,19.99,0.0,CUST-00777,Returning,West,In-store
TXN-002482,2025-08-14,WEST-02,Sports,SPRT-5004,3,74.3,16.04,CUST-01759,Returning,West,In-store
TXN-003169,2025-08-14,EAST-03,Home & Kitchen,HOME-2001,2,69.77,0.3,CUST-00407,Returning,East,Online
TXN-003894,2025-08-14,WEST-02,Home & Kitchen,HOME-2003,1,106.25,17.95,CUST-01771,Returning,West,In-store
TXN-004057,2025-08-14,SOUTH-01,Home & Kitchen,HOME-2003,2,219.17,15.38,CUST-01167,Returning,South,In-store
TXN-005821,2025-08-14,WEST-03,Home & Kitchen,HOME-2002,1,66.93,15.28,CUST-01626,Returning,West,In-store
TXN-000477,2025-08-15,EAST-01,Home & Kitchen,HOME-2002,8,632.0,0.0,CUST-01404,Returning,East,In-store
TXN-002517,2025-08-15,NORTH-01,Beauty,BEAU-4002,1,21.37,5.04,CUST-00522,Returning,North,Online
TXN-002902,2025-08-15,NORTH-01,Beauty,BEAU-4004,3,26.86,0.4,CUST-01037,Returning,North,In-store
TXN-003502,2025-08-15,NORTH-01,Electronics,ELEC-1004,2,79.98,0.0,CUST-01505,Returning,North,In-store
TXN-003617,2025-08-15,SOUTH-01,Apparel,APP-3001,4,90.65,9.31,CUST-00824,Returning,South,In-store
TXN-003793,2025-08-15,CENTRAL-02,Beauty,BEAU-4004,3,24.13,10.52,CUST-01307,Returning,Central,In-store
TXN-000550,2025-08-16,CENTRAL-02,Apparel,APP-3003,2,111.43,5.56,CUST-00279,Returning,Central,Online
TXN-001519,2025-08-16,CENTRAL-02,Apparel,APP-3003,3,138.35,21.84,CUST-01636,Returning,Central,In-store
TXN-001877,2025-08-16,EAST-01,Electronics,ELEC-1002,4,334.51,6.56,CUST-00054,Returning,East,In-store
TXN-002417,2025-08-16,SOUTH-01,Apparel,APP-3004,2,28.72,0.98,CUST-00362,Returning,South,In-store
TXN-004544,2025-08-16,WEST-01,Sports,SPRT-5001,3,148.98,0.66,CUST-01227,Returning,West,In-store
TXN-001484,2025-08-17,WEST-03,Sports,SPRT-5003,3,305.72,14.36,CUST-01733,Returning,West,In-store
TXN-002676,2025-08-17,WEST-02,Electronics,ELEC-1003,1,599.0,0.0,CUST-01045,Returning,West,In-store
TXN-003625,2025-08-17,EAST-01,Electronics,ELEC-1001,1,247.96,0.81,CUST-00358,Returning,East,Online
TXN-000037,2025-08-18,CENTRAL-01,Electronics,ELEC-1003,1,599.0,0.0,CUST-01098,Returning,Central,In-store
TXN-000602,2025-08-18,SOUTH-03,Sports,SPRT-5003,1,95.59,19.68,CUST-01255,Returning,South,Online
TXN-001297,2025-08-18,EAST-02,Electronics,ELEC-1001,1,197.5,21.0,CUST-01410,Returning,East,In-store
TXN-001441,2025-08-18,WEST-01,Electronics,ELEC-1003,3,1768.81,1.57,CUST-01731,Returning,West,In-store
TXN-002897,2025-08-18,WEST-01,Beauty,BEAU-4002,1,22.5,0.0,CUST-01547,Returning,West,Online
TXN-003344,2025-08-18,NORTH-03,Sports,SPRT-5004,1,23.92,18.92,CUST-00807,Returning,North,Online
TXN-004715,2025-08-18,WEST-03,Electronics,ELEC-1002,1,72.19,19.35,CUST-00929,Returning,West,In-store
TXN-005220,2025-08-18,WEST-02,Apparel,APP-3004,4,40.51,30.15,CUST-01660,Returning,West,In-store
TXN-005420,2025-08-18,WEST-01,Home & Kitchen,HOME-2002,2,133.8,15.32,CUST-01548,Returning,West,Online
TXN-005473,2025-08-18,NORTH-01,Apparel,APP-3002,3,101.62,15.3,CUST-00665,Returning,North,In-store
TXN-005560,2025-08-18,CENTRAL-01,Sports,SPRT-5001,2,84.83,15.15,CUST-01373,Returning,Central,In-store
TXN-000132,2025-08-19,SOUTH-03,Electronics,ELEC-1004,2,79.98,0.0,CUST-01241,Returning,South,In-store
TXN-000362,2025-08-19,SOUTH-01,Beauty,BEAU-4004,10,89.43,0.52,CUST-00033,Returning,South,In-store
TXN-000462,2025-08-19,NORTH-03,Home & Kitchen,HOME-2004,6,119.18,0.63,CUST-01375,New,North,In-store
TXN-001234,2025-08-19,NORTH-02,Home & Kitchen,HOME-2002,3,224.9,5.11,CUST-00099,Returning,North,Online
TXN-003156,2025-08-19,WEST-01,Apparel,APP-3003,5,254.94,13.58,CUST-00207,Returning,West,In-store
TXN-004347,2025-08-19,CENTRAL-01,Electronics,ELEC-1003,3,1538.14,14.41,CUST-00818,Returning,Central,In-store
TXN-001643,2025-08-20,SOUTH-01,Apparel,APP-3002,1,39.61,0.95,CUST-00624,Returning,South,In-store
TXN-002029,2025-08-20,NORTH-02,Beauty,BEAU-4004,5,43.29,3.7,CUST-00795,Returning,North,Online
TXN-002306,2025-08-20,NORTH-02,Sports,SPRT-5001,1,45.45,9.09,CUST-00556,Returning,North,In-store
TXN-003851,2025-08-20,EAST-02,Electronics,ELEC-1004,2,77.92,2.58,CUST-01333,Returning,East,In-store
TXN-004586,2025-08-20,WEST-02,Apparel,APP-3003,2,93.19,21.03,CUST-00268,Returning,West,In-store
TXN-004922,2025-08-20,CENTRAL-03,Home & Kitchen,HOME-2002,3,198.98,16.04,CUST-01419,Returning,Central,In-store
TXN-005040,2025-08-20,CENTRAL-02,Home & Kitchen,HOME-2003,2,259.0,0.0,CUST-01583,Returning,Central,Online
TXN-000944,2025-08-21,SOUTH-01,Apparel,APP-3003,3,152.75,13.7,CUST-00442,Returning,South,In-store
TXN-002278,2025-08-21,CENTRAL-03,Sports,SPRT-5004,3,74.66,15.64,CUST-00053,Returning,Central,In-store
TXN-002341,2025-08-21,CENTRAL-02,Apparel,APP-3004,1,14.5,0.0,CUST-01524,Returning,Central,In-store
TXN-002758,2025-08-21,WEST-02,Sports,SPRT-5003,4,402.63,15.41,CUST-01298,Returning,West,In-store
TXN-002905,2025-08-21,NORTH-03,Sports,SPRT-5002,2,179.98,0.0,CUST-01100,Returning,North,Online
TXN-005184,2025-08-21,EAST-01,Beauty,BEAU-4003,2,59.31,15.27,CUST-00445,Returning,East,In-store
TXN-000481,2025-08-22,NORTH-02,Apparel,APP-3001,1,23.74,5.02,CUST-00980,Returning,North,Online
TXN-000839,2025-08-22,NORTH-03,Electronics,ELEC-1001,1,199.85,20.06,CUST-01377,Returning,North,Online
TXN-000896,2025-08-22,NORTH-02,Apparel,APP-3001,1,23.99,4.02,CUST-00634,Returning,North,Online
TXN-001254,2025-08-22,EAST-03,Electronics,ELEC-1001,6,1192.21,20.52,CUST-01512,Returning,East,In-store
TXN-003147,2025-08-22,SOUTH-03,Electronics,ELEC-1001,8,1778.73,11.06,CUST-01318,Returning,South,Online
TXN-003253,2025-08-22,NORTH-02,Home & Kitchen,HOME-2003,2,221.43,14.51,CUST-01750,Returning,North,In-store
TXN-004301,2025-08-22,SOUTH-02,Sports,SPRT-5002,2,151.77,15.68,CUST-01747,Returning,South,In-store
TXN-005011,2025-08-22,WEST-01,Apparel,APP-3004,2,25.92,10.63,CUST-01033,Returning,West,In-store
TXN-005526,2025-08-22,CENTRAL-03,Beauty,BEAU-4001,2,24.41,6.05,CUST-00328,Returning,Central,In-store
TXN-005726,2025-08-22,EAST-02,Sports,SPRT-5004,1,29.5,0.0,CUST-00774,New,East,In-store
TXN-001714,2025-08-23,WEST-03,Apparel,APP-3001,6,149.94,0.0,CUST-01500,Returning,West,In-store
TXN-002983,2025-08-23,CENTRAL-03,Sports,SPRT-5002,1,78.03,13.29,CUST-00661,Returning,Central,In-store
TXN-003200,2025-08-23,NORTH-03,Apparel,APP-3002,5,199.95,0.0,CUST-01790,Returning,North,In-store
TXN-003609,2025-08-23,SOUTH-01,Apparel,APP-3001,1,24.92,0.29,CUST-01472,New,South,In-store
TXN-004234,2025-08-23,WEST-03,Home & Kitchen,HOME-2003,1,116.65,9.92,CUST-00700,Returning,West,Online
TXN-004907,2025-08-23,CENTRAL-03,Apparel,APP-3002,1,39.71,0.71,CUST-01782,Returning,Central,Online
TXN-005254,2025-08-23,NORTH-02,Electronics,ELEC-1002,4,318.89,10.92,CUST-01218,New,North,Online
TXN-005255,2025-08-23,EAST-03,Apparel,APP-3003,3,176.22,0.44,CUST-00514,Returning,East,In-store
TXN-005574,2025-08-23,WEST-03,Sports,SPRT-5001,2,73.57,26.42,CUST-00810,Returning,West,In-store
TXN-001553,2025-08-24,CENTRAL-03,Home & Kitchen,HOME-2004,2,35.43,11.39,CUST-01303,Returning,Central,In-store
TXN-001827,2025-08-24,CENTRAL-01,Apparel,APP-3002,5,168.35,15.81,CUST-00428,Returning,Central,In-store
TXN-001940,2025-08-24,EAST-03,Electronics,ELEC-1002,1,68.9,23.02,CUST-00866,Returning,East,In-store
TXN-002461,2025-08-24,EAST-02,Sports,SPRT-5001,1,45.93,8.11,CUST-01041,Returning,East,In-store
TXN-002774,2025-08-24,EAST-03,Electronics,ELEC-1004,5,199.16,0.4,CUST-01408,New,East,Online
TXN-003331,2025-08-24,SOUTH-01,Electronics,ELEC-1004,3,112.84,5.94,CUST-00358,Returning,South,In-store
TXN-003998,2025-08-24,CENTRAL-01,Apparel,APP-3004,3,43.5,0.0,CUST-01078,Returning,Central,In-store
TXN-004553,2025-08-24,WEST-01,Sports,SPRT-5003,4,473.9,0.44,CUST-00771,Returning,West,In-store
TXN-004972,2025-08-24,SOUTH-02,Sports,SPRT-5003,2,197.33,17.09,CUST-00208,New,South,In-store
TXN-005803,2025-08-24,WEST-03,Electronics,ELEC-1004,2,66.7,16.61,CUST-00422,Returning,West,In-store
TXN-000239,2025-08-25,WEST-02,Apparel,APP-3004,2,27.39,5.57,CUST-01500,Returning,West,Online
TXN-000521,2025-08-25,NORTH-01,Electronics,ELEC-1001,3,740.76,1.23,CUST-00528,Returning,North,In-store
TXN-000920,2025-08-25,CENTRAL-03,Sports,SPRT-5004,2,53.15,9.92,CUST-00375,Returning,Central,In-store
TXN-003220,2025-08-25,SOUTH-02,Electronics,ELEC-1003,1,425.11,29.03,CUST-00447,New,South,In-store
TXN-003459,2025-08-25,CENTRAL-03,Apparel,APP-3001,3,73.07,2.53,CUST-00662,Returning,Central,In-store
TXN-003810,2025-08-25,EAST-03,Apparel,APP-3002,2,77.41,3.21,CUST-00915,Returning,East,In-store
TXN-004956,2025-08-25,SOUTH-03,Sports,SPRT-5002,3,268.15,0.68,CUST-00636,Returning,South,In-store
TXN-005410,2025-08-25,SOUTH-02,Electronics,ELEC-1004,2,70.99,11.24,CUST-01276,Returning,South,In-store
TXN-000004,2025-08-26,NORTH-02,Home & Kitchen,HOME-2004,4,79.08,1.1,CUST-00710,Returning,North,Online
TXN-001279,2025-08-26,NORTH-01,Home & Kitchen,HOME-2002,1,55.63,29.58,CUST-01509,Returning,North,Online
TXN-001785,2025-08-26,SOUTH-02,Electronics,ELEC-1004,2,79.98,0.0,CUST-00049,Returning,South,Online
TXN-002015,2025-08-26,WEST-01,Apparel,APP-3004,3,37.0,14.94,CUST-00792,Returning,West,In-store
TXN-003542,2025-08-26,SOUTH-02,Home & Kitchen,HOME-2004,6,112.05,6.57,CUST-00199,Returning,South,In-store
TXN-004026,2025-08-26,NORTH-02,Apparel,APP-3001,1,24.99,0.0,CUST-01279,Returning,North,In-store
TXN-002099,2025-08-27,CENTRAL-03,Sports,SPRT-5004,1,29.5,0.01,CUST-00778,Returning,Central,Online
TXN-003075,2025-08-27,SOUTH-02,Sports,SPRT-5003,10,1013.77,14.81,CUST-00845,Returning,South,In-store
TXN-003737,2025-08-27,SOUTH-01,Beauty,BEAU-4003,5,160.96,8.03,CUST-00973,Returning,South,In-store
TXN-003919,2025-08-27,CENTRAL-01,Home & Kitchen,HOME-2002,5,395.0,0.0,CUST-00252,Returning,Central,In-store
TXN-005497,2025-08-27,WEST-01,Beauty,BEAU-4002,2,45.0,0.0,CUST-01359,Returning,West,In-store
TXN-005882,2025-08-27,CENTRAL-02,Home & Kitchen,HOME-2001,5,159.77,8.68,CUST-01048,Returning,Central,In-store
TXN-001583,2025-08-28,SOUTH-03,Electronics,ELEC-1003,4,2386.62,0.39,CUST-00586,Returning,South,Online
TXN-001782,2025-08-28,WEST-02,Sports,SPRT-5003,2,220.63,7.3,CUST-01376,Returning,West,In-store
TXN-004107,2025-08-28,CENTRAL-01,Beauty,BEAU-4001,1,12.58,3.17,CUST-00619,Returning,Central,In-store
TXN-004785,2025-08-28,CENTRAL-02,Sports,SPRT-5003,6,670.59,6.08,CUST-01483,Returning,Central,In-store
TXN-004869,2025-08-28,SOUTH-03,Electronics,ELEC-1004,4,158.82,0.71,CUST-01587,New,South,Online
TXN-005389,2025-08-28,CENTRAL-03,Home & Kitchen,HOME-2003,3,347.68,10.51,CUST-00493,Returning,Central,In-store
TXN-001889,2025-08-29,CENTRAL-01,Electronics,ELEC-1004,5,151.78,24.09,CUST-00285,Returning,Central,In-store
TXN-002227,2025-08-29,CENTRAL-02,Beauty,BEAU-4003,3,105.0,0.0,CUST-00050,Returning,Central,In-store
TXN-002734,2025-08-29,EAST-01,Home & Kitchen,HOME-2003,4,411.81,20.5,CUST-00800,Returning,East,In-store
TXN-003058,2025-08-29,NORTH-03,Home & Kitchen,HOME-2004,5,90.17,9.79,CUST-01261,Returning,North,In-store
TXN-003152,2025-08-29,NORTH-02,Electronics,ELEC-1003,2,1057.57,11.72,CUST-00659,Returning,North,In-store
TXN-003235,2025-08-29,WEST-02,Apparel,APP-3003,2,96.45,18.27,CUST-00769,Returning,West,In-store
TXN-003339,2025-08-29,NORTH-02,Beauty,BEAU-4003,1,33.4,4.58,CUST-00487,New,North,Online
TXN-003404,2025-08-29,NORTH-01,Beauty,BEAU-4004,2,16.43,8.6,CUST-01140,Returning,North,In-store
TXN-005351,2025-08-29,NORTH-02,Home & Kitchen,HOME-2003,1,124.27,4.04,CUST-00980,Returning,North,Online
TXN-000074,2025-08-30,WEST-02,Electronics,ELEC-1003,1,489.33,18.31,CUST-01369,New,West,In-store
TXN-001210,2025-08-30,NORTH-02,Home & Kitchen,HOME-2003,4,468.59,9.54,CUST-00970,Returning,North,Online
TXN-001283,2025-08-30,CENTRAL-03,Sports,SPRT-5004,4,102.14,13.44,CUST-00084,Returning,Central,In-store
TXN-001929,2025-08-30,SOUTH-01,Electronics,ELEC-1004,2,79.45,0.66,CUST-00630,Returning,South,Online
TXN-002012,2025-08-30,NORTH-03,Electronics,ELEC-1002,5,447.5,0.0,CUST-00570,Returning,North,Online
TXN-002307,2025-08-30,EAST-03,Apparel,APP-3004,1,13.7,5.54,CUST-01131,Returning,East,In-store
TXN-002784,2025-08-30,SOUTH-01,Apparel,APP-3001,3,59.3,20.9,CUST-00443,Returning,South,In-store
TXN-002952,2025-08-30,CENTRAL-01,Apparel,APP-3003,1,47.62,19.29,CUST-01588,Returning,Central,In-store
TXN-004460,2025-08-30,CENTRAL-03,Beauty,BEAU-4003,5,164.69,5.89,CUST-00196,Returning,Central,In-store
TXN-004486,2025-08-30,SOUTH-01,Apparel,APP-3002,2,78.38,1.99,CUST-01039,Returning,South,In-store
TXN-004522,2025-08-30,CENTRAL-02,Sports,SPRT-5001,2,99.98,0.0,CUST-00382,Returning,Central,In-store
TXN-004668,2025-08-30,CENTRAL-03,Sports,SPRT-5004,3,83.09,6.11,CUST-00217,Returning,Central,Online
TXN-005015,2025-08-30,EAST-03,Electronics,ELEC-1002,2,158.17,11.63,CUST-00149,Returning,East,In-store
TXN-005793,2025-08-30,WEST-03,Electronics,ELEC-1002,2,177.23,0.99,CUST-00514,Returning,West,In-store
TXN-000293,2025-08-31,EAST-02,Apparel,APP-3002,5,172.72,13.62,CUST-01690,Returning,East,In-store
TXN-000910,2025-08-31,SOUTH-01,Sports,SPRT-5002,3,228.89,15.22,CUST-00440,Returning,South,In-store
TXN-001382,2025-08-31,EAST-03,Electronics,ELEC-1004,3,105.49,12.07,CUST-01607,Returning,East,In-store
TXN-002827,2025-08-31,EAST-03,Beauty,BEAU-4003,4,140.0,0.0,CUST-01374,Returning,East,Online
TXN-003448,2025-08-31,SOUTH-02,Home & Kitchen,HOME-2004,2,39.98,0.0,CUST-01794,Returning,South,In-store
TXN-003710,2025-08-31,SOUTH-01,Sports,SPRT-5002,2,179.98,0.0,CUST-01028,Returning,South,In-store
TXN-004826,2025-08-31,SOUTH-02,Home & Kitchen,HOME-2001,3,94.69,9.79,CUST-00654,Returning,South,In-store
TXN-004853,2025-08-31,WEST-02,Sports,SPRT-5004,5,147.5,0.0,CUST-01674,Returning,West,In-store
TXN-005718,2025-08-31,SOUTH-03,Home & Kitchen,HOME-2002,1,78.56,0.56,CUST-00488,Returning,South,In-store
TXN-005884,2025-08-31,WEST-03,Home & Kitchen,HOME-2001,1,29.88,14.61,CUST-00250,Returning,West,Online
TXN-005959,2025-08-31,CENTRAL-01,Sports,SPRT-5001,6,292.42,2.51,CUST-00850,Returning,Central,Online
TXN-000119,2025-09-01,WEST-03,Home & Kitchen,HOME-2001,4,105.89,24.34,CUST-00278,Returning,West,In-store
TXN-001120,2025-09-01,SOUTH-03,Beauty,BEAU-4004,5,44.39,1.25,CUST-00899,Returning,South,Online
TXN-001825,2025-09-01,CENTRAL-03,Home & Kitchen,HOME-2004,3,53.58,10.66,CUST-00285,Returning,Central,Online
TXN-001904,2025-09-01,EAST-03,Apparel,APP-3003,3,160.32,9.42,CUST-01259,Returning,East,In-store
TXN-002122,2025-09-01,EAST-03,Electronics,ELEC-1004,4,159.57,0.24,CUST-01374,Returning,East,In-store
TXN-003973,2025-09-01,SOUTH-01,Apparel,APP-3003,4,217.28,7.93,CUST-01551,Returning,South,In-store
TXN-000672,2025-09-02,SOUTH-01,Home & Kitchen,HOME-2002,1,78.52,0.6,CUST-01781,Returning,South,In-store
TXN-000809,2025-09-02,SOUTH-01,Home & Kitchen,HOME-2001,1,30.39,13.16,CUST-01205,Returning,South,In-store
TXN-001480,2025-09-02,NORTH-01,Beauty,BEAU-4001,4,49.43,4.86,CUST-01031,Returning,North,Online
TXN-001805,2025-09-02,EAST-02,Home & Kitchen,HOME-2004,2,37.46,6.31,CUST-00233,Returning,East,Online
TXN-002779,2025-09-02,WEST-01,Apparel,APP-3003,1,43.41,26.43,CUST-00662,Returning,West,In-store
TXN-003638,2025-09-02,WEST-02,Home & Kitchen,HOME-2003,2,210.84,18.6,CUST-00349,Returning,West,Online
TXN-004074,2025-09-02,CENTRAL-03,Beauty,BEAU-4004,10,66.79,25.7,CUST-00147,Returning,Central,In-store
TXN-004517,2025-09-02,CENTRAL-03,Apparel,APP-3004,6,87.0,0.0,CUST-00966,Returning,Central,In-store
TXN-004543,2025-09-02,CENTRAL-03,Apparel,APP-3003,2,85.23,27.78,CUST-00757,Returning,Central,In-store
TXN-005305,2025-09-02,SOUTH-02,Electronics,ELEC-1004,3,100.8,15.98,CUST-00442,Returning,South,In-store
TXN-000816,2025-09-03,SOUTH-02,Apparel,APP-3002,2,68.28,14.63,CUST-00064,New,South,In-store
TXN-001609,2025-09-03,NORTH-01,Home & Kitchen,HOME-2003,8,1029.95,0.58,CUST-00821,Returning,North,Online
TXN-001737,2025-09-03,NORTH-03,Beauty,BEAU-4002,4,89.72,0.31,CUST-01669,Returning,North,Online
TXN-001790,2025-09-03,NORTH-03,Home & Kitchen,HOME-2001,1,34.41,1.65,CUST-00189,Returning,North,Online
TXN-002714,2025-09-03,EAST-02,Beauty,BEAU-4003,1,27.41,21.69,CUST-01775,Returning,East,In-store
TXN-003237,2025-09-03,NORTH-01,Beauty,BEAU-4002,6,133.13,1.38,CUST-00245,Returning,North,In-store
TXN-004412,2025-09-03,NORTH-01,Home & Kitchen,HOME-2001,1,27.5,21.4,CUST-00647,Returning,North,Online
TXN-005503,2025-09-03,WEST-02,Home & Kitchen,HOME-2002,4,265.13,16.1,CUST-00679,Returning,West,In-store
TXN-000002,2025-09-04,EAST-01,Beauty,BEAU-4001,1,9.9,23.81,CUST-00062,Returning,East,Online
TXN-000421,2025-09-04,EAST-01,Sports,SPRT-5003,1,107.96,9.27,CUST-01757,Returning,East,Online
TXN-000449,2025-09-04,CENTRAL-01,Beauty,BEAU-4001,1,12.35,4.89,CUST-00052,Returning,Central,In-store
TXN-000543,2025-09-04,SOUTH-02,Electronics,ELEC-1001,3,596.84,20.42,CUST-00053,Returning,South,In-store
TXN-001240,2025-09-04,WEST-03,Apparel,APP-3002,4,136.09,14.92,CUST-01519,Returning,West,Online
TXN-001939,2025-09-04,CENTRAL-02,Beauty,BEAU-4004,2,17.98,0.0,CUST-01360,Returning,Central,In-store
TXN-001962,2025-09-04,NORTH-01,Beauty,BEAU-4002,2,44.48,1.16,CUST-00836,Returning,North,In-store
TXN-002298,2025-09-04,SOUTH-01,Beauty,BEAU-4004,4,30.22,15.96,CUST-01268,Returning,South,In-store
TXN-003574,2025-09-04,WEST-02,Home & Kitchen,HOME-2001,4,137.58,1.7,CUST-01121,Returning,West,Online
TXN-004094,2025-09-04,SOUTH-02,Home & Kitchen,HOME-2002,1,56.49,28.49,CUST-01612,Returning,South,Online
TXN-004391,2025-09-04,CENTRAL-01,Beauty,BEAU-4004,6,53.87,0.14,CUST-00959,Returning,Central,In-store
TXN-005543,2025-09-04,NORTH-02,Apparel,APP-3003,4,214.75,9.01,CUST-01033,Returning,North,In-store
TXN-005872,2025-09-04,WEST-01,Sports,SPRT-5003,5,503.73,15.34,CUST-00646,Returning,West,Online
TXN-000045,2025-09-05,WEST-03,Sports,SPRT-5002,1,82.35,8.49,CUST-00166,Returning,West,In-store
TXN-000506,2025-09-05,SOUTH-02,Apparel,APP-3001,8,199.92,0.0,CUST-00946,Returning,South,In-store
TXN-001335,2025-09-05,WEST-02,Home & Kitchen,HOME-2003,1,129.5,0.0,CUST-00921,Returning,West,In-store
TXN-003059,2025-09-05,SOUTH-01,Beauty,BEAU-4001,2,25.68,1.15,CUST-01725,Returning,South,In-store
TXN-003300,2025-09-05,SOUTH-01,Home & Kitchen,HOME-2004,8,145.05,9.3,CUST-00606,Returning,South,Online
TXN-004060,2025-09-05,SOUTH-03,Sports,SPRT-5003,5,445.46,25.13,CUST-00062,Returning,South,In-store
TXN-005315,2025-09-05,CENTRAL-02,Home & Kitchen,HOME-2003,1,110.57,14.62,CUST-00220,Returning,Central,In-store
TXN-000001,2025-09-06,CENTRAL-02,Home & Kitchen,HOME-2003,1,96.88,25.19,CUST-01066,Returning,Central,In-store
TXN-001239,2025-09-06,SOUTH-03,Apparel,APP-3001,1,23.78,4.82,CUST-01624,Returning,South,Online
TXN-002146,2025-09-06,NORTH-02,Home & Kitchen,HOME-2004,2,33.53,16.12,CUST-00603,Returning,North,Online
TXN-002767,2025-09-06,SOUTH-01,Apparel,APP-3002,1,34.82,12.92,CUST-00265,Returning,South,Online
TXN-003155,2025-09-06,CENTRAL-01,Home & Kitchen,HOME-2002,1,64.28,18.63,CUST-01158,Returning,Central,Online
TXN-003686,2025-09-06,WEST-03,Home & Kitchen,HOME-2001,2,54.47,22.17,CUST-00073,Returning,West,Online
TXN-004281,2025-09-06,SOUTH-02,Electronics,ELEC-1001,3,640.7,14.57,CUST-00391,Returning,South,Online
TXN-004888,2025-09-06,CENTRAL-02,Home & Kitchen,HOME-2002,4,255.15,19.26,CUST-01669,Returning,Central,In-store
TXN-005751,2025-09-06,WEST-03,Beauty,BEAU-4004,6,53.62,0.59,CUST-00854,Returning,West,In-store
TXN-000384,2025-09-07,WEST-01,Apparel,APP-3004,3,40.83,6.13,CUST-01605,Returning,West,Online
TXN-002432,2025-09-07,WEST-03,Apparel,APP-3004,2,26.0,10.33,CUST-00038,Returning,West,In-store
TXN-003178,2025-09-07,SOUTH-01,Apparel,APP-3004,2,28.44,1.94,CUST-00301,Returning,South,In-store
TXN-003468,2025-09-07,CENTRAL-03,Beauty,BEAU-4004,10,89.9,0.0,CUST-00260,Returning,Central,In-store
TXN-003888,2025-09-07,NORTH-03,Apparel,APP-3004,5,69.32,4.38,CUST-01465,New,North,In-store
TXN-004135,2025-09-07,CENTRAL-02,Home & Kitchen,HOME-2004,2,35.3,11.71,CUST-01763,Returning,Central,Online
TXN-004315,2025-09-07,WEST-03,Sports,SPRT-5003,1,94.51,20.58,CUST-01028,Returning,West,In-store
TXN-004375,2025-09-07,SOUTH-03,Apparel,APP-3003,1,58.32,1.15,CUST-00683,Returning,South,In-store
TXN-004608,2025-09-07,WEST-01,Home & Kitchen,HOME-2002,1,77.07,2.44,CUST-00868,New,West,In-store
TXN-001821,2025-09-08,CENTRAL-03,Electronics,ELEC-1001,1,227.83,8.86,CUST-00735,Returning,Central,In-store
TXN-002728,2025-09-08,WEST-01,Home & Kitchen,HOME-2003,2,259.0,0.0,CUST-01599,Returning,West,Online
TXN-003949,2025-09-08,CENTRAL-01,Home & Kitchen,HOME-2002,1,78.42,0.74,CUST-00996,Returning,Central,In-store
TXN-004881,2025-09-08,CENTRAL-01,Electronics,ELEC-1001,1,237.03,5.18,CUST-00986,Returning,Central,In-store
TXN-004996,2025-09-08,SOUTH-02,Apparel,APP-3001,2,44.75,10.47,CUST-01271,Returning,South,Online
TXN-000334,2025-09-09,NORTH-01,Beauty,BEAU-4001,5,57.99,10.72,CUST-01210,Returning,North,Online
TXN-001202,2025-09-09,NORTH-03,Beauty,BEAU-4004,1,8.89,1.06,CUST-01334,Returning,North,In-store
TXN-001278,2025-09-09,CENTRAL-01,Sports,SPRT-5002,2,151.37,15.9,CUST-01729,Returning,Central,In-store
TXN-001875,2025-09-09,CENTRAL-01,Apparel,APP-3002,2,64.16,19.78,CUST-01382,Returning,Central,In-store
TXN-002783,2025-09-09,CENTRAL-01,Apparel,APP-3004,2,28.86,0.48,CUST-01750,Returning,Central,In-store
TXN-003576,2025-09-09,CENTRAL-01,Home & Kitchen,HOME-2004,1,19.99,0.0,CUST-01571,Returning,Central,In-store
TXN-003853,2025-09-09,CENTRAL-01,Beauty,BEAU-4003,2,59.99,14.3,CUST-01726,Returning,Central,In-store
TXN-004224,2025-09-09,WEST-03,Home & Kitchen,HOME-2004,2,27.53,31.13,CUST-00294,Returning,West,Online
TXN-000035,2025-09-10,NORTH-03,Sports,SPRT-5002,2,179.7,0.16,CUST-00372,Returning,North,In-store
TXN-000753,2025-09-10,NORTH-01,Electronics,ELEC-1003,2,1131.37,5.56,CUST-00720,Returning,North,Online
TXN-001289,2025-09-10,NORTH-03,Electronics,ELEC-1002,3,268.5,0.0,CUST-00655,Returning,North,Online
TXN-001465,2025-09-10,CENTRAL-02,Beauty,BEAU-4004,2,17.98,0.0,CUST-01209,Returning,Central,Online
TXN-004484,2025-09-10,NORTH-02,Apparel,APP-3003,2,116.89,0.94,CUST-00264,Returning,North,In-store
TXN-005196,2025-09-10,WEST-02,Apparel,APP-3002,1,36.2,9.47,CUST-00560,Returning,West,Online
TXN-005562,2025-09-10,SOUTH-03,Electronics,ELEC-1004,5,136.71,31.63,CUST-01181,Returning,South,Online
TXN-000478,2025-09-11,NORTH-02,Electronics,ELEC-1001,6,1123.42,25.1,CUST-00256,Returning,North,Online
TXN-001340,2025-09-11,NORTH-01,Home & Kitchen,HOME-2003,1,103.65,19.96,CUST-01075,Returning,North,Online
TXN-001789,2025-09-11,EAST-01,Electronics,ELEC-1002,1,79.84,10.79,CUST-00102,Returning,East,In-store
TXN-002062,2025-09-11,NORTH-03,Electronics,ELEC-1003,2,1091.88,8.86,CUST-00064,Returning,North,In-store
TXN-002437,2025-09-11,SOUTH-03,Apparel,APP-3003,3,176.81,0.11,CUST-00161,Returning,South,In-store
TXN-004564,2025-09-11,EAST-02,Home & Kitchen,HOME-2003,1,127.98,1.17,CUST-01200,Returning,East,Online
TXN-004750,2025-09-11,WEST-01,Electronics,ELEC-1001,8,1708.71,14.56,CUST-01651,Returning,West,Online
TXN-005244,2025-09-11,CENTRAL-02,Beauty,BEAU-4002,4,88.72,1.42,CUST-01182,Returning,Central,In-store
TXN-005649,2025-09-11,SOUTH-02,Electronics,ELEC-1001,8,1958.22,2.09,CUST-01319,Returning,South,Online
TXN-000193,2025-09-12,NORTH-03,Home & Kitchen,HOME-2003,1,128.91,0.46,CUST-01730,Returning,North,Online
TXN-000784,2025-09-12,WEST-01,Sports,SPRT-5004,3,78.76,11.0,CUST-01737,Returning,West,In-store
TXN-001300,2025-09-12,NORTH-01,Apparel,APP-3001,1,24.57,1.7,CUST-00468,Returning,North,Online
TXN-001589,2025-09-12,NORTH-03,Apparel,APP-3004,1,14.43,0.48,CUST-00855,Returning,North,In-store
TXN-002986,2025-09-12,SOUTH-03,Home & Kitchen,HOME-2003,3,349.37,10.07,CUST-00420,Returning,South,In-store
TXN-003054,2025-09-12,CENTRAL-01,Apparel,APP-3002,4,159.31,0.41,CUST-00195,Returning,Central,Online
TXN-003464,2025-09-12,EAST-02,Beauty,BEAU-4004,3,26.94,0.11,CUST-01680,Returning,East,In-store
TXN-003704,2025-09-12,NORTH-03,Home & Kitchen,HOME-2002,3,216.2,8.77,CUST-00849,Returning,North,Online
TXN-004509,2025-09-12,NORTH-01,Home & Kitchen,HOME-2001,1,29.7,15.13,CUST-01539,Returning,North,In-store
TXN-004745,2025-09-12,EAST-02,Apparel,APP-3003,1,58.59,0.7,CUST-00270,Returning,East,Online
TXN-005224,2025-09-12,SOUTH-01,Apparel,APP-3002,5,199.95,0.0,CUST-00914,Returning,South,Online
TXN-003082,2025-09-13,WEST-03,Apparel,APP-3002,3,97.12,19.05,CUST-01301,Returning,West,In-store
TXN-004248,2025-09-13,WEST-02,Apparel,APP-3003,3,132.44,25.17,CUST-00608,Returning,West,In-store
TXN-005301,2025-09-13,WEST-03,Home & Kitchen,HOME-2002,5,384.7,2.61,CUST-01775,Returning,West,In-store
TXN-001182,2025-09-14,CENTRAL-02,Electronics,ELEC-1003,1,547.59,8.58,CUST-00742,Returning,Central,In-store
TXN-001252,2025-09-14,EAST-03,Electronics,ELEC-1002,2,169.54,5.28,CUST-01297,Returning,East,In-store
TXN-002853,2025-09-14,CENTRAL-03,Electronics,ELEC-1003,1,529.95,11.53,CUST-01422,Returning,Central,In-store
TXN-003151,2025-09-14,WEST-01,Beauty,BEAU-4001,4,51.77,0.37,CUST-00690,Returning,West,Online
TXN-005667,2025-09-14,NORTH-01,Beauty,BEAU-4003,2,58.89,15.88,CUST-01419,Returning,North,Online
TXN-005885,2025-09-14,NORTH-01,Apparel,APP-3003,2,111.81,5.25,CUST-00519,Returning,North,In-store
TXN-001034,2025-09-15,NORTH-01,Apparel,APP-3004,1,11.98,17.38,CUST-01391,Returning,North,In-store
TXN-001103,2025-09-15,WEST-03,Apparel,APP-3002,3,102.69,14.41,CUST-01201,Returning,West,Online
TXN-001233,2025-09-15,CENTRAL-01,Apparel,APP-3003,1,58.78,0.38,CUST-00502,Returning,Central,In-store
TXN-001403,2025-09-15,SOUTH-03,Sports,SPRT-5002,4,328.75,8.67,CUST-00056,Returning,South,Online
TXN-001662,2025-09-15,NORTH-02,Electronics,ELEC-1004,2,79.98,0.0,CUST-01026,Returning,North,Online
TXN-001899,2025-09-15,EAST-02,Apparel,APP-3001,4,99.96,0.0,CUST-01569,Returning,East,In-store
TXN-003215,2025-09-15,CENTRAL-02,Home & Kitchen,HOME-2004,2,39.88,0.25,CUST-00425,Returning,Central,In-store
TXN-003462,2025-09-15,NORTH-02,Home & Kitchen,HOME-2003,3,299.58,22.89,CUST-01252,Returning,North,In-store
TXN-004020,2025-09-15,SOUTH-03,Home & Kitchen,HOME-2004,1,17.96,10.15,CUST-01130,New,South,In-store
TXN-004237,2025-09-15,NORTH-01,Apparel,APP-3001,10,186.1,25.53,CUST-00587,Returning,North,Online
TXN-004823,2025-09-15,WEST-01,Electronics,ELEC-1004,4,159.96,0.0,CUST-00106,Returning,West,Online
TXN-004984,2025-09-15,EAST-02,Home & Kitchen,HOME-2003,5,504.45,22.09,CUST-00553,Returning,East,Online
TXN-005346,2025-09-15,WEST-02,Apparel,APP-3003,10,512.37,13.16,CUST-00349,Returning,West,In-store
TXN-005688,2025-09-15,WEST-01,Apparel,APP-3002,10,301.72,24.55,CUST-01283,Returning,West,In-store
TXN-001037,2025-09-16,SOUTH-02,Electronics,ELEC-1001,1,227.57,8.97,CUST-00476,Returning,South,In-store
TXN-001836,2025-09-16,CENTRAL-02,Apparel,APP-3003,3,177.0,0.0,CUST-00123,Returning,Central,Online
TXN-001950,2025-09-16,WEST-02,Home & Kitchen,HOME-2004,5,90.38,9.58,CUST-01088,Returning,West,In-store
TXN-002380,2025-09-16,WEST-03,Electronics,ELEC-1003,6,3437.01,4.37,CUST-00728,Returning,West,In-store
TXN-003033,2025-09-16,WEST-02,Beauty,BEAU-4004,3,21.45,20.47,CUST-00128,Returning,West,In-store
TXN-004605,2025-09-16,EAST-01,Beauty,BEAU-4004,2,17.98,0.0,CUST-00631,Returning,East,Online
TXN-005838,2025-09-16,EAST-03,Sports,SPRT-5001,4,189.13,5.41,CUST-00391,Returning,East,Online
TXN-005894,2025-09-16,NORTH-03,Apparel,APP-3001,5,94.85,24.09,CUST-00265,Returning,North,In-store
TXN-000442,2025-09-17,CENTRAL-02,Electronics,ELEC-1002,2,150.28,16.04,CUST-00440,Returning,Central,In-store
TXN-000760,2025-09-17,SOUTH-03,Beauty,BEAU-4004,2,16.06,10.66,CUST-00974,Returning,South,Online
TXN-001051,2025-09-17,EAST-03,Electronics,ELEC-1001,4,999.96,0.0,CUST-01403,Returning,East,In-store
TXN-001186,2025-09-17,SOUTH-01,Beauty,BEAU-4001,2,22.55,13.21,CUST-01273,Returning,South,In-store
TXN-001412,2025-09-17,EAST-03,Home & Kitchen,HOME-2003,1,116.24,10.24,CUST-01611,Returning,East,In-store
TXN-001522,2025-09-17,EAST-01,Apparel,APP-3001,1,22.58,9.64,CUST-00013,Returning,East,Online
TXN-001534,2025-09-17,WEST-01,Electronics,ELEC-1001,1,225.62,9.75,CUST-00894,Returning,West,In-store
TXN-001888,2025-09-17,CENTRAL-03,Beauty,BEAU-4001,2,22.34,14.01,CUST-01529,Returning,Central,Online
TXN-002682,2025-09-17,SOUTH-01,Beauty,BEAU-4002,3,58.34,13.57,CUST-00447,Returning,South,In-store
TXN-004450,2025-09-17,WEST-03,Home & Kitchen,HOME-2004,1,19.99,0.0,CUST-00520,Returning,West,In-store
TXN-005396,2025-09-17,EAST-01,Beauty,BEAU-4001,1,11.95,8.03,CUST-00862,Returning,East,In-store
TXN-005983,2025-09-17,SOUTH-02,Apparel,APP-3001,3,69.11,7.82,CUST-00287,Returning,South,In-store
TXN-000329,2025-09-18,SOUTH-01,Home & Kitchen,HOME-2003,1,103.92,19.75,CUST-00741,Returning,South,In-store
TXN-001610,2025-09-18,WEST-01,Beauty,BEAU-4004,3,24.58,8.88,CUST-00024,Returning,West,Online
TXN-002058,2025-09-18,NORTH-03,Apparel,APP-3001,1,20.6,17.57,CUST-00186,Returning,North,In-store
TXN-003311,2025-09-18,WEST-03,Electronics,ELEC-1003,1,511.38,14.63,CUST-01466,Returning,West,Online
TXN-004682,2025-09-18,NORTH-01,Electronics,ELEC-1003,10,5401.18,9.83,CUST-01726,Returning,North,In-store
TXN-005440,2025-09-18,NORTH-01,Sports,SPRT-5001,1,35.13,29.72,CUST-00069,Returning,North,In-store
TXN-005590,2025-09-18,NORTH-03,Home & Kitchen,HOME-2004,1,19.98,0.03,CUST-01383,Returning,North,Online
TXN-005923,2025-09-18,WEST-02,Home & Kitchen,HOME-2003,2,221.8,14.36,CUST-00313,Returning,West,Online
TXN-000796,2025-09-19,WEST-01,Beauty,BEAU-4004,4,32.74,8.96,CUST-00317,Returning,West,Online
TXN-001667,2025-09-19,NORTH-01,Sports,SPRT-5001,3,141.81,5.44,CUST-00051,Returning,North,Online
TXN-003005,2025-09-19,NORTH-03,Beauty,BEAU-4004,2,17.68,1.69,CUST-01308,Returning,North,Online
TXN-004166,2025-09-19,SOUTH-01,Home & Kitchen,HOME-2001,1,33.53,4.17,CUST-01514,Returning,South,In-store
TXN-000086,2025-09-20,NORTH-03,Apparel,APP-3004,1,12.96,10.63,CUST-00545,Returning,North,In-store
TXN-000374,2025-09-20,EAST-02,Apparel,APP-3003,1,55.43,6.05,CUST-01275,New,East,Online
TXN-001804,2025-09-20,WEST-02,Home & Kitchen,HOME-2001,2,69.32,0.94,CUST-01588,Returning,West,In-store
TXN-003084,2025-09-20,WEST-03,Home & Kitchen,HOME-2002,1,74.68,5.47,CUST-01513,Returning,West,Online
TXN-003977,2025-09-20,CENTRAL-03,Apparel,APP-3002,1,32.31,19.21,CUST-01746,New,Central,Online
TXN-004598,2025-09-20,CENTRAL-01,Apparel,APP-3001,2,45.87,8.22,CUST-01023,Returning,Central,In-store
TXN-000717,2025-09-21,EAST-01,Home & Kitchen,HOME-2004,1,19.99,0.0,CUST-00525,Returning,East,In-store
TXN-001282,2025-09-21,CENTRAL-01,Home & Kitchen,HOME-2003,1,129.5,0.0,CUST-01158,Returning,Central,In-store
TXN-002112,2025-09-21,WEST-03,Home & Kitchen,HOME-2001,1,34.5,1.39,CUST-00185,Returning,West,In-store
TXN-002218,2025-09-21,CENTRAL-01,Electronics,ELEC-1004,1,31.3,21.72,CUST-01101,Returning,Central,Online
TXN-002770,2025-09-21,CENTRAL-01,Home & Kitchen,HOME-2001,2,66.83,4.51,CUST-00833,Returning,Central,In-store
TXN-002903,2025-09-21,NORTH-03,Apparel,APP-3001,1,24.99,0.0,CUST-01771,Returning,North,In-store
TXN-003358,2025-09-21,EAST-03,Apparel,APP-3001,3,57.92,22.74,CUST-01696,Returning,East,In-store
TXN-003465,2025-09-21,CENTRAL-02,Beauty,BEAU-4001,1,12.99,0.0,CUST-00359,Returning,Central,In-store
TXN-004121,2025-09-21,WEST-02,Apparel,APP-3001,1,18.7,25.18,CUST-01190,Returning,West,Online
TXN-004611,2025-09-21,EAST-01,Sports,SPRT-5003,10,942.99,20.76,CUST-01731,Returning,East,In-store
TXN-002696,2025-09-22,CENTRAL-03,Electronics,ELEC-1001,10,2195.72,12.17,CUST-01387,Returning,Central,In-store
TXN-003935,2025-09-22,WEST-01,Apparel,APP-3002,1,35.84,10.38,CUST-00188,Returning,West,Online
TXN-004374,2025-09-22,WEST-02,Home & Kitchen,HOME-2004,1,16.84,15.77,CUST-01084,Returning,West,In-store
TXN-004926,2025-09-22,EAST-01,Electronics,ELEC-1002,1,79.9,10.72,CUST-00927,Returning,East,In-store
TXN-005567,2025-09-22,EAST-03,Apparel,APP-3004,6,70.1,19.42,CUST-01297,Returning,East,Online
TXN-005871,2025-09-22,NORTH-02,Apparel,APP-3002,1,38.62,3.42,CUST-00646,Returning,North,In-store
TXN-002026,2025-09-23,NORTH-03,Sports,SPRT-5001,5,222.08,11.15,CUST-01728,Returning,North,In-store
TXN-002403,2025-09-23,CENTRAL-03,Home & Kitchen,HOME-2001,1,31.65,9.55,CUST-00543,Returning,Central,In-store
TXN-003056,2025-09-23,WEST-01,Electronics,ELEC-1003,3,1759.31,2.1,CUST-01181,Returning,West,In-store
TXN-003096,2025-09-23,CENTRAL-01,Beauty,BEAU-4004,6,48.32,10.42,CUST-01422,Returning,Central,In-store
TXN-003783,2025-09-23,WEST-03,Home & Kitchen,HOME-2003,4,438.22,15.4,CUST-01256,Returning,West,In-store
TXN-004332,2025-09-23,NORTH-03,Apparel,APP-3003,2,116.29,1.45,CUST-01605,Returning,North,In-store
TXN-005149,2025-09-23,SOUTH-01,Electronics,ELEC-1003,1,509.94,14.87,CUST-01561,Returning,South,Online
TXN-005350,2025-09-23,WEST-02,Beauty,BEAU-4001,2,20.63,20.58,CUST-00258,Returning,West,In-store
TXN-005541,2025-09-23,NORTH-02,Home & Kitchen,HOME-2003,4,403.85,22.04,CUST-00693,Returning,North,Online
TXN-005763,2025-09-23,WEST-02,Sports,SPRT-5004,1,24.51,16.92,CUST-01776,Returning,West,Online
TXN-000057,2025-09-24,CENTRAL-02,Beauty,BEAU-4003,2,62.6,10.58,CUST-00748,Returning,Central,Online
TXN-000115,2025-09-24,EAST-01,Home & Kitchen,HOME-2001,1,27.53,21.32,CUST-01500,Returning,East,In-store
TXN-000891,2025-09-24,EAST-01,Electronics,ELEC-1004,3,119.25,0.6,CUST-00082,Returning,East,In-store
TXN-001400,2025-09-24,CENTRAL-03,Home & Kitchen,HOME-2004,2,32.22,19.42,CUST-01081,Returning,Central,In-store
TXN-001905,2025-09-24,CENTRAL-02,Beauty,BEAU-4004,1,7.69,14.46,CUST-01388,Returning,Central,In-store
TXN-002592,2025-09-24,SOUTH-02,Electronics,ELEC-1003,4,1697.87,29.14,CUST-01120,Returning,South,Online
TXN-003255,2025-09-24,CENTRAL-02,Home & Kitchen,HOME-2002,1,66.84,15.39,CUST-01206,Returning,Central,Online
TXN-003335,2025-09-24,EAST-01,Beauty,BEAU-4004,2,16.99,5.49,CUST-00401,Returning,East,In-store
TXN-003369,2025-09-24,NORTH-01,Beauty,BEAU-4003,5,175.0,0.0,CUST-01483,Returning,North,Online
TXN-004268,2025-09-24,CENTRAL-01,Apparel,APP-3001,3,60.2,19.7,CUST-00748,Returning,Central,Online
TXN-004495,2025-09-24,SOUTH-02,Electronics,ELEC-1001,6,1499.94,0.0,CUST-01070,Returning,South,In-store
TXN-004820,2025-09-24,EAST-02,Sports,SPRT-5003,2,189.46,20.4,CUST-01773,Returning,East,In-store
TXN-005020,2025-09-24,CENTRAL-02,Home & Kitchen,HOME-2003,4,428.29,17.32,CUST-01540,Returning,Central,Online
TXN-005925,2025-09-24,CENTRAL-01,Apparel,APP-3002,5,178.12,10.92,CUST-01188,New,Central,In-store
TXN-001086,2025-09-25,NORTH-03,Home & Kitchen,HOME-2003,1,128.38,0.87,CUST-01021,Returning,North,In-store
TXN-001376,2025-09-25,NORTH-01,Home & Kitchen,HOME-2004,10,198.63,0.64,CUST-01173,Returning,North,Online
TXN-003871,2025-09-25,WEST-03,Home & Kitchen,HOME-2002,4,316.0,0.0,CUST-00556,Returning,West,In-store
TXN-005031,2025-09-25,SOUTH-03,Home & Kitchen,HOME-2003,2,221.83,14.35,CUST-00008,Returning,South,In-store
TXN-005311,2025-09-25,CENTRAL-02,Apparel,APP-3002,1,39.47,1.3,CUST-01666,Returning,Central,In-store
TXN-005695,2025-09-25,CENTRAL-01,Home & Kitchen,HOME-2002,3,225.5,4.85,CUST-00930,Returning,Central,In-store
TXN-001079,2025-09-26,NORTH-01,Home & Kitchen,HOME-2004,4,79.96,0.0,CUST-01502,Returning,North,In-store
TXN-001341,2025-09-26,NORTH-02,Sports,SPRT-5001,1,45.41,9.16,CUST-01183,Returning,North,In-store
TXN-001447,2025-09-26,NORTH-02,Electronics,ELEC-1004,2,72.07,9.89,CUST-00780,Returning,North,In-store
TXN-001558,2025-09-26,CENTRAL-02,Apparel,APP-3004,3,43.5,0.0,CUST-00007,Returning,Central,In-store
TXN-001916,2025-09-26,CENTRAL-03,Beauty,BEAU-4001,3,32.74,15.99,CUST-00396,Returning,Central,In-store
TXN-002893,2025-09-26,EAST-02,Sports,SPRT-5002,2,159.99,11.11,CUST-01583,Returning,East,Online
TXN-005069,2025-09-26,SOUTH-02,Beauty,BEAU-4003,2,66.7,4.71,CUST-00253,Returning,South,In-store
TXN-005359,2025-09-26,EAST-01,Sports,SPRT-5002,1,68.27,24.14,CUST-00012,Returning,East,In-store
TXN-005552,2025-09-26,NORTH-02,Home & Kitchen,HOME-2003,3,365.2,6.0,CUST-00854,Returning,North,In-store
TXN-005733,2025-09-26,WEST-03,Apparel,APP-3004,8,97.04,16.34,CUST-01649,Returning,West,Online
TXN-005936,2025-09-26,NORTH-02,Sports,SPRT-5003,2,200.18,15.89,CUST-00488,Returning,North,Online
TXN-000090,2025-09-27,CENTRAL-02,Apparel,APP-3003,3,177.0,0.0,CUST-00897,Returning,Central,In-store
TXN-000440,2025-09-27,EAST-01,Sports,SPRT-5003,10,872.26,26.7,CUST-00228,Returning,East,In-store
TXN-000540,2025-09-27,EAST-02,Electronics,ELEC-1001,2,401.01,19.79,CUST-00945,Returning,East,Online
TXN-000986,2025-09-27,CENTRAL-02,Sports,SPRT-5004,1,27.81,5.72,CUST-01552,Returning,Central,Online
TXN-002786,2025-09-27,NORTH-03,Sports,SPRT-5002,2,161.31,10.37,CUST-01163,New,North,In-store
TXN-002916,2025-09-27,NORTH-02,Sports,SPRT-5001,1,49.99,0.0,CUST-00656,Returning,North,In-store
TXN-003113,2025-09-27,SOUTH-03,Sports,SPRT-5003,2,236.29,0.72,CUST-00881,Returning,South,In-store
TXN-003365,2025-09-27,SOUTH-02,Electronics,ELEC-1001,3,715.95,4.54,CUST-00465,Returning,South,In-store
TXN-004377,2025-09-27,NORTH-03,Home & Kitchen,HOME-2004,2,38.13,4.64,CUST-01084,Returning,North,Online
TXN-004633,2025-09-27,NORTH-03,Electronics,ELEC-1002,6,433.41,19.29,CUST-00966,Returning,North,In-store
TXN-004883,2025-09-27,WEST-02,Apparel,APP-3003,2,108.77,7.83,CUST-01120,Returning,West,Online
TXN-004931,2025-09-27,SOUTH-02,Electronics,ELEC-1002,6,484.6,9.76,CUST-01468,Returning,South,In-store
TXN-005012,2025-09-27,NORTH-02,Electronics,ELEC-1003,10,5366.86,10.4,CUST-00204,Returning,North,Online
TXN-003051,2025-09-28,CENTRAL-03,Home & Kitchen,HOME-2001,3,100.22,4.52,CUST-00555,Returning,Central,In-store
TXN-005141,2025-09-28,EAST-02,Electronics,ELEC-1001,2,454.9,9.02,CUST-00322,Returning,East,Online
TXN-001644,2025-09-29,CENTRAL-01,Electronics,ELEC-1001,2,496.18,0.76,CUST-01536,Returning,Central,Online
TXN-002326,2025-09-29,EAST-03,Sports,SPRT-5003,2,214.1,10.04,CUST-00925,Returning,East,In-store
TXN-003163,2025-09-29,SOUTH-03,Electronics,ELEC-1002,2,168.88,5.65,CUST-00497,Returning,South,In-store
TXN-004010,2025-09-29,NORTH-03,Electronics,ELEC-1001,2,483.74,3.25,CUST-01299,Returning,North,In-store
TXN-004203,2025-09-29,CENTRAL-01,Electronics,ELEC-1003,2,1131.45,5.56,CUST-01095,Returning,Central,In-store
TXN-005953,2025-09-29,SOUTH-03,Apparel,APP-3002,2,64.17,19.76,CUST-00429,Returning,South,In-store
TXN-000005,2025-09-30,WEST-02,Beauty,BEAU-4004,6,53.21,1.35,CUST-00305,Returning,West,In-store
TXN-001174,2025-09-30,NORTH-03,Apparel,APP-3004,3,43.27,0.54,CUST-01437,Returning,North,In-store
TXN-002876,2025-09-30,NORTH-01,Electronics,ELEC-1002,4,358.0,0.0,CUST-00417,Returning,North,In-store
TXN-004298,2025-09-30,CENTRAL-01,Beauty,BEAU-4004,2,17.01,5.42,CUST-00793,Returning,Central,Online
TXN-005665,2025-09-30,SOUTH-03,Home & Kitchen,HOME-2001,10,283.44,18.99,CUST-01169,New,South,Online
TXN-001923,2025-10-01,EAST-02,Apparel,APP-3001,2,41.97,16.02,CUST-00087,Returning,East,Online
TXN-002228,2025-10-01,WEST-03,Apparel,APP-3002,1,30.31,24.22,CUST-01021,Returning,West,In-store
TXN-002645,2025-10-01,CENTRAL-02,Beauty,BEAU-4003,2,70.0,0.0,CUST-00530,Returning,Central,In-store
TXN-003116,2025-10-01,WEST-03,Apparel,APP-3004,2,28.87,0.45,CUST-01122,Returning,West,Online
TXN-003133,2025-10-01,NORTH-01,Electronics,ELEC-1002,2,161.16,9.97,CUST-01487,New,North,In-store
TXN-003517,2025-10-01,EAST-02,Apparel,APP-3003,1,59.0,0.0,CUST-01699,Returning,East,In-store
TXN-004214,2025-10-01,CENTRAL-03,Apparel,APP-3004,3,37.16,14.57,CUST-01198,Returning,Central,Online
TXN-004473,2025-10-01,WEST-03,Apparel,APP-3001,1,22.73,9.03,CUST-00761,Returning,West,In-store
TXN-004654,2025-10-01,WEST-03,Beauty,BEAU-4002,4,79.72,11.42,CUST-00649,New,West,In-store
TXN-005354,2025-10-01,SOUTH-02,Electronics,ELEC-1001,6,1416.9,5.54,CUST-01585,New,South,In-store
TXN-005537,2025-10-01,NORTH-01,Electronics,ELEC-1001,6,1060.75,29.28,CUST-00234,Returning,North,Online
TXN-005916,2025-10-01,WEST-02,Apparel,APP-3003,10,588.46,0.26,CUST-00614,Returning,West,In-store
TXN-000420,2025-10-02,NORTH-01,Apparel,APP-3004,2,27.69,4.53,CUST-00063,Returning,North,In-store
TXN-000460,2025-10-02,SOUTH-01,Home & Kitchen,HOME-2001,3,103.26,1.63,CUST-01147,Returning,South,In-store
TXN-000879,2025-10-02,SOUTH-03,Home & Kitchen,HOME-2002,1,66.76,15.49,CUST-00515,Returning,South,In-store
TXN-001818,2025-10-02,EAST-02,Home & Kitchen,HOME-2004,5,99.95,0.0,CUST-00187,Returning,East,In-store
TXN-001933,2025-10-02,EAST-03,Electronics,ELEC-1002,2,179.0,0.0,CUST-01724,Returning,East,Online
TXN-002170,2025-10-02,SOUTH-03,Beauty,BEAU-4003,2,69.85,0.21,CUST-01212,Returning,South,Online
TXN-002941,2025-10-02,EAST-03,Sports,SPRT-5003,1,101.28,14.89,CUST-00102,Returning,East,In-store
TXN-003168,2025-10-02,WEST-03,Electronics,ELEC-1003,2,1198.0,0.0,CUST-00124,Returning,West,In-store
TXN-003321,2025-10-02,EAST-01,Beauty,BEAU-4004,6,53.94,0.0,CUST-01442,Returning,East,In-store
TXN-004021,2025-10-02,EAST-03,Apparel,APP-3004,1,14.43,0.47,CUST-00621,Returning,East,In-store
TXN-000026,2025-10-03,CENTRAL-02,Sports,SPRT-5001,6,295.43,1.5,CUST-00284,Returning,Central,Online
TXN-000121,2025-10-03,CENTRAL-03,Beauty,BEAU-4003,1,35.0,0.0,CUST-00372,Returning,Central,In-store
TXN-001216,2025-10-03,NORTH-03,Beauty,BEAU-4001,2,24.01,7.58,CUST-01039,Returning,North,Online
TXN-002549,2025-10-03,SOUTH-01,Home & Kitchen,HOME-2003,2,210.92,18.56,CUST-00338,Returning,South,In-store
TXN-002968,2025-10-03,NORTH-03,Beauty,BEAU-4003,3,105.0,0.0,CUST-01614,Returning,North,In-store
TXN-003144,2025-10-03,EAST-03,Sports,SPRT-5004,1,29.01,1.65,CUST-00435,Returning,East,Online
TXN-004825,2025-10-03,CENTRAL-01,Sports,SPRT-5003,1,119.0,0.0,CUST-00515,Returning,Central,In-store
TXN-004905,2025-10-03,WEST-02,Sports,SPRT-5001,1,44.15,11.68,CUST-00119,Returning,West,In-store
TXN-005110,2025-10-03,WEST-02,Home & Kitchen,HOME-2004,8,159.92,0.0,CUST-00408,Returning,West,In-store
TXN-000172,2025-10-04,WEST-02,Electronics,ELEC-1003,3,1797.0,0.0,CUST-01189,Returning,West,Online
TXN-001374,2025-10-04,WEST-03,Home & Kitchen,HOME-2004,4,64.76,19.01,CUST-01330,Returning,West,In-store
TXN-001383,2025-10-04,WEST-02,Apparel,APP-3004,2,28.34,2.26,CUST-01170,Returning,West,Online
TXN-004032,2025-10-04,SOUTH-03,Sports,SPRT-5001,1,49.22,1.55,CUST-00733,Returning,South,In-store
TXN-004133,2025-10-04,CENTRAL-03,Apparel,APP-3002,3,114.08,4.91,CUST-00659,Returning,Central,In-store
TXN-004966,2025-10-04,SOUTH-02,Beauty,BEAU-4001,1,12.99,0.0,CUST-01794,Returning,South,In-store
TXN-005822,2025-10-04,EAST-02,Apparel,APP-3002,3,90.1,24.9,CUST-00455,Returning,East,In-store
TXN-000894,2025-10-05,NORTH-03,Electronics,ELEC-1002,1,62.93,29.68,CUST-00210,Returning,North,In-store
TXN-001467,2025-10-05,EAST-02,Home & Kitchen,HOME-2004,4,68.19,14.73,CUST-01216,Returning,East,In-store
TXN-002606,2025-10-05,SOUTH-01,Apparel,APP-3001,4,77.32,22.65,CUST-01751,Returning,South,Online
TXN-003194,2025-10-05,WEST-03,Apparel,APP-3003,6,311.89,11.9,CUST-00095,Returning,West,In-store
TXN-003700,2025-10-05,CENTRAL-03,Electronics,ELEC-1004,1,37.63,5.91,CUST-00886,Returning,Central,In-store
TXN-004758,2025-10-05,NORTH-03,Beauty,BEAU-4001,3,29.63,23.96,CUST-01107,Returning,North,Online
TXN-004990,2025-10-05,WEST-02,Apparel,APP-3001,3,69.06,7.88,CUST-00371,Returning,West,In-store
TXN-001359,2025-10-06,EAST-03,Apparel,APP-3001,3,74.71,0.35,CUST-01055,Returning,East,In-store
TXN-002214,2025-10-06,CENTRAL-01,Apparel,APP-3001,6,141.62,5.55,CUST-00700,Returning,Central,Online
TXN-003628,2025-10-06,NORTH-02,Home & Kitchen,HOME-2004,2,39.92,0.16,CUST-00808,Returning,North,In-store
TXN-003861,2025-10-06,NORTH-01,Home & Kitchen,HOME-2001,1,33.26,4.94,CUST-01352,Returning,North,In-store
TXN-004991,2025-10-06,EAST-02,Apparel,APP-3004,1,12.81,11.64,CUST-00910,Returning,East,In-store
TXN-000958,2025-10-07,CENTRAL-03,Home & Kitchen,HOME-2002,3,217.1,8.4,CUST-00603,Returning,Central,Online
TXN-001054,2025-10-07,CENTRAL-03,Beauty,BEAU-4001,1,11.66,10.23,CUST-00733,Returning,Central,In-store
TXN-001123,2025-10-07,SOUTH-01,Electronics,ELEC-1003,1,539.43,9.95,CUST-01252,Returning,South,In-store
TXN-002446,2025-10-07,NORTH-01,Home & Kitchen,HOME-2002,1,65.23,17.43,CUST-00593,Returning,North,Online
TXN-003174,2025-10-07,NORTH-03,Home & Kitchen,HOME-2001,1,26.82,23.35,CUST-00395,Returning,North,In-store
TXN-003858,2025-10-07,WEST-01,Apparel,APP-3004,3,34.95,19.66,CUST-00963,Returning,West,In-store
TXN-000018,2025-10-08,SOUTH-02,Electronics,ELEC-1002,1,82.12,8.24,CUST-00529,Returning,South,In-store
TXN-001360,2025-10-08,CENTRAL-01,Home & Kitchen,HOME-2001,3,104.97,0.0,CUST-00082,Returning,Central,In-store
TXN-002238,2025-10-08,WEST-03,Apparel,APP-3003,4,223.03,5.49,CUST-01163,Returning,West,In-store
TXN-003286,2025-10-08,NORTH-03,Electronics,ELEC-1003,1,467.25,21.99,CUST-00715,Returning,North,Online
TXN-004212,2025-10-08,EAST-01,Apparel,APP-3001,1,22.62,9.46,CUST-00737,Returning,East,In-store
TXN-005168,2025-10-08,WEST-01,Sports,SPRT-5004,1,21.42,27.4,CUST-01584,Returning,West,In-store
TXN-005757,2025-10-08,CENTRAL-02,Electronics,ELEC-1004,6,215.88,10.03,CUST-00642,Returning,Central,In-store
TXN-000665,2025-10-09,SOUTH-01,Sports,SPRT-5003,2,211.63,11.08,CUST-00143,Returning,South,In-store
TXN-000989,2025-10-09,EAST-02,Home & Kitchen,HOME-2004,2,39.98,0.0,CUST-01233,Returning,East,Online
TXN-001285,2025-10-09,EAST-01,Apparel,APP-3004,2,29.0,0.0,CUST-01476,Returning,East,Online
TXN-001928,2025-10-09,EAST-03,Home & Kitchen,HOME-2002,5,369.38,6.49,CUST-00762,New,East,Online
TXN-002699,2025-10-09,SOUTH-01,Home & Kitchen,HOME-2004,2,37.91,5.18,CUST-01614,Returning,South,In-store
TXN-002866,2025-10-09,SOUTH-02,Apparel,APP-3004,2,27.79,4.17,CUST-01699,Returning,South,In-store
TXN-003956,2025-10-09,EAST-01,Home & Kitchen,HOME-2001,1,34.77,0.63,CUST-01046,Returning,East,In-store
TXN-005248,2025-10-09,NORTH-03,Apparel,APP-3003,1,58.46,0.92,CUST-00086,Returning,North,Online
TXN-005931,2025-10-09,WEST-03,Home & Kitchen,HOME-2004,2,30.03,24.9,CUST-01072,Returning,West,In-store
TXN-000266,2025-10-10,WEST-01,Electronics,ELEC-1004,1,33.01,17.45,CUST-00840,Returning,West,In-store
TXN-001165,2025-10-10,EAST-03,Sports,SPRT-5002,1,68.03,24.41,CUST-01585,Returning,East,In-store
TXN-001265,2025-10-10,NORTH-01,Electronics,ELEC-1004,1,39.92,0.17,CUST-00708,Returning,North,In-store
TXN-002617,2025-10-10,SOUTH-03,Home & Kitchen,HOME-2001,2,52.45,25.05,CUST-01073,Returning,South,In-store
TXN-002693,2025-10-10,WEST-03,Sports,SPRT-5001,2,85.45,14.53,CUST-00887,Returning,West,Online
TXN-002832,2025-10-10,CENTRAL-03,Apparel,APP-3002,1,36.03,9.91,CUST-00788,New,Central,Online
TXN-003414,2025-10-10,NORTH-03,Home & Kitchen,HOME-2003,2,259.0,0.0,CUST-01554,Returning,North,In-store
TXN-003723,2025-10-10,WEST-02,Sports,SPRT-5004,4,118.0,0.0,CUST-01690,Returning,West,Online
TXN-004655,2025-10-10,SOUTH-03,Apparel,APP-3003,3,157.36,11.1,CUST-00206,Returning,South,In-store
TXN-005066,2025-10-10,WEST-02,Home & Kitchen,HOME-2004,2,39.69,0.72,CUST-01348,Returning,West,In-store
TXN-000337,2025-10-11,WEST-01,Apparel,APP-3001,8,178.79,10.57,CUST-01432,Returning,West,In-store
TXN-000826,2025-10-11,WEST-02,Home & Kitchen,HOME-2002,3,214.11,9.66,CUST-00203,Returning,West,Online
TXN-002086,2025-10-11,EAST-02,Home & Kitchen,HOME-2001,1,27.67,20.93,CUST-00159,Returning,East,In-store
TXN-003078,2025-10-11,EAST-01,Sports,SPRT-5001,3,132.94,11.36,CUST-00804,Returning,East,Online
TXN-003640,2025-10-11,EAST-03,Beauty,BEAU-4001,2,21.75,16.26,CUST-01007,Returning,East,In-store
TXN-004935,2025-10-11,EAST-01,Home & Kitchen,HOME-2003,1,110.21,14.89,CUST-01131,Returning,East,In-store
TXN-000123,2025-10-12,CENTRAL-01,Home & Kitchen,HOME-2002,1,72.75,7.92,CUST-00826,Returning,Central,Online
TXN-000968,2025-10-12,EAST-01,Beauty,BEAU-4001,1,12.99,0.0,CUST-00496,Returning,East,Online
TXN-002352,2025-10-12,EAST-01,Home & Kitchen,HOME-2001,2,69.67,0.44,CUST-01569,Returning,East,In-store
TXN-005798,2025-10-12,EAST-03,Electronics,ELEC-1001,6,1499.94,0.0,CUST-01415,Returning,East,In-store
TXN-000414,2025-10-13,SOUTH-03,Apparel,APP-3001,3,74.97,0.0,CUST-00940,Returning,South,Online
TXN-002087,2025-10-13,NORTH-01,Sports,SPRT-5004,1,24.63,16.5,CUST-01189,Returning,North,In-store
TXN-002388,2025-10-13,SOUTH-03,Electronics,ELEC-1003,2,1182.06,1.33,CUST-00929,Returning,South,Online
TXN-004634,2025-10-13,CENTRAL-03,Home & Kitchen,HOME-2001,2,69.58,0.57,CUST-01777,New,Central,In-store
TXN-005477,2025-10-13,EAST-01,Apparel,APP-3002,5,172.14,13.91,CUST-00599,Returning,East,In-store
TXN-005839,2025-10-13,WEST-02,Apparel,APP-3002,3,114.02,4.96,CUST-01611,Returning,West,Online
TXN-000929,2025-10-14,EAST-01,Electronics,ELEC-1002,1,89.08,0.46,CUST-01686,New,East,In-store
TXN-003276,2025-10-14,CENTRAL-02,Apparel,APP-3004,4,58.0,0.0,CUST-00239,Returning,Central,In-store
TXN-003838,2025-10-14,CENTRAL-01,Apparel,APP-3002,2,68.89,13.86,CUST-01652,Returning,Central,In-store
TXN-004992,2025-10-14,NORTH-02,Sports,SPRT-5004,6,177.0,0.0,CUST-01525,Returning,North,In-store
TXN-005935,2025-10-14,WEST-03,Beauty,BEAU-4001,10,113.38,12.71,CUST-00793,Returning,West,Online
TXN-000326,2025-10-15,EAST-01,Electronics,ELEC-1001,3,726.38,3.15,CUST-00344,Returning,East,In-store
TXN-001157,2025-10-15,WEST-01,Apparel,APP-3003,1,47.62,19.29,CUST-00095,Returning,West,In-store
TXN-001816,2025-10-15,SOUTH-03,Home & Kitchen,HOME-2003,2,234.39,9.5,CUST-00701,Returning,South,Online
TXN-002088,2025-10-15,CENTRAL-03,Home & Kitchen,HOME-2001,2,69.98,0.0,CUST-00646,Returning,Central,In-store
TXN-003212,2025-10-15,WEST-03,Sports,SPRT-5002,2,169.76,5.68,CUST-01797,Returning,West,Online
TXN-004041,2025-10-15,NORTH-01,Apparel,APP-3001,2,40.84,18.29,CUST-00196,Returning,North,In-store
TXN-005054,2025-10-15,WEST-02,Electronics,ELEC-1003,1,571.31,4.62,CUST-00390,Returning,West,In-store
TXN-005211,2025-10-15,CENTRAL-02,Sports,SPRT-5003,1,101.11,15.03,CUST-00730,Returning,Central,In-store
TXN-005788,2025-10-15,SOUTH-02,Electronics,ELEC-1003,6,2699.39,24.89,CUST-00884,New,South,Online
TXN-000573,2025-10-16,CENTRAL-01,Apparel,APP-3001,4,99.96,0.0,CUST-01076,Returning,Central,In-store
TXN-001008,2025-10-16,NORTH-01,Sports,SPRT-5003,1,101.57,14.65,CUST-01210,Returning,North,Online
TXN-001394,2025-10-16,NORTH-01,Apparel,APP-3002,3,115.15,4.02,CUST-00682,Returning,North,In-store
TXN-002097,2025-10-16,NORTH-01,Sports,SPRT-5001,8,399.92,0.0,CUST-00887,Returning,North,Online
TXN-002302,2025-10-16,WEST-01,Apparel,APP-3002,5,199.95,0.0,CUST-01774,Returning,West,Online
TXN-002652,2025-10-16,EAST-01,Electronics,ELEC-1003,2,942.45,21.33,CUST-00284,Returning,East,In-store
TXN-003308,2025-10-16,WEST-01,Beauty,BEAU-4001,2,17.61,32.21,CUST-00805,Returning,West,Online
TXN-003677,2025-10-16,SOUTH-01,Home & Kitchen,HOME-2002,1,66.68,15.59,CUST-00653,New,South,Online
TXN-004861,2025-10-16,CENTRAL-01,Beauty,BEAU-4001,1,12.86,0.99,CUST-01551,Returning,Central,In-store
TXN-005349,2025-10-16,NORTH-01,Electronics,ELEC-1001,2,499.98,0.0,CUST-00983,Returning,North,In-store
TXN-005740,2025-10-16,EAST-02,Apparel,APP-3003,2,118.0,0.0,CUST-00481,Returning,East,In-store
TXN-002314,2025-10-17,CENTRAL-03,Home & Kitchen,HOME-2002,2,158.0,0.0,CUST-00625,Returning,Central,Online
TXN-002371,2025-10-17,CENTRAL-03,Sports,SPRT-5002,2,168.98,6.11,CUST-00101,Returning,Central,In-store
TXN-002726,2025-10-17,WEST-02,Home & Kitchen,HOME-2004,2,39.29,1.74,CUST-00574,Returning,West,Online
TXN-003929,2025-10-17,WEST-03,Home & Kitchen,HOME-2001,5,172.09,1.63,CUST-01348,Returning,West,Online
TXN-004411,2025-10-17,WEST-03,Sports,SPRT-5001,2,87.91,12.07,CUST-01489,Returning,West,Online
TXN-000666,2025-10-18,CENTRAL-03,Beauty,BEAU-4004,1,7.56,15.89,CUST-00661,Returning,Central,In-store
TXN-000718,2025-10-18,SOUTH-02,Apparel,APP-3003,10,528.8,10.37,CUST-00862,Returning,South,In-store
TXN-000951,2025-10-18,SOUTH-01,Sports,SPRT-5004,2,59.0,0.0,CUST-01086,Returning,South,In-store
TXN-001095,2025-10-18,SOUTH-01,Apparel,APP-3001,2,45.04,9.88,CUST-00051,Returning,South,In-store
TXN-001739,2025-10-18,WEST-03,Apparel,APP-3001,4,85.73,14.23,CUST-01081,Returning,West,In-store
TXN-001957,2025-10-18,NORTH-03,Sports,SPRT-5004,1,24.7,16.27,CUST-00335,Returning,North,In-store
TXN-002731,2025-10-18,SOUTH-01,Home & Kitchen,HOME-2002,3,231.59,2.28,CUST-00954,Returning,South,In-store
TXN-003205,2025-10-18,SOUTH-01,Beauty,BEAU-4004,2,15.41,14.28,CUST-01086,Returning,South,Online
TXN-003833,2025-10-18,SOUTH-01,Home & Kitchen,HOME-2001,4,131.07,6.35,CUST-01076,Returning,South,Online
TXN-003988,2025-10-18,EAST-01,Beauty,BEAU-4001,1,11.66,10.25,CUST-01474,Returning,East,In-store
TXN-005498,2025-10-18,CENTRAL-02,Beauty,BEAU-4002,1,19.17,14.81,CUST-00037,Returning,Central,In-store
TXN-001221,2025-10-19,CENTRAL-01,Sports,SPRT-5002,1,89.99,0.0,CUST-01200,Returning,Central,Online
TXN-002140,2025-10-19,SOUTH-01,Electronics,ELEC-1002,2,132.94,25.73,CUST-01303,Returning,South,Online
TXN-002666,2025-10-19,CENTRAL-02,Apparel,APP-3001,1,23.36,6.51,CUST-00313,Returning,Central,In-store
TXN-003744,2025-10-19,SOUTH-03,Apparel,APP-3002,1,28.03,29.92,CUST-01042,Returning,South,Online
TXN-004037,2025-10-19,NORTH-01,Home & Kitchen,HOME-2002,4,299.66,5.17,CUST-01270,Returning,North,In-store
TXN-004328,2025-10-19,EAST-03,Home & Kitchen,HOME-2001,1,27.81,20.52,CUST-00863,Returning,East,Online
TXN-005664,2025-10-19,EAST-03,Apparel,APP-3003,1,47.03,20.28,CUST-01203,Returning,East,In-store
TXN-005720,2025-10-19,WEST-01,Apparel,APP-3003,2,116.85,0.97,CUST-01527,Returning,West,In-store
TXN-005933,2025-10-19,WEST-01,Apparel,APP-3001,3,74.13,1.12,CUST-00562,Returning,West,In-store
TXN-000393,2025-10-20,EAST-02,Home & Kitchen,HOME-2001,1,33.59,4.0,CUST-01699,Returning,East,In-store
TXN-000612,2025-10-20,CENTRAL-03,Sports,SPRT-5001,5,187.09,25.15,CUST-00222,Returning,Central,Online
TXN-001218,2025-10-20,NORTH-03,Home & Kitchen,HOME-2004,4,55.44,30.67,CUST-00644,New,North,In-store
TXN-003191,2025-10-20,NORTH-01,Beauty,BEAU-4002,4,89.34,0.73,CUST-01794,Returning,North,Online
TXN-003305,2025-10-20,NORTH-03,Sports,SPRT-5003,2,189.2,20.5,CUST-01343,Returning,North,In-store
TXN-003475,2025-10-20,CENTRAL-03,Beauty,BEAU-4002,2,45.0,0.0,CUST-00334,Returning,Central,In-store
TXN-004029,2025-10-20,SOUTH-01,Apparel,APP-3003,5,238.09,19.29,CUST-00666,Returning,South,Online
TXN-005474,2025-10-20,SOUTH-01,Home & Kitchen,HOME-2002,3,235.82,0.5,CUST-01630,Returning,South,Online
TXN-005907,2025-10-20,EAST-03,Electronics,ELEC-1003,4,2185.66,8.78,CUST-01124,Returning,East,Online
TXN-000582,2025-10-21,NORTH-02,Apparel,APP-3002,1,38.13,4.65,CUST-01003,Returning,North,Online
TXN-000620,2025-10-21,CENTRAL-03,Sports,SPRT-5001,3,141.89,5.39,CUST-00620,Returning,Central,In-store
TXN-000740,2025-10-21,CENTRAL-03,Home & Kitchen,HOME-2001,3,91.61,12.72,CUST-01447,Returning,Central,Online
TXN-002757,2025-10-21,NORTH-01,Home & Kitchen,HOME-2003,1,103.72,19.9,CUST-01151,New,North,In-store
TXN-003580,2025-10-21,WEST-03,Home & Kitchen,HOME-2001,2,68.95,1.47,CUST-00865,Returning,West,In-store
TXN-003863,2025-10-21,WEST-03,Apparel,APP-3001,1,21.23,15.03,CUST-00605,Returning,West,In-store
TXN-003937,2025-10-21,NORTH-01,Home & Kitchen,HOME-2004,1,16.63,16.79,CUST-01751,Returning,North,Online
TXN-005161,2025-10-21,WEST-01,Home & Kitchen,HOME-2002,1,79.0,0.0,CUST-00259,Returning,West,In-store
TXN-005734,2025-10-21,SOUTH-03,Apparel,APP-3004,1,11.45,21.03,CUST-01674,Returning,South,In-store
TXN-005914,2025-10-21,WEST-03,Apparel,APP-3001,1,23.46,6.14,CUST-00353,Returning,West,Online
TXN-000084,2025-10-22,CENTRAL-03,Apparel,APP-3002,3,119.97,0.0,CUST-00527,Returning,Central,In-store
TXN-000330,2025-10-22,NORTH-03,Apparel,APP-3001,1,20.4,18.39,CUST-00949,Returning,North,In-store
TXN-000576,2025-10-22,CENTRAL-03,Sports,SPRT-5002,6,468.95,13.15,CUST-00155,Returning,Central,Online
TXN-000668,2025-10-22,SOUTH-02,Beauty,BEAU-4003,2,59.04,15.66,CUST-01028,Returning,South,Online
TXN-002236,2025-10-22,SOUTH-03,Beauty,BEAU-4003,2,70.0,0.0,CUST-01378,Returning,South,In-store
TXN-003134,2025-10-22,SOUTH-03,Electronics,ELEC-1001,1,249.99,0.0,CUST-00625,Returning,South,Online
TXN-003378,2025-10-22,CENTRAL-03,Electronics,ELEC-1004,4,153.22,4.21,CUST-00258,Returning,Central,In-store
TXN-003831,2025-10-22,EAST-01,Apparel,APP-3002,2,67.61,15.46,CUST-01377,Returning,East,In-store
TXN-004232,2025-10-22,EAST-01,Electronics,ELEC-1002,1,89.26,0.27,CUST-00529,Returning,East,In-store
TXN-004786,2025-10-22,EAST-01,Apparel,APP-3001,2,49.98,0.0,CUST-00428,Returning,East,In-store
TXN-000970,2025-10-23,CENTRAL-02,Beauty,BEAU-4002,2,38.93,13.48,CUST-00855,Returning,Central,In-store
TXN-001269,2025-10-23,WEST-03,Electronics,ELEC-1002,1,84.6,5.48,CUST-01649,Returning,West,Online
TXN-003422,2025-10-23,WEST-02,Home & Kitchen,HOME-2002,2,157.01,0.63,CUST-00439,Returning,West,Online
TXN-004526,2025-10-23,EAST-03,Beauty,BEAU-4004,4,29.42,18.2,CUST-01557,Returning,East,In-store
TXN-004685,2025-10-23,SOUTH-03,Home & Kitchen,HOME-2004,2,30.08,24.76,CUST-00929,Returning,South,Online
TXN-005466,2025-10-23,SOUTH-01,Home & Kitchen,HOME-2003,3,308.73,20.53,CUST-01323,Returning,South,In-store
TXN-000464,2025-10-24,NORTH-02,Apparel,APP-3003,3,177.0,0.0,CUST-01123,Returning,North,In-store
TXN-000601,2025-10-24,WEST-01,Beauty,BEAU-4004,3,25.12,6.87,CUST-01449,Returning,West,In-store
TXN-000662,2025-10-24,SOUTH-01,Electronics,ELEC-1004,3,119.97,0.0,CUST-01319,Returning,South,In-store
TXN-001566,2025-10-24,CENTRAL-02,Electronics,ELEC-1001,1,249.99,0.0,CUST-01680,Returning,Central,Online
TXN-002526,2025-10-24,WEST-01,Electronics,ELEC-1002,3,205.37,23.51,CUST-00487,Returning,West,In-store
TXN-003043,2025-10-24,SOUTH-01,Electronics,ELEC-1004,8,290.89,9.07,CUST-00295,Returning,South,In-store
TXN-003732,2025-10-24,SOUTH-03,Electronics,ELEC-1002,2,163.83,8.47,CUST-00921,Returning,South,In-store
TXN-004695,2025-10-24,EAST-01,Apparel,APP-3004,6,73.87,15.09,CUST-01312,Returning,East,In-store
TXN-004994,2025-10-24,SOUTH-02,Apparel,APP-3003,5,294.83,0.06,CUST-00318,New,South,In-store
TXN-000048,2025-10-25,SOUTH-01,Electronics,ELEC-1003,5,2380.8,20.51,CUST-00022,Returning,South,Online
TXN-002686,2025-10-25,EAST-01,Sports,SPRT-5003,1,97.4,18.15,CUST-00090,Returning,East,Online
TXN-003107,2025-10-25,CENTRAL-02,Home & Kitchen,HOME-2002,2,124.38,21.28,CUST-01747,Returning,Central,In-store
TXN-003752,2025-10-25,CENTRAL-03,Home & Kitchen,HOME-2002,8,519.83,17.75,CUST-01292,Returning,Central,Online
TXN-004368,2025-10-25,EAST-03,Apparel,APP-3002,2,79.98,0.0,CUST-00909,Returning,East,Online
TXN-004576,2025-10-25,SOUTH-01,Electronics,ELEC-1002,1,66.82,25.34,CUST-01071,New,South,In-store
TXN-000767,2025-10-26,EAST-01,Beauty,BEAU-4004,8,68.31,5.01,CUST-00541,Returning,East,Online
TXN-000830,2025-10-26,SOUTH-03,Apparel,APP-3002,1,33.93,15.16,CUST-01429,Returning,South,Online
TXN-001220,2025-10-26,SOUTH-03,Apparel,APP-3002,4,146.21,8.6,CUST-01187,Returning,South,In-store
TXN-001945,2025-10-26,CENTRAL-03,Apparel,APP-3003,1,59.0,0.0,CUST-01358,Returning,Central,Online
TXN-003061,2025-10-26,NORTH-03,Home & Kitchen,HOME-2001,1,31.63,9.61,CUST-00900,Returning,North,Online
TXN-003167,2025-10-26,EAST-02,Beauty,BEAU-4003,3,103.38,1.54,CUST-00263,Returning,East,In-store
TXN-003763,2025-10-26,CENTRAL-01,Apparel,APP-3001,1,24.99,0.0,CUST-00311,Returning,Central,In-store
TXN-004236,2025-10-26,EAST-01,Apparel,APP-3004,1,13.87,4.34,CUST-00502,Returning,East,In-store
TXN-004656,2025-10-26,CENTRAL-01,Electronics,ELEC-1004,4,159.96,0.0,CUST-00774,Returning,Central,In-store
TXN-005538,2025-10-26,NORTH-03,Electronics,ELEC-1002,1,89.4,0.11,CUST-00224,Returning,North,In-store
TXN-005705,2025-10-26,CENTRAL-01,Beauty,BEAU-4003,2,62.0,11.44,CUST-01132,Returning,Central,Online
TXN-001032,2025-10-27,EAST-03,Home & Kitchen,HOME-2003,3,388.5,0.0,CUST-00650,Returning,East,In-store
TXN-001207,2025-10-27,SOUTH-02,Sports,SPRT-5002,2,162.5,9.71,CUST-00681,Returning,South,In-store
TXN-003108,2025-10-27,WEST-03,Home & Kitchen,HOME-2004,1,19.61,1.89,CUST-01153,Returning,West,In-store
TXN-003204,2025-10-27,EAST-03,Home & Kitchen,HOME-2002,2,144.65,8.45,CUST-00363,New,East,In-store
TXN-003262,2025-10-27,NORTH-01,Home & Kitchen,HOME-2004,2,39.98,0.0,CUST-01592,Returning,North,In-store
TXN-003418,2025-10-27,WEST-02,Sports,SPRT-5003,5,572.23,3.83,CUST-01376,Returning,West,In-store
TXN-003824,2025-10-27,SOUTH-01,Beauty,BEAU-4003,3,94.38,10.11,CUST-01482,New,South,Online
TXN-004066,2025-10-27,WEST-02,Electronics,ELEC-1002,2,133.35,25.5,CUST-00914,Returning,West,In-store
TXN-004828,2025-10-27,NORTH-02,Sports,SPRT-5002,3,256.12,5.13,CUST-00340,Returning,North,Online
TXN-005106,2025-10-27,NORTH-03,Beauty,BEAU-4002,4,87.45,2.83,CUST-00536,Returning,North,In-store
TXN-005586,2025-10-27,SOUTH-02,Sports,SPRT-5004,1,26.69,9.51,CUST-01789,Returning,South,Online
TXN-001171,2025-10-28,WEST-02,Beauty,BEAU-4003,2,63.2,9.71,CUST-01328,Returning,West,Online
TXN-001521,2025-10-28,SOUTH-01,Home & Kitchen,HOME-2001,2,65.51,6.39,CUST-00434,Returning,South,In-store
TXN-001674,2025-10-28,SOUTH-02,Home & Kitchen,HOME-2002,1,78.47,0.67,CUST-01492,Returning,South,In-store
TXN-002925,2025-10-28,WEST-01,Apparel,APP-3003,2,100.82,14.56,CUST-00934,Returning,West,Online
TXN-003856,2025-10-28,SOUTH-01,Sports,SPRT-5003,2,177.45,25.44,CUST-00332,Returning,South,Online
TXN-003911,2025-10-28,WEST-03,Home & Kitchen,HOME-2001,1,34.63,1.03,CUST-00310,Returning,West,In-store
TXN-004447,2025-10-28,NORTH-02,Home & Kitchen,HOME-2003,2,180.76,30.21,CUST-00974,Returning,North,In-store
TXN-005366,2025-10-28,WEST-03,Apparel,APP-3001,3,74.97,0.0,CUST-00861,Returning,West,Online
TXN-000629,2025-10-29,EAST-01,Sports,SPRT-5004,3,73.63,16.8,CUST-00838,Returning,East,Online
TXN-000656,2025-10-29,NORTH-02,Beauty,BEAU-4001,1,12.91,0.65,CUST-00084,Returning,North,Online
TXN-000854,2025-10-29,NORTH-01,Home & Kitchen,HOME-2003,5,646.41,0.17,CUST-00454,Returning,North,In-store
TXN-000941,2025-10-29,WEST-02,Apparel,APP-3002,2,74.9,6.36,CUST-01355,New,West,Online
TXN-001443,2025-10-29,NORTH-03,Home & Kitchen,HOME-2002,1,75.08,4.96,CUST-01343,Returning,North,In-store
TXN-001665,2025-10-29,NORTH-02,Apparel,APP-3004,1,13.08,9.8,CUST-01757,Returning,North,In-store
TXN-002203,2025-10-29,CENTRAL-01,Electronics,ELEC-1004,2,72.81,8.97,CUST-00621,Returning,Central,In-store
TXN-002701,2025-10-29,NORTH-01,Home & Kitchen,HOME-2003,1,114.52,11.57,CUST-01159,Returning,North,In-store
TXN-003571,2025-10-29,WEST-01,Home & Kitchen,HOME-2001,1,29.96,14.37,CUST-00692,Returning,West,In-store
TXN-004324,2025-10-29,NORTH-03,Electronics,ELEC-1003,3,1633.76,9.08,CUST-00872,Returning,North,Online
TXN-000049,2025-10-30,CENTRAL-03,Electronics,ELEC-1003,2,970.72,18.97,CUST-00756,Returning,Central,Online
TXN-001721,2025-10-30,SOUTH-02,Home & Kitchen,HOME-2002,3,235.22,0.75,CUST-00407,Returning,South,Online
TXN-002281,2025-10-30,CENTRAL-02,Apparel,APP-3001,2,49.27,1.43,CUST-01557,Returning,Central,In-store
TXN-002331,2025-10-30,EAST-02,Electronics,ELEC-1004,1,30.34,24.14,CUST-00718,Returning,East,Online
TXN-002550,2025-10-30,CENTRAL-03,Home & Kitchen,HOME-2001,1,32.66,6.66,CUST-01631,Returning,Central,Online
TXN-004173,2025-10-30,WEST-03,Electronics,ELEC-1001,2,499.98,0.0,CUST-01415,Returning,West,In-store
TXN-005404,2025-10-30,CENTRAL-03,Home & Kitchen,HOME-2002,1,66.95,15.25,CUST-01766,Returning,Central,In-store
TXN-001350,2025-10-31,EAST-01,Electronics,ELEC-1001,8,1999.92,0.0,CUST-00814,Returning,East,In-store
TXN-001659,2025-10-31,CENTRAL-01,Apparel,APP-3004,4,52.21,9.99,CUST-01607,Returning,Central,Online
TXN-002801,2025-10-31,EAST-03,Beauty,BEAU-4004,2,17.98,0.0,CUST-00755,New,East,Online
TXN-003315,2025-10-31,NORTH-01,Home & Kitchen,HOME-2002,1,74.27,5.99,CUST-01644,Returning,North,Online
TXN-003425,2025-10-31,WEST-03,Home & Kitchen,HOME-2002,5,333.96,15.45,CUST-01033,Returning,West,In-store
TXN-003807,2025-10-31,SOUTH-01,Home & Kitchen,HOME-2001,1,27.44,21.59,CUST-01512,Returning,South,Online
TXN-004429,2025-10-31,SOUTH-02,Sports,SPRT-5004,1,29.5,0.0,CUST-01189,Returning,South,In-store
TXN-004704,2025-10-31,SOUTH-02,Apparel,APP-3002,4,113.2,29.23,CUST-00499,Returning,South,Online
TXN-005831,2025-10-31,EAST-01,Apparel,APP-3002,3,113.28,5.57,CUST-00398,Returning,East,In-store
TXN-000175,2025-11-01,WEST-02,Beauty,BEAU-4004,4,33.64,6.45,CUST-01740,Returning,West,Online
TXN-000600,2025-11-01,NORTH-01,Sports,SPRT-5004,2,59.0,0.0,CUST-00744,New,North,In-store
TXN-000712,2025-11-01,EAST-02,Home & Kitchen,HOME-2003,5,540.19,16.57,CUST-00893,Returning,East,In-store
TXN-000817,2025-11-01,NORTH-01,Home & Kitchen,HOME-2002,3,184.67,22.08,CUST-00910,Returning,North,In-store
TXN-000899,2025-11-01,EAST-03,Home & Kitchen,HOME-2002,1,77.46,1.95,CUST-00769,Returning,East,In-store
TXN-001073,2025-11-01,NORTH-03,Electronics,ELEC-1003,3,1776.65,1.13,CUST-00075,Returning,North,In-store
TXN-001238,2025-11-01,WEST-03,Beauty,BEAU-4003,4,95.03,32.12,CUST-00491,Returning,West,Online
TXN-002463,2025-11-01,NORTH-01,Electronics,ELEC-1002,1,76.64,14.36,CUST-00414,Returning,North,In-store
TXN-003938,2025-11-01,CENTRAL-02,Electronics,ELEC-1004,2,67.2,15.98,CUST-00903,Returning,Central,In-store
TXN-005890,2025-11-01,WEST-01,Apparel,APP-3003,2,104.97,11.05,CUST-00985,Returning,West,In-store
TXN-001021,2025-11-02,EAST-01,Electronics,ELEC-1004,1,39.57,1.05,CUST-00455,Returning,East,Online
TXN-003681,2025-11-02,NORTH-03,Electronics,ELEC-1002,5,447.5,0.0,CUST-01757,Returning,North,In-store
TXN-004466,2025-11-02,CENTRAL-03,Home & Kitchen,HOME-2004,2,31.48,21.26,CUST-00047,New,Central,In-store
TXN-005074,2025-11-02,NORTH-02,Beauty,BEAU-4004,1,8.99,0.0,CUST-01181,Returning,North,Online
TXN-000091,2025-11-03,CENTRAL-03,Sports,SPRT-5001,3,140.75,6.15,CUST-01252,Returning,Central,In-store
TXN-000533,2025-11-03,NORTH-03,Apparel,APP-3002,1,39.68,0.77,CUST-01128,Returning,North,In-store
TXN-000687,2025-11-03,EAST-01,Beauty,BEAU-4002,1,18.82,16.37,CUST-01601,Returning,East,Online
TXN-002838,2025-11-03,EAST-03,Sports,SPRT-5004,1,26.61,9.8,CUST-00358,Returning,East,Online
TXN-003682,2025-11-03,WEST-01,Electronics,ELEC-1004,2,73.96,7.53,CUST-00288,Returning,West,Online
TXN-003848,2025-11-03,WEST-03,Home & Kitchen,HOME-2002,2,153.29,2.98,CUST-00850,Returning,West,In-store
TXN-003959,2025-11-03,WEST-02,Apparel,APP-3001,4,88.16,11.8,CUST-01685,Returning,West,Online
TXN-004427,2025-11-03,SOUTH-01,Electronics,ELEC-1003,3,1647.33,8.33,CUST-00287,Returning,South,In-store
TXN-004644,2025-11-03,WEST-01,Home & Kitchen,HOME-2001,2,69.98,0.0,CUST-01760,Returning,West,In-store
TXN-000874,2025-11-04,CENTRAL-03,Apparel,APP-3003,1,59.0,0.0,CUST-00914,Returning,Central,In-store
TXN-002301,2025-11-04,NORTH-02,Home & Kitchen,HOME-2003,1,128.91,0.45,CUST-01353,Returning,North,In-store
TXN-002602,2025-11-04,SOUTH-03,Beauty,BEAU-4001,1,11.11,14.51,CUST-01596,Returning,South,In-store
TXN-004441,2025-11-04,EAST-01,Electronics,ELEC-1002,1,73.02,18.41,CUST-01715,Returning,East,Online
TXN-004710,2025-11-04,NORTH-01,Apparel,APP-3003,4,189.4,19.74,CUST-00597,Returning,North,Online
TXN-004802,2025-11-04,NORTH-01,Home & Kitchen,HOME-2001,5,147.53,15.67,CUST-01641,Returning,North,In-store
TXN-005027,2025-11-04,EAST-01,Electronics,ELEC-1001,2,379.77,24.04,CUST-00430,Returning,East,In-store
TXN-005715,2025-11-04,SOUTH-02,Electronics,ELEC-1002,1,80.6,9.95,CUST-00769,Returning,South,In-store
TXN-000161,2025-11-05,WEST-01,Apparel,APP-3001,2,37.88,24.2,CUST-00608,Returning,West,In-store
TXN-000748,2025-11-05,WEST-01,Apparel,APP-3002,10,397.55,0.59,CUST-01793,Returning,West,In-store
TXN-001093,2025-11-05,EAST-01,Apparel,APP-3003,2,107.17,9.18,CUST-01667,Returning,East,In-store
TXN-001560,2025-11-05,CENTRAL-03,Beauty,BEAU-4003,4,123.99,11.44,CUST-01458,Returning,Central,In-store
TXN-001719,2025-11-05,NORTH-03,Sports,SPRT-5004,8,225.98,4.25,CUST-01205,Returning,North,In-store
TXN-002833,2025-11-05,NORTH-03,Sports,SPRT-5004,1,29.42,0.28,CUST-01181,Returning,North,Online
TXN-003626,2025-11-05,NORTH-02,Beauty,BEAU-4003,3,104.51,0.47,CUST-01516,Returning,North,In-store
TXN-001332,2025-11-06,NORTH-03,Apparel,APP-3001,3,74.97,0.0,CUST-01098,Returning,North,Online
TXN-002688,2025-11-06,CENTRAL-03,Electronics,ELEC-1003,2,1057.95,11.69,CUST-00355,Returning,Central,Online
TXN-002943,2025-11-06,CENTRAL-02,Electronics,ELEC-1002,3,263.38,1.91,CUST-01382,Returning,Central,In-store
TXN-003356,2025-11-06,EAST-02,Beauty,BEAU-4004,5,38.17,15.09,CUST-00850,Returning,East,Online
TXN-003566,2025-11-06,WEST-03,Home & Kitchen,HOME-2001,1,29.61,15.37,CUST-01552,Returning,West,In-store
TXN-003632,2025-11-06,EAST-01,Electronics,ELEC-1003,2,1184.61,1.12,CUST-01631,Returning,East,In-store
TXN-003878,2025-11-06,NORTH-02,Apparel,APP-3003,3,147.48,16.68,CUST-00056,Returning,North,In-store
TXN-003943,2025-11-06,EAST-02,Apparel,APP-3004,5,71.94,0.77,CUST-01759,Returning,East,Online
TXN-004317,2025-11-06,CENTRAL-03,Electronics,ELEC-1001,6,1416.78,5.54,CUST-01162,Returning,Central,Online
TXN-004782,2025-11-06,CENTRAL-01,Apparel,APP-3002,2,72.82,8.95,CUST-00779,Returning,Central,In-store
TXN-005096,2025-11-06,SOUTH-01,Electronics,ELEC-1004,2,79.98,0.0,CUST-01528,Returning,South,In-store
TXN-005453,2025-11-06,NORTH-01,Apparel,APP-3003,1,59.0,0.0,CUST-00552,Returning,North,In-store
TXN-000024,2025-11-07,CENTRAL-02,Beauty,BEAU-4003,8,279.02,0.35,CUST-01533,Returning,Central,Online
TXN-000182,2025-11-07,CENTRAL-02,Apparel,APP-3001,4,91.42,8.55,CUST-01566,Returning,Central,In-store
TXN-000689,2025-11-07,WEST-02,Beauty,BEAU-4004,3,24.21,10.24,CUST-00058,Returning,West,Online
TXN-001482,2025-11-07,EAST-03,Apparel,APP-3001,1,24.99,0.0,CUST-00427,Returning,East,Online
TXN-001966,2025-11-07,CENTRAL-03,Apparel,APP-3003,1,55.64,5.69,CUST-00429,Returning,Central,In-store
TXN-002740,2025-11-07,WEST-01,Home & Kitchen,HOME-2004,4,76.09,4.84,CUST-00953,Returning,West,In-store
TXN-003830,2025-11-07,WEST-02,Electronics,ELEC-1004,2,64.22,19.7,CUST-00865,Returning,West,Online
TXN-005853,2025-11-07,CENTRAL-02,Electronics,ELEC-1002,5,408.54,8.71,CUST-00891,Returning,Central,Online
TXN-000036,2025-11-08,EAST-02,Beauty,BEAU-4004,3,26.78,0.7,CUST-01060,Returning,East,In-store
TXN-000262,2025-11-08,WEST-03,Home & Kitchen,HOME-2003,1,115.33,10.94,CUST-01042,Returning,West,In-store
TXN-003531,2025-11-08,WEST-02,Apparel,APP-3001,2,49.98,0.0,CUST-00392,Returning,West,Online
TXN-005632,2025-11-08,CENTRAL-02,Apparel,APP-3002,2,79.98,0.0,CUST-00857,Returning,Central,Online
TXN-005722,2025-11-08,SOUTH-01,Sports,SPRT-5004,1,26.36,10.63,CUST-00135,Returning,South,Online
TXN-001741,2025-11-09,NORTH-01,Home & Kitchen,HOME-2003,2,211.18,18.46,CUST-00972,Returning,North,In-store
TXN-002981,2025-11-09,NORTH-01,Apparel,APP-3002,4,141.62,11.46,CUST-01731,Returning,North,In-store
TXN-004581,2025-11-09,WEST-03,Home & Kitchen,HOME-2002,2,121.16,23.32,CUST-01170,Returning,West,Online
TXN-004673,2025-11-09,EAST-01,Apparel,APP-3002,3,107.28,10.58,CUST-01076,Returning,East,In-store
TXN-004852,2025-11-09,WEST-02,Electronics,ELEC-1002,8,675.98,5.59,CUST-01534,Returning,West,In-store
TXN-000965,2025-11-10,NORTH-03,Home & Kitchen,HOME-2001,6,209.94,0.0,CUST-00254,Returning,North,In-store
TXN-001625,2025-11-10,CENTRAL-01,Electronics,ELEC-1004,2,71.93,10.06,CUST-01763,Returning,Central,Online
TXN-002595,2025-11-10,CENTRAL-01,Sports,SPRT-5004,2,54.98,6.82,CUST-01404,Returning,Central,Online
TXN-002965,2025-11-10,SOUTH-02,Apparel,APP-3001,1,24.47,2.08,CUST-01382,Returning,South,In-store
TXN-003109,2025-11-10,CENTRAL-03,Beauty,BEAU-4001,3,38.75,0.56,CUST-01111,Returning,Central,In-store
TXN-003540,2025-11-10,CENTRAL-01,Home & Kitchen,HOME-2002,8,512.15,18.96,CUST-01101,Returning,Central,In-store
TXN-003891,2025-11-10,CENTRAL-01,Apparel,APP-3002,2,70.15,12.29,CUST-00373,Returning,Central,Online
TXN-004557,2025-11-10,WEST-01,Beauty,BEAU-4002,1,16.7,25.78,CUST-01164,Returning,West,In-store
TXN-005321,2025-11-10,NORTH-01,Electronics,ELEC-1001,3,625.04,16.66,CUST-00231,Returning,North,In-store
TXN-005376,2025-11-10,WEST-02,Electronics,ELEC-1002,3,250.34,6.76,CUST-00904,Returning,West,In-store
TXN-002523,2025-11-11,CENTRAL-03,Electronics,ELEC-1004,3,95.86,20.1,CUST-00346,Returning,Central,In-store
TXN-003690,2025-11-11,NORTH-01,Beauty,BEAU-4003,2,66.64,4.8,CUST-00129,Returning,North,In-store
TXN-003753,2025-11-11,CENTRAL-03,Electronics,ELEC-1002,5,390.77,12.68,CUST-00543,Returning,Central,Online
TXN-004206,2025-11-11,EAST-02,Electronics,ELEC-1004,3,107.89,10.07,CUST-01774,Returning,East,In-store
TXN-004401,2025-11-11,EAST-03,Home & Kitchen,HOME-2002,4,294.19,6.9,CUST-01259,Returning,East,In-store
TXN-005857,2025-11-11,EAST-01,Electronics,ELEC-1001,2,492.57,1.48,CUST-00043,Returning,East,In-store
TXN-000079,2025-11-12,NORTH-03,Electronics,ELEC-1003,1,597.37,0.27,CUST-01434,Returning,North,Online
TXN-000685,2025-11-12,CENTRAL-02,Home & Kitchen,HOME-2004,1,17.96,10.14,CUST-00111,Returning,Central,Online
TXN-001457,2025-11-12,NORTH-02,Electronics,ELEC-1003,10,5125.8,14.43,CUST-01521,Returning,North,In-store
TXN-002085,2025-11-12,NORTH-03,Electronics,ELEC-1004,3,108.1,9.9,CUST-00333,Returning,North,In-store
TXN-003015,2025-11-12,CENTRAL-03,Sports,SPRT-5001,2,91.37,8.61,CUST-00528,Returning,Central,In-store
TXN-003257,2025-11-12,CENTRAL-01,Home & Kitchen,HOME-2002,4,315.37,0.2,CUST-01697,Returning,Central,In-store
TXN-004915,2025-11-12,WEST-03,Electronics,ELEC-1003,3,1599.68,10.98,CUST-00987,Returning,West,In-store
TXN-005639,2025-11-12,EAST-03,Electronics,ELEC-1003,2,1193.96,0.34,CUST-00543,Returning,East,In-store
TXN-000103,2025-11-13,SOUTH-02,Electronics,ELEC-1003,2,1017.17,15.09,CUST-01336,Returning,South,Online
TXN-000470,2025-11-13,NORTH-03,Sports,SPRT-5002,10,832.16,7.53,CUST-00515,Returning,North,Online
TXN-000523,2025-11-13,WEST-01,Home & Kitchen,HOME-2003,3,383.61,1.26,CUST-01201,Returning,West,Online
TXN-001954,2025-11-13,NORTH-02,Apparel,APP-3004,5,67.81,6.46,CUST-01594,Returning,North,Online
TXN-003652,2025-11-13,WEST-02,Sports,SPRT-5002,4,323.2,10.21,CUST-01741,Returning,West,Online
TXN-004604,2025-11-13,CENTRAL-01,Sports,SPRT-5003,1,119.0,0.0,CUST-00027,Returning,Central,In-store
TXN-004732,2025-11-13,CENTRAL-02,Home & Kitchen,HOME-2001,1,29.35,16.12,CUST-01635,Returning,Central,Online
TXN-004914,2025-11-13,CENTRAL-01,Home & Kitchen,HOME-2001,4,134.39,3.98,CUST-00284,Returning,Central,In-store
TXN-004959,2025-11-13,EAST-01,Electronics,ELEC-1001,2,427.24,14.55,CUST-01046,Returning,East,In-store
TXN-005201,2025-11-13,NORTH-02,Electronics,ELEC-1002,1,89.5,0.0,CUST-01558,Returning,North,In-store
TXN-005340,2025-11-13,EAST-03,Electronics,ELEC-1001,1,210.94,15.62,CUST-01284,Returning,East,In-store
TXN-000361,2025-11-14,WEST-02,Apparel,APP-3002,2,60.98,23.76,CUST-00995,Returning,West,Online
TXN-000711,2025-11-14,EAST-01,Home & Kitchen,HOME-2002,2,149.63,5.3,CUST-01347,Returning,East,In-store
TXN-002020,2025-11-14,EAST-03,Electronics,ELEC-1003,2,901.11,24.78,CUST-01752,Returning,East,In-store
TXN-002225,2025-11-14,EAST-03,Home & Kitchen,HOME-2003,1,103.58,20.02,CUST-01294,Returning,East,In-store
TXN-003092,2025-11-14,EAST-02,Apparel,APP-3004,2,26.37,9.07,CUST-00694,Returning,East,Online
TXN-004471,2025-11-14,NORTH-01,Apparel,APP-3001,1,24.99,0.0,CUST-00982,Returning,North,In-store
TXN-001573,2025-11-15,WEST-01,Sports,SPRT-5004,3,88.5,0.0,CUST-00636,Returning,West,Online
TXN-002351,2025-11-15,CENTRAL-02,Home & Kitchen,HOME-2001,2,63.71,8.97,CUST-00144,Returning,Central,In-store
TXN-003115,2025-11-15,WEST-03,Electronics,ELEC-1002,5,441.04,1.44,CUST-00392,Returning,West,In-store
TXN-004775,2025-11-15,EAST-01,Electronics,ELEC-1001,2,498.82,0.23,CUST-01473,Returning,East,Online
TXN-004860,2025-11-15,WEST-02,Beauty,BEAU-4002,6,122.63,9.16,CUST-00059,Returning,West,In-store
TXN-005061,2025-11-15,SOUTH-02,Home & Kitchen,HOME-2004,2,27.79,30.49,CUST-01576,New,South,Online
TXN-000390,2025-11-16,EAST-02,Home & Kitchen,HOME-2004,2,36.44,8.84,CUST-01369,Returning,East,Online
TXN-000845,2025-11-16,EAST-01,Apparel,APP-3001,1,24.75,0.95,CUST-01284,Returning,East,In-store
TXN-000906,2025-11-16,SOUTH-01,Beauty,BEAU-4003,4,108.26,22.67,CUST-00883,Returning,South,Online
TXN-002614,2025-11-16,EAST-03,Home & Kitchen,HOME-2003,3,388.5,0.0,CUST-00546,Returning,East,In-store
TXN-002661,2025-11-16,WEST-03,Electronics,ELEC-1002,2,142.15,20.59,CUST-00437,Returning,West,In-store
TXN-003021,2025-11-16,CENTRAL-02,Sports,SPRT-5003,4,476.0,0.0,CUST-00966,Returning,Central,In-store
TXN-004529,2025-11-16,CENTRAL-03,Home & Kitchen,HOME-2003,3,388.5,0.0,CUST-00085,Returning,Central,Online
TXN-004980,2025-11-16,NORTH-03,Home & Kitchen,HOME-2001,4,123.97,11.42,CUST-00117,Returning,North,Online
TXN-001693,2025-11-17,SOUTH-01,Electronics,ELEC-1002,3,223.94,16.6,CUST-00628,Returning,South,In-store
TXN-002030,2025-11-17,SOUTH-02,Home & Kitchen,HOME-2001,3,100.17,4.57,CUST-01036,Returning,South,In-store
TXN-002589,2025-11-17,WEST-01,Sports,SPRT-5001,4,183.4,8.28,CUST-01136,Returning,West,Online
TXN-003917,2025-11-17,SOUTH-03,Home & Kitchen,HOME-2004,4,67.85,15.14,CUST-01485,Returning,South,In-store
TXN-005379,2025-11-17,EAST-01,Apparel,APP-3002,10,355.28,11.16,CUST-00479,New,East,In-store
TXN-000834,2025-11-18,EAST-01,Home & Kitchen,HOME-2002,1,79.0,0.0,CUST-01052,Returning,East,Online
TXN-000973,2025-11-18,EAST-02,Beauty,BEAU-4001,5,64.35,0.93,CUST-01593,Returning,East,In-store
TXN-001499,2025-11-18,CENTRAL-01,Home & Kitchen,HOME-2003,1,117.52,9.25,CUST-01207,Returning,Central,Online
TXN-002817,2025-11-18,SOUTH-03,Sports,SPRT-5004,5,141.0,4.41,CUST-00657,Returning,South,In-store
TXN-003383,2025-11-18,SOUTH-02,Apparel,APP-3002,5,187.59,6.18,CUST-01468,Returning,South,In-store
TXN-004676,2025-11-18,CENTRAL-01,Home & Kitchen,HOME-2004,1,19.17,4.09,CUST-00041,Returning,Central,Online
TXN-005171,2025-11-18,NORTH-02,Electronics,ELEC-1003,3,1509.82,15.98,CUST-01047,Returning,North,In-store
TXN-000679,2025-11-19,CENTRAL-02,Home & Kitchen,HOME-2004,1,19.19,4.02,CUST-01650,Returning,Central,Online
TXN-000751,2025-11-19,WEST-01,Home & Kitchen,HOME-2004,6,119.94,0.0,CUST-01642,Returning,West,In-store
TXN-001114,2025-11-19,WEST-01,Home & Kitchen,HOME-2003,2,242.86,6.23,CUST-00855,Returning,West,Online
TXN-001189,2025-11-19,WEST-01,Apparel,APP-3004,6,83.57,3.94,CUST-01268,Returning,West,In-store
TXN-002515,2025-11-19,SOUTH-01,Electronics,ELEC-1004,6,200.33,16.51,CUST-00246,Returning,South,Online
TXN-003080,2025-11-19,WEST-02,Home & Kitchen,HOME-2001,6,186.52,11.16,CUST-00601,Returning,West,In-store
TXN-005478,2025-11-19,NORTH-03,Apparel,APP-3001,1,24.06,3.7,CUST-00505,Returning,North,Online
TXN-000674,2025-11-20,EAST-01,Sports,SPRT-5003,1,101.0,15.13,CUST-00602,Returning,East,In-store
TXN-002785,2025-11-20,EAST-01,Beauty,BEAU-4003,1,31.27,10.65,CUST-01342,Returning,East,Online
TXN-003067,2025-11-20,WEST-03,Electronics,ELEC-1004,2,79.93,0.06,CUST-00836,Returning,West,In-store
TXN-003678,2025-11-20,NORTH-03,Apparel,APP-3002,1,33.72,15.68,CUST-00951,Returning,North,In-store
TXN-003742,2025-11-20,EAST-01,Apparel,APP-3002,1,39.99,0.0,CUST-00812,Returning,East,In-store
TXN-003770,2025-11-20,CENTRAL-03,Sports,SPRT-5001,2,81.84,18.15,CUST-01587,Returning,Central,In-store
TXN-004870,2025-11-20,NORTH-02,Electronics,ELEC-1001,3,642.65,14.31,CUST-01717,Returning,North,In-store
TXN-005026,2025-11-20,EAST-01,Electronics,ELEC-1001,2,460.91,7.81,CUST-00442,Returning,East,In-store
TXN-000203,2025-11-21,WEST-01,Beauty,BEAU-4002,10,213.91,4.93,CUST-00150,Returning,West,Online
TXN-000700,2025-11-21,EAST-02,Electronics,ELEC-1004,1,33.28,16.77,CUST-01737,Returning,East,In-store
TXN-001014,2025-11-21,CENTRAL-02,Apparel,APP-3001,1,23.58,5.63,CUST-00724,Returning,Central,In-store
TXN-003023,2025-11-21,EAST-03,Apparel,APP-3003,2,92.91,21.26,CUST-01750,Returning,East,In-store
TXN-003127,2025-11-21,EAST-02,Home & Kitchen,HOME-2001,3,99.55,5.16,CUST-00998,Returning,East,In-store
TXN-003362,2025-11-21,EAST-03,Home & Kitchen,HOME-2001,2,69.98,0.0,CUST-01669,Returning,East,In-store
TXN-000120,2025-11-22,WEST-03,Beauty,BEAU-4002,1,19.87,11.68,CUST-01038,New,West,In-store
TXN-003992,2025-11-22,WEST-02,Sports,SPRT-5002,2,179.98,0.0,CUST-01036,Returning,West,In-store
TXN-004357,2025-11-22,CENTRAL-02,Electronics,ELEC-1001,3,749.97,0.0,CUST-00200,Returning,Central,In-store
TXN-004476,2025-11-22,SOUTH-01,Apparel,APP-3004,1,14.34,1.13,CUST-01200,Returning,South,In-store
TXN-005405,2025-11-22,CENTRAL-03,Apparel,APP-3004,1,13.91,4.05,CUST-00316,Returning,Central,Online
TXN-005691,2025-11-22,NORTH-02,Apparel,APP-3001,10,235.64,5.7,CUST-00042,Returning,North,In-store
TXN-000136,2025-11-23,EAST-02,Electronics,ELEC-1001,3,649.45,13.4,CUST-00838,Returning,East,In-store
TXN-000455,2025-11-23,WEST-01,Electronics,ELEC-1001,2,448.86,10.22,CUST-00644,Returning,West,Online
TXN-000482,2025-11-23,CENTRAL-02,Home & Kitchen,HOME-2001,2,60.52,13.51,CUST-00319,Returning,Central,Online
TXN-002649,2025-11-23,EAST-02,Sports,SPRT-5002,1,89.99,0.0,CUST-00921,Returning,East,Online
TXN-003826,2025-11-23,CENTRAL-03,Home & Kitchen,HOME-2003,5,607.62,6.16,CUST-00368,Returning,Central,In-store
TXN-003839,2025-11-23,CENTRAL-03,Sports,SPRT-5002,3,214.7,20.47,CUST-01509,Returning,Central,In-store
TXN-004210,2025-11-23,NORTH-01,Electronics,ELEC-1003,4,2396.0,0.0,CUST-00189,Returning,North,In-store
TXN-004430,2025-11-23,CENTRAL-02,Electronics,ELEC-1001,1,237.79,4.88,CUST-00359,Returning,Central,Online
TXN-005348,2025-11-23,CENTRAL-03,Sports,SPRT-5002,3,223.52,17.21,CUST-01601,Returning,Central,In-store
TXN-000208,2025-11-24,WEST-02,Home & Kitchen,HOME-2002,1,68.43,13.38,CUST-00675,Returning,West,In-store
TXN-000869,2025-11-24,WEST-02,Electronics,ELEC-1002,3,237.01,11.73,CUST-01171,Returning,West,In-store
TXN-001742,2025-11-24,CENTRAL-03,Sports,SPRT-5001,1,44.24,11.51,CUST-00189,Returning,Central,In-store
TXN-001803,2025-11-24,EAST-02,Electronics,ELEC-1004,5,199.62,0.17,CUST-01333,Returning,East,Online
TXN-002089,2025-11-24,EAST-02,Beauty,BEAU-4003,2,61.16,12.63,CUST-00115,Returning,East,In-store
TXN-002500,2025-11-24,WEST-03,Electronics,ELEC-1001,1,249.99,0.0,CUST-00110,New,West,Online
TXN-003479,2025-11-24,CENTRAL-02,Beauty,BEAU-4002,8,179.46,0.3,CUST-01687,New,Central,In-store
TXN-003870,2025-11-24,SOUTH-02,Beauty,BEAU-4002,1,21.3,5.32,CUST-00939,Returning,South,Online
TXN-004178,2025-11-24,SOUTH-01,Home & Kitchen,HOME-2004,2,32.25,19.33,CUST-01163,Returning,South,Online
TXN-004877,2025-11-24,SOUTH-01,Apparel,APP-3001,2,47.49,4.99,CUST-00729,Returning,South,Online
TXN-005529,2025-11-24,WEST-02,Electronics,ELEC-1004,1,33.8,15.48,CUST-01796,Returning,West,In-store
TXN-005977,2025-11-24,SOUTH-03,Electronics,ELEC-1001,1,226.41,9.43,CUST-01337,Returning,South,In-store
TXN-000791,2025-11-25,WEST-01,Electronics,ELEC-1001,2,499.98,0.0,CUST-00463,Returning,West,Online
TXN-000822,2025-11-25,EAST-02,Sports,SPRT-5001,4,188.19,5.89,CUST-01392,Returning,East,In-store
TXN-001498,2025-11-25,NORTH-02,Beauty,BEAU-4003,2,70.0,0.0,CUST-00076,Returning,North,In-store
TXN-001722,2025-11-25,WEST-01,Apparel,APP-3003,4,224.16,5.02,CUST-00117,Returning,West,Online
TXN-002043,2025-11-25,NORTH-02,Beauty,BEAU-4003,1,32.65,6.72,CUST-00024,Returning,North,In-store
TXN-002279,2025-11-25,CENTRAL-03,Electronics,ELEC-1004,1,33.98,15.03,CUST-00667,Returning,Central,Online
TXN-002554,2025-11-25,NORTH-01,Beauty,BEAU-4002,3,67.5,0.0,CUST-00319,Returning,North,Online
TXN-003357,2025-11-25,NORTH-01,Electronics,ELEC-1001,5,1140.52,8.75,CUST-00907,Returning,North,Online
TXN-005377,2025-11-25,NORTH-03,Sports,SPRT-5002,2,179.98,0.0,CUST-01340,Returning,North,In-store
TXN-000189,2025-11-26,NORTH-01,Home & Kitchen,HOME-2002,4,219.01,30.69,CUST-00503,Returning,North,Online
TXN-005463,2025-11-26,SOUTH-02,Sports,SPRT-5001,1,37.35,25.29,CUST-00865,Returning,South,In-store
TXN-005514,2025-11-26,NORTH-01,Home & Kitchen,HOME-2001,2,66.73,4.64,CUST-01036,Returning,North,In-store
TXN-001393,2025-11-27,EAST-02,Home & Kitchen,HOME-2003,2,193.15,25.42,CUST-00829,Returning,East,In-store
TXN-003123,2025-11-27,EAST-01,Apparel,APP-3004,3,43.5,0.0,CUST-01547,Returning,East,In-store
TXN-005878,2025-11-27,CENTRAL-02,Home & Kitchen,HOME-2001,1,31.77,9.21,CUST-00776,Returning,Central,Online
TXN-000419,2025-11-28,CENTRAL-03,Home & Kitchen,HOME-2003,3,371.28,4.43,CUST-01180,Returning,Central,Online
TXN-000923,2025-11-28,WEST-01,Apparel,APP-3004,1,14.5,0.0,CUST-00994,Returning,West,In-store
TXN-001797,2025-11-28,EAST-03,Apparel,APP-3001,3,74.97,0.0,CUST-00713,Returning,East,In-store
TXN-002101,2025-11-28,SOUTH-02,Home & Kitchen,HOME-2004,3,59.2,1.28,CUST-01137,Returning,South,Online
TXN-002149,2025-11-28,SOUTH-02,Home & Kitchen,HOME-2004,3,53.49,10.81,CUST-00003,Returning,South,In-store
TXN-003143,2025-11-28,WEST-03,Sports,SPRT-5002,5,445.47,1.0,CUST-00047,Returning,West,Online
TXN-003290,2025-11-28,CENTRAL-01,Apparel,APP-3002,2,76.55,4.29,CUST-01494,Returning,Central,In-store
TXN-004001,2025-11-28,CENTRAL-03,Apparel,APP-3003,5,279.74,5.17,CUST-00130,Returning,Central,In-store
TXN-004259,2025-11-28,EAST-03,Beauty,BEAU-4002,1,19.96,11.29,CUST-00730,Returning,East,In-store
TXN-004387,2025-11-28,SOUTH-02,Beauty,BEAU-4002,3,65.05,3.64,CUST-00071,Returning,South,Online
TXN-004437,2025-11-28,SOUTH-01,Apparel,APP-3004,1,12.23,15.63,CUST-00157,Returning,South,Online
TXN-004857,2025-11-28,CENTRAL-03,Beauty,BEAU-4002,4,77.35,14.06,CUST-01579,Returning,Central,In-store
TXN-004979,2025-11-28,CENTRAL-02,Apparel,APP-3001,1,23.93,4.24,CUST-00438,Returning,Central,In-store
TXN-005472,2025-11-28,CENTRAL-02,Electronics,ELEC-1003,2,1022.72,14.63,CUST-01491,Returning,Central,In-store
TXN-000319,2025-11-29,WEST-02,Sports,SPRT-5002,1,88.45,1.71,CUST-00491,Returning,West,In-store
TXN-000437,2025-11-29,WEST-01,Apparel,APP-3004,5,65.81,9.22,CUST-01418,Returning,West,In-store
TXN-000788,2025-11-29,SOUTH-02,Apparel,APP-3004,2,29.0,0.0,CUST-00911,Returning,South,In-store
TXN-001121,2025-11-29,NORTH-02,Apparel,APP-3004,8,107.79,7.08,CUST-01056,Returning,North,Online
TXN-001339,2025-11-29,SOUTH-02,Home & Kitchen,HOME-2003,6,759.02,2.31,CUST-00180,New,South,Online
TXN-002108,2025-11-29,NORTH-01,Electronics,ELEC-1001,2,400.06,19.98,CUST-00758,Returning,North,In-store
TXN-002492,2025-11-29,WEST-02,Electronics,ELEC-1004,4,147.84,7.58,CUST-01087,Returning,West,In-store
TXN-002670,2025-11-29,NORTH-02,Electronics,ELEC-1001,5,1128.91,9.68,CUST-01103,Returning,North,Online
TXN-003364,2025-11-29,EAST-01,Beauty,BEAU-4001,1,11.85,8.75,CUST-00490,Returning,East,Online
TXN-003721,2025-11-29,SOUTH-02,Home & Kitchen,HOME-2001,1,27.76,20.66,CUST-00495,Returning,South,In-store
TXN-005592,2025-11-29,EAST-02,Electronics,ELEC-1004,10,298.56,25.34,CUST-01003,Returning,East,In-store
TXN-005779,2025-11-29,SOUTH-01,Electronics,ELEC-1003,1,543.27,9.3,CUST-00704,Returning,South,Online
TXN-005922,2025-11-29,SOUTH-01,Beauty,BEAU-4003,1,31.56,9.82,CUST-01333,Returning,South,Online
TXN-000082,2025-11-30,CENTRAL-01,Home & Kitchen,HOME-2001,5,163.29,6.67,CUST-00139,Returning,Central,In-store
TXN-003175,2025-11-30,CENTRAL-03,Apparel,APP-3004,1,14.26,1.68,CUST-00644,Returning,Central,In-store
TXN-000394,2025-12-01,WEST-01,Apparel,APP-3001,4,94.8,5.17,CUST-00041,Returning,West,In-store
TXN-000415,2025-12-01,EAST-03,Electronics,ELEC-1004,4,148.95,6.89,CUST-00939,Returning,East,In-store
TXN-001372,2025-12-01,NORTH-03,Beauty,BEAU-4003,5,173.71,0.74,CUST-00672,New,North,In-store
TXN-002239,2025-12-01,SOUTH-03,Beauty,BEAU-4001,6,62.22,20.17,CUST-00450,Returning,South,In-store
TXN-002436,2025-12-01,EAST-03,Home & Kitchen,HOME-2004,2,34.71,13.19,CUST-01360,Returning,East,In-store
TXN-002483,2025-12-01,SOUTH-01,Beauty,BEAU-4004,3,20.3,24.74,CUST-01128,Returning,South,In-store
TXN-003161,2025-12-01,WEST-01,Home & Kitchen,HOME-2001,2,55.19,21.13,CUST-01705,Returning,West,Online
TXN-003789,2025-12-01,SOUTH-01,Apparel,APP-3003,5,281.46,4.59,CUST-00845,Returning,South,In-store
TXN-004811,2025-12-01,NORTH-02,Sports,SPRT-5004,4,118.0,0.0,CUST-01026,Returning,North,In-store
TXN-005955,2025-12-01,EAST-01,Beauty,BEAU-4004,3,26.74,0.86,CUST-00353,Returning,East,In-store
TXN-001654,2025-12-02,WEST-01,Home & Kitchen,HOME-2001,3,104.76,0.2,CUST-00786,Returning,West,Online
TXN-001802,2025-12-02,EAST-02,Home & Kitchen,HOME-2003,6,667.27,14.12,CUST-01257,Returning,East,In-store
TXN-002275,2025-12-02,SOUTH-02,Electronics,ELEC-1001,3,690.42,7.94,CUST-01564,Returning,South,Online
TXN-004076,2025-12-02,EAST-03,Apparel,APP-3002,1,39.5,1.22,CUST-01088,Returning,East,Online
TXN-004725,2025-12-02,EAST-02,Beauty,BEAU-4001,3,36.57,6.15,CUST-01670,Returning,East,In-store
TXN-004734,2025-12-02,WEST-03,Home & Kitchen,HOME-2003,1,121.04,6.53,CUST-00002,Returning,West,Online
TXN-005159,2025-12-02,WEST-03,Electronics,ELEC-1004,6,164.36,31.5,CUST-00290,Returning,West,In-store
TXN-005995,2025-12-02,NORTH-02,Apparel,APP-3004,3,41.28,5.09,CUST-00884,Returning,North,In-store
TXN-001477,2025-12-03,SOUTH-01,Beauty,BEAU-4004,4,35.96,0.0,CUST-01675,Returning,South,In-store
TXN-002373,2025-12-03,EAST-03,Home & Kitchen,HOME-2004,1,16.87,15.63,CUST-01199,Returning,East,Online
TXN-002473,2025-12-03,CENTRAL-01,Electronics,ELEC-1004,1,39.99,0.0,CUST-01622,Returning,Central,In-store
TXN-002754,2025-12-03,SOUTH-02,Home & Kitchen,HOME-2003,4,470.95,9.08,CUST-00492,Returning,South,Online
TXN-003868,2025-12-03,CENTRAL-03,Home & Kitchen,HOME-2003,2,237.04,8.48,CUST-00418,Returning,Central,In-store
TXN-005088,2025-12-03,CENTRAL-03,Electronics,ELEC-1001,2,425.97,14.8,CUST-00727,Returning,Central,In-store
TXN-000003,2025-12-04,WEST-03,Beauty,BEAU-4002,3,63.76,5.54,CUST-01005,Returning,West,Online
TXN-000174,2025-12-04,EAST-03,Apparel,APP-3001,5,124.95,0.0,CUST-00737,Returning,East,Online
TXN-000512,2025-12-04,NORTH-01,Electronics,ELEC-1003,2,1198.0,0.0,CUST-00843,Returning,North,In-store
TXN-000736,2025-12-04,SOUTH-03,Home & Kitchen,HOME-2003,3,361.35,6.99,CUST-00185,Returning,South,In-store
TXN-001206,2025-12-04,SOUTH-02,Apparel,APP-3004,2,28.08,3.17,CUST-01780,Returning,South,Online
TXN-003223,2025-12-04,SOUTH-01,Apparel,APP-3001,4,90.86,9.1,CUST-00949,Returning,South,In-store
TXN-004196,2025-12-04,CENTRAL-01,Electronics,ELEC-1002,2,176.39,1.46,CUST-01225,Returning,Central,In-store
TXN-000983,2025-12-05,SOUTH-03,Beauty,BEAU-4002,5,112.3,0.18,CUST-01699,Returning,South,Online
TXN-002428,2025-12-06,CENTRAL-03,Electronics,ELEC-1003,6,3594.0,0.0,CUST-00001,Returning,Central,In-store
TXN-002669,2025-12-06,EAST-02,Electronics,ELEC-1001,6,1203.06,19.79,CUST-00215,Returning,East,In-store
TXN-002836,2025-12-06,SOUTH-03,Home & Kitchen,HOME-2001,2,69.98,0.0,CUST-00964,Returning,South,In-store
TXN-002933,2025-12-06,WEST-01,Sports,SPRT-5002,6,539.94,0.0,CUST-00646,Returning,West,In-store
TXN-003490,2025-12-06,SOUTH-03,Sports,SPRT-5002,5,371.63,17.41,CUST-01414,Returning,South,In-store
TXN-003511,2025-12-06,EAST-03,Sports,SPRT-5001,1,49.36,1.25,CUST-01041,Returning,East,Online
TXN-003514,2025-12-06,CENTRAL-02,Electronics,ELEC-1002,3,227.75,15.18,CUST-01536,Returning,Central,In-store
TXN-003734,2025-12-06,NORTH-02,Electronics,ELEC-1001,3,674.6,10.05,CUST-01312,Returning,North,In-store
TXN-004012,2025-12-06,NORTH-01,Electronics,ELEC-1003,10,4215.12,29.63,CUST-00970,Returning,North,In-store
TXN-004351,2025-12-06,EAST-01,Home & Kitchen,HOME-2004,2,39.98,0.0,CUST-00398,Returning,East,In-store
TXN-004780,2025-12-06,NORTH-01,Electronics,ELEC-1001,2,471.68,5.66,CUST-00246,Returning,North,Online
TXN-005945,2025-12-06,WEST-01,Apparel,APP-3002,2,72.71,9.09,CUST-01327,New,West,In-store
TXN-001835,2025-12-07,CENTRAL-03,Beauty,BEAU-4004,1,8.05,10.43,CUST-01479,New,Central,In-store
TXN-003188,2025-12-07,CENTRAL-01,Electronics,ELEC-1004,3,114.31,4.72,CUST-00860,Returning,Central,Online
TXN-003774,2025-12-07,CENTRAL-03,Home & Kitchen,HOME-2003,2,221.96,14.3,CUST-01782,Returning,Central,Online
TXN-005717,2025-12-07,SOUTH-02,Beauty,BEAU-4002,3,65.88,2.41,CUST-00988,Returning,South,In-store
TXN-000277,2025-12-08,WEST-02,Home & Kitchen,HOME-2003,5,544.49,15.91,CUST-01771,Returning,West,Online
TXN-001316,2025-12-08,WEST-02,Electronics,ELEC-1004,2,79.98,0.0,CUST-00051,Returning,West,In-store
TXN-003008,2025-12-08,SOUTH-02,Apparel,APP-3002,1,39.99,0.0,CUST-00688,Returning,South,Online
TXN-003266,2025-12-08,NORTH-02,Beauty,BEAU-4002,4,61.81,31.32,CUST-00738,Returning,North,In-store
TXN-004924,2025-12-08,SOUTH-01,Electronics,ELEC-1003,2,971.47,18.91,CUST-01098,Returning,South,Online
TXN-000491,2025-12-09,EAST-02,Apparel,APP-3001,10,249.9,0.0,CUST-01131,Returning,East,In-store
TXN-001406,2025-12-09,WEST-03,Beauty,BEAU-4001,2,25.98,0.0,CUST-01016,Returning,West,In-store
TXN-002064,2025-12-09,NORTH-03,Electronics,ELEC-1001,3,718.87,4.15,CUST-01551,Returning,North,Online
TXN-004117,2025-12-09,CENTRAL-02,Beauty,BEAU-4001,1,10.33,20.48,CUST-01281,Returning,Central,In-store
TXN-004511,2025-12-09,SOUTH-02,Apparel,APP-3002,1,39.89,0.24,CUST-00877,Returning,South,Online
TXN-001854,2025-12-10,CENTRAL-02,Home & Kitchen,HOME-2004,1,16.01,19.92,CUST-00999,Returning,Central,In-store
TXN-003637,2025-12-10,NORTH-02,Electronics,ELEC-1003,1,591.37,1.27,CUST-00674,Returning,North,In-store
TXN-004235,2025-12-10,CENTRAL-03,Apparel,APP-3003,6,351.49,0.71,CUST-01777,Returning,Central,In-store
TXN-005219,2025-12-10,EAST-03,Home & Kitchen,HOME-2004,2,33.22,16.91,CUST-00719,Returning,East,In-store
TXN-000010,2025-12-11,NORTH-03,Electronics,ELEC-1003,4,2176.43,9.16,CUST-00278,Returning,North,In-store
TXN-001228,2025-12-11,CENTRAL-01,Electronics,ELEC-1003,1,579.96,3.18,CUST-01498,Returning,Central,Online
TXN-001408,2025-12-11,NORTH-01,Home & Kitchen,HOME-2002,2,157.67,0.21,CUST-01792,Returning,North,Online
TXN-002459,2025-12-11,SOUTH-01,Beauty,BEAU-4001,10,129.7,0.15,CUST-00598,Returning,South,Online
TXN-002895,2025-12-11,EAST-02,Beauty,BEAU-4001,1,12.99,0.0,CUST-01476,Returning,East,In-store
TXN-002951,2025-12-11,WEST-01,Apparel,APP-3002,2,77.84,2.68,CUST-01192,New,West,In-store
TXN-005655,2025-12-11,NORTH-03,Electronics,ELEC-1003,2,956.59,20.15,CUST-00895,Returning,North,Online
TXN-005978,2025-12-11,EAST-01,Home & Kitchen,HOME-2002,1,77.97,1.3,CUST-00209,Returning,East,Online
TXN-000790,2025-12-12,CENTRAL-02,Electronics,ELEC-1002,1,87.79,1.91,CUST-00590,Returning,Central,In-store
TXN-001549,2025-12-12,SOUTH-03,Beauty,BEAU-4001,1,11.79,9.28,CUST-00668,Returning,South,In-store
TXN-003492,2025-12-12,WEST-01,Apparel,APP-3001,1,22.89,8.39,CUST-00444,Returning,West,In-store
TXN-003713,2025-12-12,NORTH-01,Beauty,BEAU-4004,1,7.15,20.5,CUST-00676,Returning,North,In-store
TXN-004481,2025-12-12,WEST-01,Apparel,APP-3004,1,12.14,16.27,CUST-00903,Returning,West,Online
TXN-005319,2025-12-12,NORTH-01,Sports,SPRT-5003,2,238.0,0.0,CUST-00944,Returning,North,In-store
TXN-005390,2025-12-12,EAST-01,Electronics,ELEC-1002,4,358.0,0.0,CUST-00869,Returning,East,Online
TXN-000176,2025-12-13,SOUTH-03,Apparel,APP-3004,2,28.63,1.28,CUST-00290,Returning,South,In-store
TXN-000555,2025-12-13,CENTRAL-03,Electronics,ELEC-1004,1,39.87,0.3,CUST-01322,Returning,Central,In-store
TXN-001626,2025-12-13,CENTRAL-01,Sports,SPRT-5002,2,163.5,9.16,CUST-01253,Returning,Central,Online
TXN-002915,2025-12-13,NORTH-01,Home & Kitchen,HOME-2003,2,255.25,1.45,CUST-00552,Returning,North,In-store
TXN-004790,2025-12-13,CENTRAL-02,Home & Kitchen,HOME-2003,2,234.86,9.32,CUST-00770,Returning,Central,Online
TXN-004997,2025-12-13,SOUTH-01,Home & Kitchen,HOME-2001,2,69.86,0.17,CUST-01601,Returning,South,In-store
TXN-005188,2025-12-13,SOUTH-01,Apparel,APP-3004,4,56.8,2.06,CUST-00110,Returning,South,Online
TXN-005447,2025-12-13,CENTRAL-01,Apparel,APP-3003,1,58.72,0.48,CUST-00176,Returning,Central,In-store
TXN-000196,2025-12-14,NORTH-01,Apparel,APP-3001,1,24.99,0.0,CUST-01228,Returning,North,In-store
TXN-000675,2025-12-14,SOUTH-02,Home & Kitchen,HOME-2001,2,63.28,9.57,CUST-00221,Returning,South,Online
TXN-001196,2025-12-14,WEST-03,Sports,SPRT-5002,1,72.62,19.3,CUST-01590,Returning,West,Online
TXN-002616,2025-12-14,CENTRAL-03,Electronics,ELEC-1001,1,224.97,10.01,CUST-01163,Returning,Central,Online
TXN-003745,2025-12-14,NORTH-02,Electronics,ELEC-1001,3,677.39,9.68,CUST-01679,Returning,North,Online
TXN-005465,2025-12-14,WEST-01,Apparel,APP-3002,1,33.98,15.03,CUST-01405,Returning,West,Online
TXN-000624,2025-12-15,EAST-02,Beauty,BEAU-4002,1,22.26,1.06,CUST-00004,Returning,East,In-store
TXN-001639,2025-12-15,SOUTH-01,Apparel,APP-3004,1,12.78,11.88,CUST-00036,Returning,South,In-store
TXN-002188,2025-12-15,CENTRAL-02,Apparel,APP-3001,2,45.6,8.77,CUST-00114,New,Central,In-store
TXN-003373,2025-12-15,CENTRAL-01,Sports,SPRT-5004,3,86.56,2.19,CUST-00845,Returning,Central,In-store
TXN-005703,2025-12-15,NORTH-03,Sports,SPRT-5004,3,80.74,8.76,CUST-01652,Returning,North,Online
TXN-000280,2025-12-16,SOUTH-03,Beauty,BEAU-4004,1,8.13,9.57,CUST-01246,Returning,South,In-store
TXN-000648,2025-12-16,CENTRAL-03,Sports,SPRT-5001,4,199.96,0.0,CUST-01752,Returning,Central,In-store
TXN-000728,2025-12-16,EAST-03,Sports,SPRT-5002,2,179.98,0.0,CUST-01538,Returning,East,In-store
TXN-001808,2025-12-16,WEST-02,Apparel,APP-3001,1,19.73,21.05,CUST-00779,Returning,West,Online
TXN-004413,2025-12-16,WEST-02,Beauty,BEAU-4004,4,35.96,0.0,CUST-00571,Returning,West,In-store
TXN-005300,2025-12-16,CENTRAL-01,Home & Kitchen,HOME-2001,6,207.98,0.94,CUST-01560,Returning,Central,In-store
TXN-001493,2025-12-17,NORTH-02,Apparel,APP-3002,2,79.98,0.0,CUST-01281,Returning,North,Online
TXN-002519,2025-12-17,CENTRAL-01,Electronics,ELEC-1001,4,882.76,11.72,CUST-01744,Returning,Central,In-store
TXN-003857,2025-12-17,EAST-02,Sports,SPRT-5003,4,476.0,0.0,CUST-00107,Returning,East,In-store
TXN-003905,2025-12-17,NORTH-02,Home & Kitchen,HOME-2003,4,460.51,11.1,CUST-01071,Returning,North,Online
TXN-005112,2025-12-17,NORTH-02,Electronics,ELEC-1004,3,119.57,0.34,CUST-00934,Returning,North,In-store
TXN-005911,2025-12-17,CENTRAL-01,Apparel,APP-3004,4,58.0,0.0,CUST-01244,Returning,Central,In-store
TXN-000162,2025-12-18,EAST-01,Electronics,ELEC-1003,2,1190.26,0.65,CUST-01434,Returning,East,Online
TXN-000322,2025-12-18,SOUTH-03,Apparel,APP-3002,3,118.4,1.31,CUST-01651,Returning,South,In-store
TXN-000588,2025-12-18,EAST-01,Electronics,ELEC-1003,4,2396.0,0.0,CUST-00377,Returning,East,In-store
TXN-001371,2025-12-18,SOUTH-02,Sports,SPRT-5004,2,45.68,22.58,CUST-01508,Returning,South,In-store
TXN-002750,2025-12-18,WEST-01,Electronics,ELEC-1004,3,101.65,15.27,CUST-00151,Returning,West,In-store
TXN-002959,2025-12-18,NORTH-03,Home & Kitchen,HOME-2003,1,103.34,20.2,CUST-00535,Returning,North,In-store
TXN-004461,2025-12-18,NORTH-03,Beauty,BEAU-4003,3,83.96,20.04,CUST-00492,Returning,North,Online
TXN-004534,2025-12-18,CENTRAL-02,Electronics,ELEC-1002,3,239.82,10.68,CUST-00278,Returning,Central,In-store
TXN-004946,2025-12-18,SOUTH-03,Beauty,BEAU-4001,3,33.23,14.72,CUST-00668,Returning,South,In-store
TXN-005107,2025-12-18,NORTH-02,Apparel,APP-3001,3,74.97,0.0,CUST-01183,Returning,North,Online
TXN-005879,2025-12-18,EAST-01,Beauty,BEAU-4002,1,22.18,1.44,CUST-01282,Returning,East,In-store
TXN-005972,2025-12-18,WEST-03,Apparel,APP-3003,3,161.11,8.98,CUST-00121,Returning,West,In-store
TXN-000529,2025-12-19,SOUTH-01,Sports,SPRT-5003,1,106.38,10.61,CUST-00212,Returning,South,In-store
TXN-000615,2025-12-19,EAST-01,Apparel,APP-3002,1,35.68,10.79,CUST-01274,Returning,East,Online
TXN-000622,2025-12-19,NORTH-02,Sports,SPRT-5003,1,114.05,4.16,CUST-00335,Returning,North,In-store
TXN-001415,2025-12-19,WEST-01,Beauty,BEAU-4003,5,164.25,6.14,CUST-01584,Returning,West,In-store
TXN-002460,2025-12-19,CENTRAL-01,Beauty,BEAU-4001,6,73.37,5.87,CUST-00532,Returning,Central,In-store
TXN-002489,2025-12-19,WEST-03,Sports,SPRT-5003,2,192.49,19.12,CUST-01625,Returning,West,Online
TXN-003661,2025-12-19,CENTRAL-01,Apparel,APP-3004,1,11.38,21.52,CUST-00182,Returning,Central,In-store
TXN-004854,2025-12-19,WEST-01,Beauty,BEAU-4003,4,109.58,21.73,CUST-00650,Returning,West,Online
TXN-005339,2025-12-19,EAST-02,Apparel,APP-3004,1,13.21,8.91,CUST-00421,Returning,East,Online
TXN-000053,2025-12-20,SOUTH-02,Apparel,APP-3001,1,21.3,14.76,CUST-00486,Returning,South,In-store
TXN-000855,2025-12-20,NORTH-01,Apparel,APP-3003,5,254.07,13.87,CUST-01066,Returning,North,In-store
TXN-000990,2025-12-20,EAST-01,Electronics,ELEC-1002,1,80.95,9.55,CUST-00726,Returning,East,In-store
TXN-002671,2025-12-20,NORTH-02,Apparel,APP-3003,4,198.92,15.71,CUST-01348,Returning,North,In-store
TXN-002729,2025-12-20,CENTRAL-01,Electronics,ELEC-1003,10,5940.5,0.83,CUST-01733,Returning,Central,In-store
TXN-002840,2025-12-20,WEST-03,Beauty,BEAU-4001,2,20.86,19.7,CUST-00974,Returning,West,In-store
TXN-003460,2025-12-20,SOUTH-02,Sports,SPRT-5003,5,485.4,18.42,CUST-01032,Returning,South,Online
TXN-003955,2025-12-20,SOUTH-02,Sports,SPRT-5004,1,29.5,0.0,CUST-00047,Returning,South,Online
TXN-004414,2025-12-20,NORTH-01,Apparel,APP-3004,1,14.5,0.0,CUST-01753,Returning,North,In-store
TXN-004617,2025-12-20,EAST-02,Apparel,APP-3002,3,96.82,19.3,CUST-00727,Returning,East,In-store
TXN-005160,2025-12-20,SOUTH-01,Beauty,BEAU-4002,3,59.98,11.15,CUST-00288,Returning,South,In-store
TXN-005313,2025-12-20,EAST-03,Beauty,BEAU-4001,2,24.0,7.62,CUST-01219,Returning,East,Online
TXN-001132,2025-12-21,WEST-03,Apparel,APP-3004,2,23.64,18.48,CUST-00457,Returning,West,In-store
TXN-004053,2025-12-21,NORTH-03,Home & Kitchen,HOME-2003,3,332.86,14.32,CUST-01185,Returning,North,In-store
TXN-004126,2025-12-21,SOUTH-03,Home & Kitchen,HOME-2001,3,86.57,17.53,CUST-01441,Returning,South,In-store
TXN-004830,2025-12-21,CENTRAL-01,Electronics,ELEC-1001,3,746.36,0.48,CUST-01439,New,Central,In-store
TXN-004831,2025-12-21,CENTRAL-03,Beauty,BEAU-4003,1,29.35,16.15,CUST-00255,Returning,Central,Online
TXN-005017,2025-12-21,SOUTH-01,Electronics,ELEC-1003,4,2162.77,9.73,CUST-00203,Returning,South,In-store
TXN-005589,2025-12-21,NORTH-02,Apparel,APP-3003,2,104.9,11.1,CUST-01631,Returning,North,Online
TXN-005594,2025-12-21,SOUTH-01,Beauty,BEAU-4003,3,93.18,11.26,CUST-00275,Returning,South,In-store
TXN-002367,2025-12-22,EAST-03,Apparel,APP-3001,4,90.65,9.32,CUST-00993,Returning,East,Online
TXN-003077,2025-12-22,EAST-03,Apparel,APP-3003,6,349.9,1.16,CUST-00233,Returning,East,In-store
TXN-003336,2025-12-22,CENTRAL-02,Home & Kitchen,HOME-2004,5,82.81,17.15,CUST-01606,Returning,Central,In-store
TXN-004048,2025-12-22,NORTH-01,Apparel,APP-3004,2,28.94,0.21,CUST-01224,Returning,North,Online
TXN-005095,2025-12-22,WEST-03,Home & Kitchen,HOME-2002,2,141.31,10.56,CUST-00978,Returning,West,In-store
TXN-005158,2025-12-22,SOUTH-02,Beauty,BEAU-4003,1,31.38,10.33,CUST-00478,New,South,Online
TXN-005281,2025-12-22,NORTH-03,Apparel,APP-3004,2,27.42,5.44,CUST-01105,Returning,North,Online
TXN-004188,2025-12-23,NORTH-01,Apparel,APP-3002,5,199.95,0.0,CUST-00133,Returning,North,In-store
TXN-004551,2025-12-23,EAST-01,Home & Kitchen,HOME-2001,2,65.88,5.86,CUST-00705,Returning,East,Online
TXN-005328,2025-12-23,WEST-03,Sports,SPRT-5004,2,47.25,19.92,CUST-01556,Returning,West,Online
TXN-005548,2025-12-23,NORTH-03,Home & Kitchen,HOME-2003,3,356.23,8.31,CUST-00045,Returning,North,In-store
TXN-005938,2025-12-23,NORTH-03,Beauty,BEAU-4003,2,69.87,0.18,CUST-01282,Returning,North,In-store
TXN-001042,2025-12-24,CENTRAL-03,Apparel,APP-3003,1,45.38,23.08,CUST-00259,Returning,Central,In-store
TXN-001420,2025-12-24,SOUTH-03,Apparel,APP-3002,3,118.63,1.12,CUST-01144,Returning,South,In-store
TXN-001707,2025-12-24,EAST-03,Apparel,APP-3004,1,11.65,19.64,CUST-00949,Returning,East,Online
TXN-001764,2025-12-24,WEST-01,Sports,SPRT-5002,1,76.11,15.42,CUST-01043,Returning,West,Online
TXN-001777,2025-12-24,WEST-02,Beauty,BEAU-4002,10,213.7,5.02,CUST-01314,Returning,West,In-store
TXN-003411,2025-12-24,CENTRAL-02,Sports,SPRT-5003,2,203.0,14.71,CUST-01367,Returning,Central,In-store
TXN-003836,2025-12-24,EAST-01,Home & Kitchen,HOME-2001,2,61.63,11.93,CUST-00760,Returning,East,In-store
TXN-004262,2025-12-24,SOUTH-03,Apparel,APP-3002,4,142.87,10.68,CUST-00029,Returning,South,In-store
TXN-004795,2025-12-24,NORTH-03,Apparel,APP-3003,3,176.73,0.15,CUST-00415,New,North,In-store
TXN-004949,2025-12-24,EAST-03,Apparel,APP-3004,1,11.2,22.78,CUST-01763,Returning,East,In-store
TXN-005587,2025-12-24,EAST-01,Beauty,BEAU-4002,5,78.32,30.38,CUST-00991,Returning,East,In-store
TXN-000207,2025-12-25,SOUTH-02,Electronics,ELEC-1001,5,1249.95,0.0,CUST-00604,Returning,South,In-store
TXN-001397,2025-12-25,EAST-02,Home & Kitchen,HOME-2002,1,76.63,3.0,CUST-01567,Returning,East,In-store
TXN-002508,2025-12-25,NORTH-03,Electronics,ELEC-1001,5,1132.71,9.38,CUST-01381,Returning,North,Online
TXN-003053,2025-12-25,SOUTH-01,Electronics,ELEC-1004,2,79.88,0.13,CUST-01452,Returning,South,Online
TXN-000146,2025-12-26,EAST-01,Beauty,BEAU-4003,2,54.07,22.75,CUST-00970,Returning,East,In-store
TXN-002075,2025-12-26,CENTRAL-03,Apparel,APP-3002,3,95.3,20.56,CUST-00282,Returning,Central,Online
TXN-002814,2025-12-26,WEST-03,Beauty,BEAU-4002,1,21.36,5.08,CUST-01225,Returning,West,In-store
TXN-005046,2025-12-26,NORTH-02,Electronics,ELEC-1004,4,135.54,15.27,CUST-00685,Returning,North,In-store
TXN-000926,2025-12-27,EAST-02,Apparel,APP-3002,1,39.99,0.0,CUST-00457,Returning,East,In-store
TXN-002528,2025-12-27,SOUTH-02,Apparel,APP-3003,1,55.58,5.8,CUST-00237,Returning,South,In-store
TXN-004918,2025-12-27,CENTRAL-03,Apparel,APP-3001,1,24.95,0.18,CUST-00354,Returning,Central,In-store
TXN-005045,2025-12-27,NORTH-01,Electronics,ELEC-1003,1,546.31,8.8,CUST-01536,Returning,North,In-store
TXN-005662,2025-12-27,CENTRAL-03,Electronics,ELEC-1002,5,442.79,1.05,CUST-01175,Returning,Central,Online
TXN-001524,2025-12-28,WEST-03,Apparel,APP-3004,3,38.9,10.56,CUST-01679,Returning,West,In-store
TXN-002468,2025-12-28,SOUTH-03,Apparel,APP-3002,4,159.96,0.0,CUST-00579,Returning,South,In-store
TXN-003192,2025-12-28,NORTH-01,Apparel,APP-3001,2,49.98,0.0,CUST-00887,Returning,North,Online
TXN-003899,2025-12-28,WEST-01,Electronics,ELEC-1003,2,1033.48,13.73,CUST-01627,Returning,West,In-store
TXN-004146,2025-12-28,WEST-02,Electronics,ELEC-1001,2,459.66,8.06,CUST-00967,Returning,West,In-store
TXN-004249,2025-12-28,SOUTH-02,Apparel,APP-3003,4,212.16,10.1,CUST-01516,Returning,South,In-store
TXN-005034,2025-12-28,NORTH-03,Home & Kitchen,HOME-2003,1,129.44,0.04,CUST-00209,Returning,North,Online
TXN-000955,2025-12-29,NORTH-03,Electronics,ELEC-1004,8,271.25,15.21,CUST-01301,Returning,North,Online
TXN-001381,2025-12-29,CENTRAL-03,Home & Kitchen,HOME-2003,1,129.5,0.0,CUST-00305,Returning,Central,In-store
TXN-003843,2025-12-29,SOUTH-01,Home & Kitchen,HOME-2002,3,213.79,9.79,CUST-01625,Returning,South,In-store
TXN-004803,2025-12-29,SOUTH-02,Home & Kitchen,HOME-2004,2,39.98,0.0,CUST-00019,Returning,South,In-store
TXN-001603,2025-12-30,EAST-01,Electronics,ELEC-1002,4,334.8,6.48,CUST-00205,Returning,East,In-store
TXN-001670,2025-12-30,EAST-02,Home & Kitchen,HOME-2003,5,543.82,16.01,CUST-00953,Returning,East,In-store
TXN-002379,2025-12-30,SOUTH-02,Electronics,ELEC-1003,2,1182.31,1.31,CUST-00041,Returning,South,In-store
TXN-003577,2025-12-30,SOUTH-03,Electronics,ELEC-1001,3,676.44,9.8,CUST-00091,Returning,South,Online
TXN-004472,2025-12-30,SOUTH-03,Beauty,BEAU-4003,1,31.81,9.12,CUST-00442,Returning,South,Online
TXN-004626,2025-12-30,WEST-03,Apparel,APP-3002,4,141.25,11.7,CUST-00439,Returning,West,Online
TXN-004639,2025-12-30,WEST-01,Sports,SPRT-5002,6,446.66,17.28,CUST-00785,Returning,West,In-store
TXN-004948,2025-12-30,SOUTH-02,Home & Kitchen,HOME-2002,10,719.11,8.97,CUST-00307,Returning,South,Online
TXN-005121,2025-12-30,EAST-03,Electronics,ELEC-1001,4,796.43,20.35,CUST-01694,Returning,East,In-store
TXN-005647,2025-12-30,SOUTH-02,Home & Kitchen,HOME-2004,1,15.72,21.34,CUST-01566,Returning,South,Online
TXN-000661,2025-12-31,EAST-01,Sports,SPRT-5002,6,513.07,4.98,CUST-01789,Returning,East,Online
TXN-001084,2025-12-31,SOUTH-02,Electronics,ELEC-1002,2,162.12,9.43,CUST-00986,Returning,South,In-store
TXN-002330,2025-12-31,WEST-02,Electronics,ELEC-1002,2,167.81,6.25,CUST-00319,Returning,West,Online
TXN-002643,2025-12-31,EAST-01,Home & Kitchen,HOME-2002,2,158.0,0.0,CUST-00234,Returning,East,In-store
TXN-004100,2025-12-31,WEST-02,Apparel,APP-3004,3,37.31,14.24,CUST-00744,Returning,West,In-store
TXN-004208,2025-12-31,EAST-03,Home & Kitchen,HOME-2002,3,237.0,0.0,CUST-01224,Returning,East,In-store
TXN-004316,2025-12-31,WEST-03,Home & Kitchen,HOME-2003,2,259.0,0.0,CUST-00427,Returning,West,In-store
TXN-004945,2025-12-31,EAST-01,Electronics,ELEC-1001,10,2227.88,10.88,CUST-00007,Returning,East,In-store
TXN-005402,2025-12-31,NORTH-03,Home & Kitchen,HOME-2004,2,35.6,10.96,CUST-01423,Returning,North,In-store
